cma,geography,bedroom_type,measure,survey_year,release_year,value,quality,status,source_table,source_file,geography_level
Montréal,Zone 5 - Ct-des-Neiges/Mt-Royal/Outremont,studio,vacancy_rate_pct,2018,2019,2.8,b,ok,1.1.1,rmr-montreal-2019-en.xlsx,zone
Montréal,Zone 14 - Dorval/Lachine/Saint-Pierre,studio,vacancy_rate_pct,2018,2019,,,suppressed,1.1.1,rmr-montreal-2019-en.xlsx,zone
Montréal,Zone 15 - Baie-d'Urfé/Beaconsfield etc.,studio,vacancy_rate_pct,2018,2019,2.8,c,ok,1.1.1,rmr-montreal-2019-en.xlsx,zone
Montréal,Montréal Island (Zones 1-18),studio,vacancy_rate_pct,2018,2019,3.1,c,ok,1.1.1,rmr-montreal-2019-en.xlsx,submarket
Montréal,Laval (Zones 19-24),studio,vacancy_rate_pct,2018,2019,2.7,c,ok,1.1.1,rmr-montreal-2019-en.xlsx,submarket
Montréal,Montréal CMA,studio,vacancy_rate_pct,2018,2019,3.1,c,ok,1.1.1,rmr-montreal-2019-en.xlsx,cma
Montréal,Zone 5 - Ct-des-Neiges/Mt-Royal/Outremont,studio,vacancy_rate_pct,2019,2019,2.2,b,ok,1.1.1,rmr-montreal-2019-en.xlsx,zone
Montréal,Zone 14 - Dorval/Lachine/Saint-Pierre,studio,vacancy_rate_pct,2019,2019,3.1,d,ok,1.1.1,rmr-montreal-2019-en.xlsx,zone
Montréal,Zone 15 - Baie-d'Urfé/Beaconsfield etc.,studio,vacancy_rate_pct,2019,2019,2.4,c,ok,1.1.1,rmr-montreal-2019-en.xlsx,zone
Montréal,Montréal Island (Zones 1-18),studio,vacancy_rate_pct,2019,2019,3.3,d,ok,1.1.1,rmr-montreal-2019-en.xlsx,submarket
Montréal,Laval (Zones 19-24),studio,vacancy_rate_pct,2019,2019,,,suppressed,1.1.1,rmr-montreal-2019-en.xlsx,submarket
Montréal,Montréal CMA,studio,vacancy_rate_pct,2019,2019,3.2,d,ok,1.1.1,rmr-montreal-2019-en.xlsx,cma
Montréal,Zone 5 - Ct-des-Neiges/Mt-Royal/Outremont,1,vacancy_rate_pct,2018,2019,2.2,c,ok,1.1.1,rmr-montreal-2019-en.xlsx,zone
Montréal,Zone 14 - Dorval/Lachine/Saint-Pierre,1,vacancy_rate_pct,2018,2019,3.9,c,ok,1.1.1,rmr-montreal-2019-en.xlsx,zone
Montréal,Zone 15 - Baie-d'Urfé/Beaconsfield etc.,1,vacancy_rate_pct,2018,2019,1.5,b,ok,1.1.1,rmr-montreal-2019-en.xlsx,zone
Montréal,Montréal Island (Zones 1-18),1,vacancy_rate_pct,2018,2019,2.1,b,ok,1.1.1,rmr-montreal-2019-en.xlsx,submarket
Montréal,Laval (Zones 19-24),1,vacancy_rate_pct,2018,2019,4.4,d,ok,1.1.1,rmr-montreal-2019-en.xlsx,submarket
Montréal,Montréal CMA,1,vacancy_rate_pct,2018,2019,2.1,b,ok,1.1.1,rmr-montreal-2019-en.xlsx,cma
Montréal,Zone 5 - Ct-des-Neiges/Mt-Royal/Outremont,1,vacancy_rate_pct,2019,2019,1.6,a,ok,1.1.1,rmr-montreal-2019-en.xlsx,zone
Montréal,Zone 14 - Dorval/Lachine/Saint-Pierre,1,vacancy_rate_pct,2019,2019,4.4,d,ok,1.1.1,rmr-montreal-2019-en.xlsx,zone
Montréal,Zone 15 - Baie-d'Urfé/Beaconsfield etc.,1,vacancy_rate_pct,2019,2019,,,suppressed,1.1.1,rmr-montreal-2019-en.xlsx,zone
Montréal,Montréal Island (Zones 1-18),1,vacancy_rate_pct,2019,2019,1.5,b,ok,1.1.1,rmr-montreal-2019-en.xlsx,submarket
Montréal,Laval (Zones 19-24),1,vacancy_rate_pct,2019,2019,3.3,c,ok,1.1.1,rmr-montreal-2019-en.xlsx,submarket
Montréal,Montréal CMA,1,vacancy_rate_pct,2019,2019,1.6,a,ok,1.1.1,rmr-montreal-2019-en.xlsx,cma
Montréal,Zone 5 - Ct-des-Neiges/Mt-Royal/Outremont,2,vacancy_rate_pct,2018,2019,1.9,c,ok,1.1.1,rmr-montreal-2019-en.xlsx,zone
Montréal,Zone 14 - Dorval/Lachine/Saint-Pierre,2,vacancy_rate_pct,2018,2019,3.1,d,ok,1.1.1,rmr-montreal-2019-en.xlsx,zone
Montréal,Zone 15 - Baie-d'Urfé/Beaconsfield etc.,2,vacancy_rate_pct,2018,2019,1.2,a,ok,1.1.1,rmr-montreal-2019-en.xlsx,zone
Montréal,Montréal Island (Zones 1-18),2,vacancy_rate_pct,2018,2019,2.0,b,ok,1.1.1,rmr-montreal-2019-en.xlsx,submarket
Montréal,Laval (Zones 19-24),2,vacancy_rate_pct,2018,2019,1.3,a,ok,1.1.1,rmr-montreal-2019-en.xlsx,submarket
Montréal,Montréal CMA,2,vacancy_rate_pct,2018,2019,1.9,a,ok,1.1.1,rmr-montreal-2019-en.xlsx,cma
Montréal,Zone 5 - Ct-des-Neiges/Mt-Royal/Outremont,2,vacancy_rate_pct,2019,2019,,,suppressed,1.1.1,rmr-montreal-2019-en.xlsx,zone
Montréal,Zone 14 - Dorval/Lachine/Saint-Pierre,2,vacancy_rate_pct,2019,2019,1.8,c,ok,1.1.1,rmr-montreal-2019-en.xlsx,zone
Montréal,Zone 15 - Baie-d'Urfé/Beaconsfield etc.,2,vacancy_rate_pct,2019,2019,0.9,d,ok,1.1.1,rmr-montreal-2019-en.xlsx,zone
Montréal,Montréal Island (Zones 1-18),2,vacancy_rate_pct,2019,2019,1.5,b,ok,1.1.1,rmr-montreal-2019-en.xlsx,submarket
Montréal,Laval (Zones 19-24),2,vacancy_rate_pct,2019,2019,1.0,d,ok,1.1.1,rmr-montreal-2019-en.xlsx,submarket
Montréal,Montréal CMA,2,vacancy_rate_pct,2019,2019,1.4,a,ok,1.1.1,rmr-montreal-2019-en.xlsx,cma
Montréal,Zone 5 - Ct-des-Neiges/Mt-Royal/Outremont,3+,vacancy_rate_pct,2018,2019,1.1,a,ok,1.1.1,rmr-montreal-2019-en.xlsx,zone
Montréal,Zone 14 - Dorval/Lachine/Saint-Pierre,3+,vacancy_rate_pct,2018,2019,,,suppressed,1.1.1,rmr-montreal-2019-en.xlsx,zone
Montréal,Zone 15 - Baie-d'Urfé/Beaconsfield etc.,3+,vacancy_rate_pct,2018,2019,1.9,c,ok,1.1.1,rmr-montreal-2019-en.xlsx,zone
Montréal,Montréal Island (Zones 1-18),3+,vacancy_rate_pct,2018,2019,0.8,a,ok,1.1.1,rmr-montreal-2019-en.xlsx,submarket
Montréal,Laval (Zones 19-24),3+,vacancy_rate_pct,2018,2019,0.7,a,ok,1.1.1,rmr-montreal-2019-en.xlsx,submarket
Montréal,Montréal CMA,3+,vacancy_rate_pct,2018,2019,0.8,a,ok,1.1.1,rmr-montreal-2019-en.xlsx,cma
Montréal,Zone 5 - Ct-des-Neiges/Mt-Royal/Outremont,3+,vacancy_rate_pct,2019,2019,1.0,a,ok,1.1.1,rmr-montreal-2019-en.xlsx,zone
Montréal,Zone 14 - Dorval/Lachine/Saint-Pierre,3+,vacancy_rate_pct,2019,2019,,,suppressed,1.1.1,rmr-montreal-2019-en.xlsx,zone
Montréal,Zone 15 - Baie-d'Urfé/Beaconsfield etc.,3+,vacancy_rate_pct,2019,2019,1.5,a,ok,1.1.1,rmr-montreal-2019-en.xlsx,zone
Montréal,Montréal Island (Zones 1-18),3+,vacancy_rate_pct,2019,2019,0.8,a,ok,1.1.1,rmr-montreal-2019-en.xlsx,submarket
Montréal,Laval (Zones 19-24),3+,vacancy_rate_pct,2019,2019,0.7,b,ok,1.1.1,rmr-montreal-2019-en.xlsx,submarket
Montréal,Montréal CMA,3+,vacancy_rate_pct,2019,2019,0.7,a,ok,1.1.1,rmr-montreal-2019-en.xlsx,cma
Montréal,Zone 5 - Ct-des-Neiges/Mt-Royal/Outremont,total,vacancy_rate_pct,2018,2019,2.0,b,ok,1.1.1,rmr-montreal-2019-en.xlsx,zone
Montréal,Zone 14 - Dorval/Lachine/Saint-Pierre,total,vacancy_rate_pct,2018,2019,3.7,c,ok,1.1.1,rmr-montreal-2019-en.xlsx,zone
Montréal,Zone 15 - Baie-d'Urfé/Beaconsfield etc.,total,vacancy_rate_pct,2018,2019,1.5,a,ok,1.1.1,rmr-montreal-2019-en.xlsx,zone
Montréal,Montréal Island (Zones 1-18),total,vacancy_rate_pct,2018,2019,2.0,a,ok,1.1.1,rmr-montreal-2019-en.xlsx,submarket
Montréal,Laval (Zones 19-24),total,vacancy_rate_pct,2018,2019,1.9,c,ok,1.1.1,rmr-montreal-2019-en.xlsx,submarket
Montréal,Montréal CMA,total,vacancy_rate_pct,2018,2019,1.9,a,ok,1.1.1,rmr-montreal-2019-en.xlsx,cma
Montréal,Zone 5 - Ct-des-Neiges/Mt-Royal/Outremont,total,vacancy_rate_pct,2019,2019,1.7,b,ok,1.1.1,rmr-montreal-2019-en.xlsx,zone
Montréal,Zone 14 - Dorval/Lachine/Saint-Pierre,total,vacancy_rate_pct,2019,2019,2.7,b,ok,1.1.1,rmr-montreal-2019-en.xlsx,zone
Montréal,Zone 15 - Baie-d'Urfé/Beaconsfield etc.,total,vacancy_rate_pct,2019,2019,1.3,d,ok,1.1.1,rmr-montreal-2019-en.xlsx,zone
Montréal,Montréal Island (Zones 1-18),total,vacancy_rate_pct,2019,2019,1.6,a,ok,1.1.1,rmr-montreal-2019-en.xlsx,submarket
Montréal,Laval (Zones 19-24),total,vacancy_rate_pct,2019,2019,1.5,a,ok,1.1.1,rmr-montreal-2019-en.xlsx,submarket
Montréal,Montréal CMA,total,vacancy_rate_pct,2019,2019,1.5,a,ok,1.1.1,rmr-montreal-2019-en.xlsx,cma
Montréal,Zone 5 - Ct-des-Neiges/Mt-Royal/Outremont,studio,average_rent,2018,2019,603.0,a,ok,1.1.2,rmr-montreal-2019-en.xlsx,zone
Montréal,Zone 14 - Dorval/Lachine/Saint-Pierre,studio,average_rent,2018,2019,553.0,a,ok,1.1.2,rmr-montreal-2019-en.xlsx,zone
Montréal,Zone 15 - Baie-d'Urfé/Beaconsfield etc.,studio,average_rent,2018,2019,652.0,b,ok,1.1.2,rmr-montreal-2019-en.xlsx,zone
Montréal,Montréal Island (Zones 1-18),studio,average_rent,2018,2019,649.0,a,ok,1.1.2,rmr-montreal-2019-en.xlsx,submarket
Montréal,Laval (Zones 19-24),studio,average_rent,2018,2019,631.0,a,ok,1.1.2,rmr-montreal-2019-en.xlsx,submarket
Montréal,Montréal CMA,studio,average_rent,2018,2019,641.0,a,ok,1.1.2,rmr-montreal-2019-en.xlsx,cma
Montréal,Zone 5 - Ct-des-Neiges/Mt-Royal/Outremont,studio,average_rent,2019,2019,619.0,a,ok,1.1.2,rmr-montreal-2019-en.xlsx,zone
Montréal,Zone 14 - Dorval/Lachine/Saint-Pierre,studio,average_rent,2019,2019,584.0,a,ok,1.1.2,rmr-montreal-2019-en.xlsx,zone
Montréal,Zone 15 - Baie-d'Urfé/Beaconsfield etc.,studio,average_rent,2019,2019,685.0,a,ok,1.1.2,rmr-montreal-2019-en.xlsx,zone
Montréal,Montréal Island (Zones 1-18),studio,average_rent,2019,2019,660.0,a,ok,1.1.2,rmr-montreal-2019-en.xlsx,submarket
Montréal,Laval (Zones 19-24),studio,average_rent,2019,2019,631.0,a,ok,1.1.2,rmr-montreal-2019-en.xlsx,submarket
Montréal,Montréal CMA,studio,average_rent,2019,2019,655.0,a,ok,1.1.2,rmr-montreal-2019-en.xlsx,cma
Montréal,Zone 5 - Ct-des-Neiges/Mt-Royal/Outremont,1,average_rent,2018,2019,777.0,a,ok,1.1.2,rmr-montreal-2019-en.xlsx,zone
Montréal,Zone 14 - Dorval/Lachine/Saint-Pierre,1,average_rent,2018,2019,663.0,a,ok,1.1.2,rmr-montreal-2019-en.xlsx,zone
Montréal,Zone 15 - Baie-d'Urfé/Beaconsfield etc.,1,average_rent,2018,2019,975.0,a,ok,1.1.2,rmr-montreal-2019-en.xlsx,zone
Montréal,Montréal Island (Zones 1-18),1,average_rent,2018,2019,729.0,a,ok,1.1.2,rmr-montreal-2019-en.xlsx,submarket
Montréal,Laval (Zones 19-24),1,average_rent,2018,2019,712.0,a,ok,1.1.2,rmr-montreal-2019-en.xlsx,submarket
Montréal,Montréal CMA,1,average_rent,2018,2019,720.0,a,ok,1.1.2,rmr-montreal-2019-en.xlsx,cma
Montréal,Zone 5 - Ct-des-Neiges/Mt-Royal/Outremont,1,average_rent,2019,2019,806.0,a,ok,1.1.2,rmr-montreal-2019-en.xlsx,zone
Montréal,Zone 14 - Dorval/Lachine/Saint-Pierre,1,average_rent,2019,2019,688.0,a,ok,1.1.2,rmr-montreal-2019-en.xlsx,zone
Montréal,Zone 15 - Baie-d'Urfé/Beaconsfield etc.,1,average_rent,2019,2019,1012.0,b,ok,1.1.2,rmr-montreal-2019-en.xlsx,zone
Montréal,Montréal Island (Zones 1-18),1,average_rent,2019,2019,761.0,a,ok,1.1.2,rmr-montreal-2019-en.xlsx,submarket
Montréal,Laval (Zones 19-24),1,average_rent,2019,2019,752.0,a,ok,1.1.2,rmr-montreal-2019-en.xlsx,submarket
Montréal,Montréal CMA,1,average_rent,2019,2019,754.0,a,ok,1.1.2,rmr-montreal-2019-en.xlsx,cma
Montréal,Zone 5 - Ct-des-Neiges/Mt-Royal/Outremont,2,average_rent,2018,2019,989.0,a,ok,1.1.2,rmr-montreal-2019-en.xlsx,zone
Montréal,Zone 14 - Dorval/Lachine/Saint-Pierre,2,average_rent,2018,2019,751.0,a,ok,1.1.2,rmr-montreal-2019-en.xlsx,zone
Montréal,Zone 15 - Baie-d'Urfé/Beaconsfield etc.,2,average_rent,2018,2019,1097.0,b,ok,1.1.2,rmr-montreal-2019-en.xlsx,zone
Montréal,Montréal Island (Zones 1-18),2,average_rent,2018,2019,826.0,a,ok,1.1.2,rmr-montreal-2019-en.xlsx,submarket
Montréal,Laval (Zones 19-24),2,average_rent,2018,2019,788.0,a,ok,1.1.2,rmr-montreal-2019-en.xlsx,submarket
Montréal,Montréal CMA,2,average_rent,2018,2019,809.0,a,ok,1.1.2,rmr-montreal-2019-en.xlsx,cma
Montréal,Zone 5 - Ct-des-Neiges/Mt-Royal/Outremont,2,average_rent,2019,2019,1043.0,a,ok,1.1.2,rmr-montreal-2019-en.xlsx,zone
Montréal,Zone 14 - Dorval/Lachine/Saint-Pierre,2,average_rent,2019,2019,787.0,a,ok,1.1.2,rmr-montreal-2019-en.xlsx,zone
Montréal,Zone 15 - Baie-d'Urfé/Beaconsfield etc.,2,average_rent,2019,2019,1203.0,b,ok,1.1.2,rmr-montreal-2019-en.xlsx,zone
Montréal,Montréal Island (Zones 1-18),2,average_rent,2019,2019,867.0,a,ok,1.1.2,rmr-montreal-2019-en.xlsx,submarket
Montréal,Laval (Zones 19-24),2,average_rent,2019,2019,835.0,b,ok,1.1.2,rmr-montreal-2019-en.xlsx,submarket
Montréal,Montréal CMA,2,average_rent,2019,2019,855.0,a,ok,1.1.2,rmr-montreal-2019-en.xlsx,cma
Montréal,Zone 5 - Ct-des-Neiges/Mt-Royal/Outremont,3+,average_rent,2018,2019,1281.0,c,ok,1.1.2,rmr-montreal-2019-en.xlsx,zone
Montréal,Zone 14 - Dorval/Lachine/Saint-Pierre,3+,average_rent,2018,2019,925.0,b,ok,1.1.2,rmr-montreal-2019-en.xlsx,zone
Montréal,Zone 15 - Baie-d'Urfé/Beaconsfield etc.,3+,average_rent,2018,2019,1175.0,c,ok,1.1.2,rmr-montreal-2019-en.xlsx,zone
Montréal,Montréal Island (Zones 1-18),3+,average_rent,2018,2019,1077.0,a,ok,1.1.2,rmr-montreal-2019-en.xlsx,submarket
Montréal,Laval (Zones 19-24),3+,average_rent,2018,2019,954.0,a,ok,1.1.2,rmr-montreal-2019-en.xlsx,submarket
Montréal,Montréal CMA,3+,average_rent,2018,2019,1007.0,a,ok,1.1.2,rmr-montreal-2019-en.xlsx,cma
Montréal,Zone 5 - Ct-des-Neiges/Mt-Royal/Outremont,3+,average_rent,2019,2019,1350.0,b,ok,1.1.2,rmr-montreal-2019-en.xlsx,zone
Montréal,Zone 14 - Dorval/Lachine/Saint-Pierre,3+,average_rent,2019,2019,967.0,b,ok,1.1.2,rmr-montreal-2019-en.xlsx,zone
Montréal,Zone 15 - Baie-d'Urfé/Beaconsfield etc.,3+,average_rent,2019,2019,1295.0,d,ok,1.1.2,rmr-montreal-2019-en.xlsx,zone
Montréal,Montréal Island (Zones 1-18),3+,average_rent,2019,2019,1129.0,a,ok,1.1.2,rmr-montreal-2019-en.xlsx,submarket
Montréal,Laval (Zones 19-24),3+,average_rent,2019,2019,970.0,a,ok,1.1.2,rmr-montreal-2019-en.xlsx,submarket
Montréal,Montréal CMA,3+,average_rent,2019,2019,1070.0,a,ok,1.1.2,rmr-montreal-2019-en.xlsx,cma
Montréal,Zone 5 - Ct-des-Neiges/Mt-Royal/Outremont,total,average_rent,2018,2019,888.0,a,ok,1.1.2,rmr-montreal-2019-en.xlsx,zone
Montréal,Zone 14 - Dorval/Lachine/Saint-Pierre,total,average_rent,2018,2019,737.0,a,ok,1.1.2,rmr-montreal-2019-en.xlsx,zone
Montréal,Zone 15 - Baie-d'Urfé/Beaconsfield etc.,total,average_rent,2018,2019,1036.0,a,ok,1.1.2,rmr-montreal-2019-en.xlsx,zone
Montréal,Montréal Island (Zones 1-18),total,average_rent,2018,2019,807.0,a,ok,1.1.2,rmr-montreal-2019-en.xlsx,submarket
Montréal,Laval (Zones 19-24),total,average_rent,2018,2019,789.0,a,ok,1.1.2,rmr-montreal-2019-en.xlsx,submarket
Montréal,Montréal CMA,total,average_rent,2018,2019,796.0,a,ok,1.1.2,rmr-montreal-2019-en.xlsx,cma
Montréal,Zone 5 - Ct-des-Neiges/Mt-Royal/Outremont,total,average_rent,2019,2019,930.0,a,ok,1.1.2,rmr-montreal-2019-en.xlsx,zone
Montréal,Zone 14 - Dorval/Lachine/Saint-Pierre,total,average_rent,2019,2019,772.0,a,ok,1.1.2,rmr-montreal-2019-en.xlsx,zone
Montréal,Zone 15 - Baie-d'Urfé/Beaconsfield etc.,total,average_rent,2019,2019,1123.0,b,ok,1.1.2,rmr-montreal-2019-en.xlsx,zone
Montréal,Montréal Island (Zones 1-18),total,average_rent,2019,2019,846.0,a,ok,1.1.2,rmr-montreal-2019-en.xlsx,submarket
Montréal,Laval (Zones 19-24),total,average_rent,2019,2019,831.0,b,ok,1.1.2,rmr-montreal-2019-en.xlsx,submarket
Montréal,Montréal CMA,total,average_rent,2019,2019,841.0,a,ok,1.1.2,rmr-montreal-2019-en.xlsx,cma
Montréal,Zone 5 - Ct-des-Neiges/Mt-Royal/Outremont,studio,fixed_sample_rent_change_pct,2018,2019,3.4,d,ok,1.1.5,rmr-montreal-2019-en.xlsx,zone
Montréal,Zone 14 - Dorval/Lachine/Saint-Pierre,studio,fixed_sample_rent_change_pct,2018,2019,5.0,d,ok,1.1.5,rmr-montreal-2019-en.xlsx,zone
Montréal,Zone 15 - Baie-d'Urfé/Beaconsfield etc.,studio,fixed_sample_rent_change_pct,2018,2019,3.3,d,ok,1.1.5,rmr-montreal-2019-en.xlsx,zone
Montréal,Montréal Island (Zones 1-18),studio,fixed_sample_rent_change_pct,2018,2019,3.8,b,ok,1.1.5,rmr-montreal-2019-en.xlsx,submarket
Montréal,Laval (Zones 19-24),studio,fixed_sample_rent_change_pct,2018,2019,2.4,c,ok,1.1.5,rmr-montreal-2019-en.xlsx,submarket
Montréal,Montréal CMA,studio,fixed_sample_rent_change_pct,2018,2019,3.6,a,ok,1.1.5,rmr-montreal-2019-en.xlsx,cma
Montréal,Zone 5 - Ct-des-Neiges/Mt-Royal/Outremont,studio,fixed_sample_rent_change_pct,2019,2019,3.4,d,ok,1.1.5,rmr-montreal-2019-en.xlsx,zone
Montréal,Zone 14 - Dorval/Lachine/Saint-Pierre,studio,fixed_sample_rent_change_pct,2019,2019,,,suppressed,1.1.5,rmr-montreal-2019-en.xlsx,zone
Montréal,Zone 15 - Baie-d'Urfé/Beaconsfield etc.,studio,fixed_sample_rent_change_pct,2019,2019,3.8,d,ok,1.1.5,rmr-montreal-2019-en.xlsx,zone
Montréal,Montréal Island (Zones 1-18),studio,fixed_sample_rent_change_pct,2019,2019,4.3,b,ok,1.1.5,rmr-montreal-2019-en.xlsx,submarket
Montréal,Laval (Zones 19-24),studio,fixed_sample_rent_change_pct,2019,2019,1.9,c,ok,1.1.5,rmr-montreal-2019-en.xlsx,submarket
Montréal,Montréal CMA,studio,fixed_sample_rent_change_pct,2019,2019,4.1,b,ok,1.1.5,rmr-montreal-2019-en.xlsx,cma
Montréal,Zone 5 - Ct-des-Neiges/Mt-Royal/Outremont,1,fixed_sample_rent_change_pct,2018,2019,2.2,c,ok,1.1.5,rmr-montreal-2019-en.xlsx,zone
Montréal,Zone 14 - Dorval/Lachine/Saint-Pierre,1,fixed_sample_rent_change_pct,2018,2019,1.6,c,ok,1.1.5,rmr-montreal-2019-en.xlsx,zone
Montréal,Zone 15 - Baie-d'Urfé/Beaconsfield etc.,1,fixed_sample_rent_change_pct,2018,2019,2.9,a,ok,1.1.5,rmr-montreal-2019-en.xlsx,zone
Montréal,Montréal Island (Zones 1-18),1,fixed_sample_rent_change_pct,2018,2019,2.2,a,ok,1.1.5,rmr-montreal-2019-en.xlsx,submarket
Montréal,Laval (Zones 19-24),1,fixed_sample_rent_change_pct,2018,2019,2.0,b,ok,1.1.5,rmr-montreal-2019-en.xlsx,submarket
Montréal,Montréal CMA,1,fixed_sample_rent_change_pct,2018,2019,2.1,a,ok,1.1.5,rmr-montreal-2019-en.xlsx,cma
Montréal,Zone 5 - Ct-des-Neiges/Mt-Royal/Outremont,1,fixed_sample_rent_change_pct,2019,2019,3.5,c,ok,1.1.5,rmr-montreal-2019-en.xlsx,zone
Montréal,Zone 14 - Dorval/Lachine/Saint-Pierre,1,fixed_sample_rent_change_pct,2019,2019,2.9,c,ok,1.1.5,rmr-montreal-2019-en.xlsx,zone
Montréal,Zone 15 - Baie-d'Urfé/Beaconsfield etc.,1,fixed_sample_rent_change_pct,2019,2019,,,not_significant,1.1.5,rmr-montreal-2019-en.xlsx,zone
Montréal,Montréal Island (Zones 1-18),1,fixed_sample_rent_change_pct,2019,2019,4.0,b,ok,1.1.5,rmr-montreal-2019-en.xlsx,submarket
Montréal,Laval (Zones 19-24),1,fixed_sample_rent_change_pct,2019,2019,2.7,a,ok,1.1.5,rmr-montreal-2019-en.xlsx,submarket
Montréal,Montréal CMA,1,fixed_sample_rent_change_pct,2019,2019,3.7,a,ok,1.1.5,rmr-montreal-2019-en.xlsx,cma
Montréal,Zone 5 - Ct-des-Neiges/Mt-Royal/Outremont,2,fixed_sample_rent_change_pct,2018,2019,2.2,c,ok,1.1.5,rmr-montreal-2019-en.xlsx,zone
Montréal,Zone 14 - Dorval/Lachine/Saint-Pierre,2,fixed_sample_rent_change_pct,2018,2019,1.6,c,ok,1.1.5,rmr-montreal-2019-en.xlsx,zone
Montréal,Zone 15 - Baie-d'Urfé/Beaconsfield etc.,2,fixed_sample_rent_change_pct,2018,2019,2.1,b,ok,1.1.5,rmr-montreal-2019-en.xlsx,zone
Montréal,Montréal Island (Zones 1-18),2,fixed_sample_rent_change_pct,2018,2019,3.1,b,ok,1.1.5,rmr-montreal-2019-en.xlsx,submarket
Montréal,Laval (Zones 19-24),2,fixed_sample_rent_change_pct,2018,2019,1.5,b,ok,1.1.5,rmr-montreal-2019-en.xlsx,submarket
Montréal,Montréal CMA,2,fixed_sample_rent_change_pct,2018,2019,2.8,a,ok,1.1.5,rmr-montreal-2019-en.xlsx,cma
Montréal,Zone 5 - Ct-des-Neiges/Mt-Royal/Outremont,2,fixed_sample_rent_change_pct,2019,2019,3.1,c,ok,1.1.5,rmr-montreal-2019-en.xlsx,zone
Montréal,Zone 14 - Dorval/Lachine/Saint-Pierre,2,fixed_sample_rent_change_pct,2019,2019,2.2,c,ok,1.1.5,rmr-montreal-2019-en.xlsx,zone
Montréal,Zone 15 - Baie-d'Urfé/Beaconsfield etc.,2,fixed_sample_rent_change_pct,2019,2019,2.5,c,ok,1.1.5,rmr-montreal-2019-en.xlsx,zone
Montréal,Montréal Island (Zones 1-18),2,fixed_sample_rent_change_pct,2019,2019,3.6,b,ok,1.1.5,rmr-montreal-2019-en.xlsx,submarket
Montréal,Laval (Zones 19-24),2,fixed_sample_rent_change_pct,2019,2019,2.4,a,ok,1.1.5,rmr-montreal-2019-en.xlsx,submarket
Montréal,Montréal CMA,2,fixed_sample_rent_change_pct,2019,2019,3.4,a,ok,1.1.5,rmr-montreal-2019-en.xlsx,cma
Montréal,Zone 5 - Ct-des-Neiges/Mt-Royal/Outremont,3+,fixed_sample_rent_change_pct,2018,2019,3.2,d,ok,1.1.5,rmr-montreal-2019-en.xlsx,zone
Montréal,Zone 14 - Dorval/Lachine/Saint-Pierre,3+,fixed_sample_rent_change_pct,2018,2019,,,suppressed,1.1.5,rmr-montreal-2019-en.xlsx,zone
Montréal,Zone 15 - Baie-d'Urfé/Beaconsfield etc.,3+,fixed_sample_rent_change_pct,2018,2019,,,suppressed,1.1.5,rmr-montreal-2019-en.xlsx,zone
Montréal,Montréal Island (Zones 1-18),3+,fixed_sample_rent_change_pct,2018,2019,2.6,b,ok,1.1.5,rmr-montreal-2019-en.xlsx,submarket
Montréal,Laval (Zones 19-24),3+,fixed_sample_rent_change_pct,2018,2019,2.6,b,ok,1.1.5,rmr-montreal-2019-en.xlsx,submarket
Montréal,Montréal CMA,3+,fixed_sample_rent_change_pct,2018,2019,2.3,b,ok,1.1.5,rmr-montreal-2019-en.xlsx,cma
Montréal,Zone 5 - Ct-des-Neiges/Mt-Royal/Outremont,3+,fixed_sample_rent_change_pct,2019,2019,3.1,d,ok,1.1.5,rmr-montreal-2019-en.xlsx,zone
Montréal,Zone 14 - Dorval/Lachine/Saint-Pierre,3+,fixed_sample_rent_change_pct,2019,2019,3.6,d,ok,1.1.5,rmr-montreal-2019-en.xlsx,zone
Montréal,Zone 15 - Baie-d'Urfé/Beaconsfield etc.,3+,fixed_sample_rent_change_pct,2019,2019,,,not_significant,1.1.5,rmr-montreal-2019-en.xlsx,zone
Montréal,Montréal Island (Zones 1-18),3+,fixed_sample_rent_change_pct,2019,2019,3.4,c,ok,1.1.5,rmr-montreal-2019-en.xlsx,submarket
Montréal,Laval (Zones 19-24),3+,fixed_sample_rent_change_pct,2019,2019,2.0,c,ok,1.1.5,rmr-montreal-2019-en.xlsx,submarket
Montréal,Montréal CMA,3+,fixed_sample_rent_change_pct,2019,2019,3.1,b,ok,1.1.5,rmr-montreal-2019-en.xlsx,cma
Montréal,Zone 5 - Ct-des-Neiges/Mt-Royal/Outremont,total,fixed_sample_rent_change_pct,2018,2019,2.5,c,ok,1.1.5,rmr-montreal-2019-en.xlsx,zone
Montréal,Zone 14 - Dorval/Lachine/Saint-Pierre,total,fixed_sample_rent_change_pct,2018,2019,2.5,c,ok,1.1.5,rmr-montreal-2019-en.xlsx,zone
Montréal,Zone 15 - Baie-d'Urfé/Beaconsfield etc.,total,fixed_sample_rent_change_pct,2018,2019,2.5,a,ok,1.1.5,rmr-montreal-2019-en.xlsx,zone
Montréal,Montréal Island (Zones 1-18),total,fixed_sample_rent_change_pct,2018,2019,2.6,a,ok,1.1.5,rmr-montreal-2019-en.xlsx,submarket
Montréal,Laval (Zones 19-24),total,fixed_sample_rent_change_pct,2018,2019,1.9,b,ok,1.1.5,rmr-montreal-2019-en.xlsx,submarket
Montréal,Montréal CMA,total,fixed_sample_rent_change_pct,2018,2019,2.5,a,ok,1.1.5,rmr-montreal-2019-en.xlsx,cma
Montréal,Zone 5 - Ct-des-Neiges/Mt-Royal/Outremont,total,fixed_sample_rent_change_pct,2019,2019,3.3,c,ok,1.1.5,rmr-montreal-2019-en.xlsx,zone
Montréal,Zone 14 - Dorval/Lachine/Saint-Pierre,total,fixed_sample_rent_change_pct,2019,2019,2.3,c,ok,1.1.5,rmr-montreal-2019-en.xlsx,zone
Montréal,Zone 15 - Baie-d'Urfé/Beaconsfield etc.,total,fixed_sample_rent_change_pct,2019,2019,1.6,c,ok,1.1.5,rmr-montreal-2019-en.xlsx,zone
Montréal,Montréal Island (Zones 1-18),total,fixed_sample_rent_change_pct,2019,2019,3.9,a,ok,1.1.5,rmr-montreal-2019-en.xlsx,submarket
Montréal,Laval (Zones 19-24),total,fixed_sample_rent_change_pct,2019,2019,2.4,a,ok,1.1.5,rmr-montreal-2019-en.xlsx,submarket
Montréal,Montréal CMA,total,fixed_sample_rent_change_pct,2019,2019,3.6,a,ok,1.1.5,rmr-montreal-2019-en.xlsx,cma
Montréal,Zone 5 - Ct-des-Neiges/Mt-Royal/Outremont,studio,turnover_rate_pct,2018,2019,23.8,d,ok,1.1.6,rmr-montreal-2019-en.xlsx,zone
Montréal,Zone 14 - Dorval/Lachine/Saint-Pierre,studio,turnover_rate_pct,2018,2019,14.7,d,ok,1.1.6,rmr-montreal-2019-en.xlsx,zone
Montréal,Zone 15 - Baie-d'Urfé/Beaconsfield etc.,studio,turnover_rate_pct,2018,2019,28.9,a,ok,1.1.6,rmr-montreal-2019-en.xlsx,zone
Montréal,Montréal Island (Zones 1-18),studio,turnover_rate_pct,2018,2019,22.2,a,ok,1.1.6,rmr-montreal-2019-en.xlsx,submarket
Montréal,Laval (Zones 19-24),studio,turnover_rate_pct,2018,2019,,,suppressed,1.1.6,rmr-montreal-2019-en.xlsx,submarket
Montréal,Montréal CMA,studio,turnover_rate_pct,2018,2019,22.3,a,ok,1.1.6,rmr-montreal-2019-en.xlsx,cma
Montréal,Zone 5 - Ct-des-Neiges/Mt-Royal/Outremont,studio,turnover_rate_pct,2019,2019,22.2,d,ok,1.1.6,rmr-montreal-2019-en.xlsx,zone
Montréal,Zone 14 - Dorval/Lachine/Saint-Pierre,studio,turnover_rate_pct,2019,2019,11.4,d,ok,1.1.6,rmr-montreal-2019-en.xlsx,zone
Montréal,Zone 15 - Baie-d'Urfé/Beaconsfield etc.,studio,turnover_rate_pct,2019,2019,22.5,a,ok,1.1.6,rmr-montreal-2019-en.xlsx,zone
Montréal,Montréal Island (Zones 1-18),studio,turnover_rate_pct,2019,2019,20.1,a,ok,1.1.6,rmr-montreal-2019-en.xlsx,submarket
Montréal,Laval (Zones 19-24),studio,turnover_rate_pct,2019,2019,,,suppressed,1.1.6,rmr-montreal-2019-en.xlsx,submarket
Montréal,Montréal CMA,studio,turnover_rate_pct,2019,2019,19.9,a,ok,1.1.6,rmr-montreal-2019-en.xlsx,cma
Montréal,Zone 5 - Ct-des-Neiges/Mt-Royal/Outremont,1,turnover_rate_pct,2018,2019,21.4,d,ok,1.1.6,rmr-montreal-2019-en.xlsx,zone
Montréal,Zone 14 - Dorval/Lachine/Saint-Pierre,1,turnover_rate_pct,2018,2019,15.6,d,ok,1.1.6,rmr-montreal-2019-en.xlsx,zone
Montréal,Zone 15 - Baie-d'Urfé/Beaconsfield etc.,1,turnover_rate_pct,2018,2019,20.4,a,ok,1.1.6,rmr-montreal-2019-en.xlsx,zone
Montréal,Montréal Island (Zones 1-18),1,turnover_rate_pct,2018,2019,20.1,a,ok,1.1.6,rmr-montreal-2019-en.xlsx,submarket
Montréal,Laval (Zones 19-24),1,turnover_rate_pct,2018,2019,18.3,d,ok,1.1.6,rmr-montreal-2019-en.xlsx,submarket
Montréal,Montréal CMA,1,turnover_rate_pct,2018,2019,19.8,a,ok,1.1.6,rmr-montreal-2019-en.xlsx,cma
Montréal,Zone 5 - Ct-des-Neiges/Mt-Royal/Outremont,1,turnover_rate_pct,2019,2019,18.3,d,ok,1.1.6,rmr-montreal-2019-en.xlsx,zone
Montréal,Zone 14 - Dorval/Lachine/Saint-Pierre,1,turnover_rate_pct,2019,2019,17.6,d,ok,1.1.6,rmr-montreal-2019-en.xlsx,zone
Montréal,Zone 15 - Baie-d'Urfé/Beaconsfield etc.,1,turnover_rate_pct,2019,2019,22.3,d,ok,1.1.6,rmr-montreal-2019-en.xlsx,zone
Montréal,Montréal Island (Zones 1-18),1,turnover_rate_pct,2019,2019,17.4,a,ok,1.1.6,rmr-montreal-2019-en.xlsx,submarket
Montréal,Laval (Zones 19-24),1,turnover_rate_pct,2019,2019,16.3,d,ok,1.1.6,rmr-montreal-2019-en.xlsx,submarket
Montréal,Montréal CMA,1,turnover_rate_pct,2019,2019,17.3,a,ok,1.1.6,rmr-montreal-2019-en.xlsx,cma
Montréal,Zone 5 - Ct-des-Neiges/Mt-Royal/Outremont,2,turnover_rate_pct,2018,2019,20.7,d,ok,1.1.6,rmr-montreal-2019-en.xlsx,zone
Montréal,Zone 14 - Dorval/Lachine/Saint-Pierre,2,turnover_rate_pct,2018,2019,17.6,d,ok,1.1.6,rmr-montreal-2019-en.xlsx,zone
Montréal,Zone 15 - Baie-d'Urfé/Beaconsfield etc.,2,turnover_rate_pct,2018,2019,18.8,a,ok,1.1.6,rmr-montreal-2019-en.xlsx,zone
Montréal,Montréal Island (Zones 1-18),2,turnover_rate_pct,2018,2019,15.2,a,ok,1.1.6,rmr-montreal-2019-en.xlsx,submarket
Montréal,Laval (Zones 19-24),2,turnover_rate_pct,2018,2019,14.5,c,ok,1.1.6,rmr-montreal-2019-en.xlsx,submarket
Montréal,Montréal CMA,2,turnover_rate_pct,2018,2019,15.4,a,ok,1.1.6,rmr-montreal-2019-en.xlsx,cma
Montréal,Zone 5 - Ct-des-Neiges/Mt-Royal/Outremont,2,turnover_rate_pct,2019,2019,,,suppressed,1.1.6,rmr-montreal-2019-en.xlsx,zone
Montréal,Zone 14 - Dorval/Lachine/Saint-Pierre,2,turnover_rate_pct,2019,2019,15.2,d,ok,1.1.6,rmr-montreal-2019-en.xlsx,zone
Montréal,Zone 15 - Baie-d'Urfé/Beaconsfield etc.,2,turnover_rate_pct,2019,2019,18.7,d,ok,1.1.6,rmr-montreal-2019-en.xlsx,zone
Montréal,Montréal Island (Zones 1-18),2,turnover_rate_pct,2019,2019,14.9,c,ok,1.1.6,rmr-montreal-2019-en.xlsx,submarket
Montréal,Laval (Zones 19-24),2,turnover_rate_pct,2019,2019,13.8,c,ok,1.1.6,rmr-montreal-2019-en.xlsx,submarket
Montréal,Montréal CMA,2,turnover_rate_pct,2019,2019,14.9,a,ok,1.1.6,rmr-montreal-2019-en.xlsx,cma
Montréal,Zone 5 - Ct-des-Neiges/Mt-Royal/Outremont,3+,turnover_rate_pct,2018,2019,,,suppressed,1.1.6,rmr-montreal-2019-en.xlsx,zone
Montréal,Zone 14 - Dorval/Lachine/Saint-Pierre,3+,turnover_rate_pct,2018,2019,,,suppressed,1.1.6,rmr-montreal-2019-en.xlsx,zone
Montréal,Zone 15 - Baie-d'Urfé/Beaconsfield etc.,3+,turnover_rate_pct,2018,2019,,,suppressed,1.1.6,rmr-montreal-2019-en.xlsx,zone
Montréal,Montréal Island (Zones 1-18),3+,turnover_rate_pct,2018,2019,,,suppressed,1.1.6,rmr-montreal-2019-en.xlsx,submarket
Montréal,Laval (Zones 19-24),3+,turnover_rate_pct,2018,2019,12.7,d,ok,1.1.6,rmr-montreal-2019-en.xlsx,submarket
Montréal,Montréal CMA,3+,turnover_rate_pct,2018,2019,16.6,d,ok,1.1.6,rmr-montreal-2019-en.xlsx,cma
Montréal,Zone 5 - Ct-des-Neiges/Mt-Royal/Outremont,3+,turnover_rate_pct,2019,2019,,,suppressed,1.1.6,rmr-montreal-2019-en.xlsx,zone
Montréal,Zone 14 - Dorval/Lachine/Saint-Pierre,3+,turnover_rate_pct,2019,2019,,,suppressed,1.1.6,rmr-montreal-2019-en.xlsx,zone
Montréal,Zone 15 - Baie-d'Urfé/Beaconsfield etc.,3+,turnover_rate_pct,2019,2019,19.2,d,ok,1.1.6,rmr-montreal-2019-en.xlsx,zone
Montréal,Montréal Island (Zones 1-18),3+,turnover_rate_pct,2019,2019,12.3,d,ok,1.1.6,rmr-montreal-2019-en.xlsx,submarket
Montréal,Laval (Zones 19-24),3+,turnover_rate_pct,2019,2019,11.0,d,ok,1.1.6,rmr-montreal-2019-en.xlsx,submarket
Montréal,Montréal CMA,3+,turnover_rate_pct,2019,2019,12.9,c,ok,1.1.6,rmr-montreal-2019-en.xlsx,cma
Montréal,Zone 5 - Ct-des-Neiges/Mt-Royal/Outremont,total,turnover_rate_pct,2018,2019,21.7,d,ok,1.1.6,rmr-montreal-2019-en.xlsx,zone
Montréal,Zone 14 - Dorval/Lachine/Saint-Pierre,total,turnover_rate_pct,2018,2019,16.6,d,ok,1.1.6,rmr-montreal-2019-en.xlsx,zone
Montréal,Zone 15 - Baie-d'Urfé/Beaconsfield etc.,total,turnover_rate_pct,2018,2019,20.1,a,ok,1.1.6,rmr-montreal-2019-en.xlsx,zone
Montréal,Montréal Island (Zones 1-18),total,turnover_rate_pct,2018,2019,17.8,a,ok,1.1.6,rmr-montreal-2019-en.xlsx,submarket
Montréal,Laval (Zones 19-24),total,turnover_rate_pct,2018,2019,15.1,a,ok,1.1.6,rmr-montreal-2019-en.xlsx,submarket
Montréal,Montréal CMA,total,turnover_rate_pct,2018,2019,17.4,a,ok,1.1.6,rmr-montreal-2019-en.xlsx,cma
Montréal,Zone 5 - Ct-des-Neiges/Mt-Royal/Outremont,total,turnover_rate_pct,2019,2019,18.1,d,ok,1.1.6,rmr-montreal-2019-en.xlsx,zone
Montréal,Zone 14 - Dorval/Lachine/Saint-Pierre,total,turnover_rate_pct,2019,2019,15.5,d,ok,1.1.6,rmr-montreal-2019-en.xlsx,zone
Montréal,Zone 15 - Baie-d'Urfé/Beaconsfield etc.,total,turnover_rate_pct,2019,2019,20.2,a,ok,1.1.6,rmr-montreal-2019-en.xlsx,zone
Montréal,Montréal Island (Zones 1-18),total,turnover_rate_pct,2019,2019,15.9,a,ok,1.1.6,rmr-montreal-2019-en.xlsx,submarket
Montréal,Laval (Zones 19-24),total,turnover_rate_pct,2019,2019,14.0,a,ok,1.1.6,rmr-montreal-2019-en.xlsx,submarket
Montréal,Montréal CMA,total,turnover_rate_pct,2019,2019,15.7,a,ok,1.1.6,rmr-montreal-2019-en.xlsx,cma
Montréal,Zone 5 - Ct-des-Neiges/Mt-Royal/Outremont,studio,vacancy_rate_pct,2019,2020,2.2,b,ok,1.1.1,rmr-montreal-2020-en.xlsx,zone
Montréal,Zone 14 - Dorval/Lachine/Saint-Pierre,studio,vacancy_rate_pct,2019,2020,3.3,d,ok,1.1.1,rmr-montreal-2020-en.xlsx,zone
Montréal,Zone 15 - Baie-d'Urfé/Beaconsfield etc.,studio,vacancy_rate_pct,2019,2020,2.4,c,ok,1.1.1,rmr-montreal-2020-en.xlsx,zone
Montréal,Montréal Island (Zones 1-18),studio,vacancy_rate_pct,2019,2020,3.3,d,ok,1.1.1,rmr-montreal-2020-en.xlsx,submarket
Montréal,Laval (Zones 19-24),studio,vacancy_rate_pct,2019,2020,,,suppressed,1.1.1,rmr-montreal-2020-en.xlsx,submarket
Montréal,Montréal CMA,studio,vacancy_rate_pct,2019,2020,3.2,d,ok,1.1.1,rmr-montreal-2020-en.xlsx,cma
Montréal,Zone 5 - Ct-des-Neiges/Mt-Royal/Outremont,studio,vacancy_rate_pct,2020,2020,5.0,b,ok,1.1.1,rmr-montreal-2020-en.xlsx,zone
Montréal,Zone 14 - Dorval/Lachine/Saint-Pierre,studio,vacancy_rate_pct,2020,2020,3.6,d,ok,1.1.1,rmr-montreal-2020-en.xlsx,zone
Montréal,Zone 15 - Baie-d'Urfé/Beaconsfield etc.,studio,vacancy_rate_pct,2020,2020,,,suppressed,1.1.1,rmr-montreal-2020-en.xlsx,zone
Montréal,Montréal Island (Zones 1-18),studio,vacancy_rate_pct,2020,2020,5.1,b,ok,1.1.1,rmr-montreal-2020-en.xlsx,submarket
Montréal,Laval (Zones 19-24),studio,vacancy_rate_pct,2020,2020,3.4,d,ok,1.1.1,rmr-montreal-2020-en.xlsx,submarket
Montréal,Montréal CMA,studio,vacancy_rate_pct,2020,2020,4.8,b,ok,1.1.1,rmr-montreal-2020-en.xlsx,cma
Montréal,Zone 5 - Ct-des-Neiges/Mt-Royal/Outremont,1,vacancy_rate_pct,2019,2020,1.6,a,ok,1.1.1,rmr-montreal-2020-en.xlsx,zone
Montréal,Zone 14 - Dorval/Lachine/Saint-Pierre,1,vacancy_rate_pct,2019,2020,4.3,d,ok,1.1.1,rmr-montreal-2020-en.xlsx,zone
Montréal,Zone 15 - Baie-d'Urfé/Beaconsfield etc.,1,vacancy_rate_pct,2019,2020,,,suppressed,1.1.1,rmr-montreal-2020-en.xlsx,zone
Montréal,Montréal Island (Zones 1-18),1,vacancy_rate_pct,2019,2020,1.5,b,ok,1.1.1,rmr-montreal-2020-en.xlsx,submarket
Montréal,Laval (Zones 19-24),1,vacancy_rate_pct,2019,2020,3.3,c,ok,1.1.1,rmr-montreal-2020-en.xlsx,submarket
Montréal,Montréal CMA,1,vacancy_rate_pct,2019,2020,1.6,a,ok,1.1.1,rmr-montreal-2020-en.xlsx,cma
Montréal,Zone 5 - Ct-des-Neiges/Mt-Royal/Outremont,1,vacancy_rate_pct,2020,2020,3.6,b,ok,1.1.1,rmr-montreal-2020-en.xlsx,zone
Montréal,Zone 14 - Dorval/Lachine/Saint-Pierre,1,vacancy_rate_pct,2020,2020,3.0,b,ok,1.1.1,rmr-montreal-2020-en.xlsx,zone
Montréal,Zone 15 - Baie-d'Urfé/Beaconsfield etc.,1,vacancy_rate_pct,2020,2020,2.0,c,ok,1.1.1,rmr-montreal-2020-en.xlsx,zone
Montréal,Montréal Island (Zones 1-18),1,vacancy_rate_pct,2020,2020,3.3,b,ok,1.1.1,rmr-montreal-2020-en.xlsx,submarket
Montréal,Laval (Zones 19-24),1,vacancy_rate_pct,2020,2020,3.5,c,ok,1.1.1,rmr-montreal-2020-en.xlsx,submarket
Montréal,Montréal CMA,1,vacancy_rate_pct,2020,2020,3.1,b,ok,1.1.1,rmr-montreal-2020-en.xlsx,cma
Montréal,Zone 5 - Ct-des-Neiges/Mt-Royal/Outremont,2,vacancy_rate_pct,2019,2020,,,suppressed,1.1.1,rmr-montreal-2020-en.xlsx,zone
Montréal,Zone 14 - Dorval/Lachine/Saint-Pierre,2,vacancy_rate_pct,2019,2020,1.7,c,ok,1.1.1,rmr-montreal-2020-en.xlsx,zone
Montréal,Zone 15 - Baie-d'Urfé/Beaconsfield etc.,2,vacancy_rate_pct,2019,2020,0.9,d,ok,1.1.1,rmr-montreal-2020-en.xlsx,zone
Montréal,Montréal Island (Zones 1-18),2,vacancy_rate_pct,2019,2020,1.5,b,ok,1.1.1,rmr-montreal-2020-en.xlsx,submarket
Montréal,Laval (Zones 19-24),2,vacancy_rate_pct,2019,2020,1.0,d,ok,1.1.1,rmr-montreal-2020-en.xlsx,submarket
Montréal,Montréal CMA,2,vacancy_rate_pct,2019,2020,1.4,a,ok,1.1.1,rmr-montreal-2020-en.xlsx,cma
Montréal,Zone 5 - Ct-des-Neiges/Mt-Royal/Outremont,2,vacancy_rate_pct,2020,2020,4.5,d,ok,1.1.1,rmr-montreal-2020-en.xlsx,zone
Montréal,Zone 14 - Dorval/Lachine/Saint-Pierre,2,vacancy_rate_pct,2020,2020,2.4,c,ok,1.1.1,rmr-montreal-2020-en.xlsx,zone
Montréal,Zone 15 - Baie-d'Urfé/Beaconsfield etc.,2,vacancy_rate_pct,2020,2020,2.4,b,ok,1.1.1,rmr-montreal-2020-en.xlsx,zone
Montréal,Montréal Island (Zones 1-18),2,vacancy_rate_pct,2020,2020,2.5,b,ok,1.1.1,rmr-montreal-2020-en.xlsx,submarket
Montréal,Laval (Zones 19-24),2,vacancy_rate_pct,2020,2020,1.7,b,ok,1.1.1,rmr-montreal-2020-en.xlsx,submarket
Montréal,Montréal CMA,2,vacancy_rate_pct,2020,2020,2.1,a,ok,1.1.1,rmr-montreal-2020-en.xlsx,cma
Montréal,Zone 5 - Ct-des-Neiges/Mt-Royal/Outremont,3+,vacancy_rate_pct,2019,2020,1.0,a,ok,1.1.1,rmr-montreal-2020-en.xlsx,zone
Montréal,Zone 14 - Dorval/Lachine/Saint-Pierre,3+,vacancy_rate_pct,2019,2020,1.4,d,ok,1.1.1,rmr-montreal-2020-en.xlsx,zone
Montréal,Zone 15 - Baie-d'Urfé/Beaconsfield etc.,3+,vacancy_rate_pct,2019,2020,1.5,a,ok,1.1.1,rmr-montreal-2020-en.xlsx,zone
Montréal,Montréal Island (Zones 1-18),3+,vacancy_rate_pct,2019,2020,0.8,a,ok,1.1.1,rmr-montreal-2020-en.xlsx,submarket
Montréal,Laval (Zones 19-24),3+,vacancy_rate_pct,2019,2020,0.7,b,ok,1.1.1,rmr-montreal-2020-en.xlsx,submarket
Montréal,Montréal CMA,3+,vacancy_rate_pct,2019,2020,0.7,a,ok,1.1.1,rmr-montreal-2020-en.xlsx,cma
Montréal,Zone 5 - Ct-des-Neiges/Mt-Royal/Outremont,3+,vacancy_rate_pct,2020,2020,,,suppressed,1.1.1,rmr-montreal-2020-en.xlsx,zone
Montréal,Zone 14 - Dorval/Lachine/Saint-Pierre,3+,vacancy_rate_pct,2020,2020,,,suppressed,1.1.1,rmr-montreal-2020-en.xlsx,zone
Montréal,Zone 15 - Baie-d'Urfé/Beaconsfield etc.,3+,vacancy_rate_pct,2020,2020,2.4,c,ok,1.1.1,rmr-montreal-2020-en.xlsx,zone
Montréal,Montréal Island (Zones 1-18),3+,vacancy_rate_pct,2020,2020,3.6,d,ok,1.1.1,rmr-montreal-2020-en.xlsx,submarket
Montréal,Laval (Zones 19-24),3+,vacancy_rate_pct,2020,2020,0.9,a,ok,1.1.1,rmr-montreal-2020-en.xlsx,submarket
Montréal,Montréal CMA,3+,vacancy_rate_pct,2020,2020,2.6,c,ok,1.1.1,rmr-montreal-2020-en.xlsx,cma
Montréal,Zone 5 - Ct-des-Neiges/Mt-Royal/Outremont,total,vacancy_rate_pct,2019,2020,1.7,b,ok,1.1.1,rmr-montreal-2020-en.xlsx,zone
Montréal,Zone 14 - Dorval/Lachine/Saint-Pierre,total,vacancy_rate_pct,2019,2020,2.5,b,ok,1.1.1,rmr-montreal-2020-en.xlsx,zone
Montréal,Zone 15 - Baie-d'Urfé/Beaconsfield etc.,total,vacancy_rate_pct,2019,2020,1.3,d,ok,1.1.1,rmr-montreal-2020-en.xlsx,zone
Montréal,Montréal Island (Zones 1-18),total,vacancy_rate_pct,2019,2020,1.6,a,ok,1.1.1,rmr-montreal-2020-en.xlsx,submarket
Montréal,Laval (Zones 19-24),total,vacancy_rate_pct,2019,2020,1.5,a,ok,1.1.1,rmr-montreal-2020-en.xlsx,submarket
Montréal,Montréal CMA,total,vacancy_rate_pct,2019,2020,1.5,a,ok,1.1.1,rmr-montreal-2020-en.xlsx,cma
Montréal,Zone 5 - Ct-des-Neiges/Mt-Royal/Outremont,total,vacancy_rate_pct,2020,2020,4.7,c,ok,1.1.1,rmr-montreal-2020-en.xlsx,zone
Montréal,Zone 14 - Dorval/Lachine/Saint-Pierre,total,vacancy_rate_pct,2020,2020,2.7,a,ok,1.1.1,rmr-montreal-2020-en.xlsx,zone
Montréal,Zone 15 - Baie-d'Urfé/Beaconsfield etc.,total,vacancy_rate_pct,2020,2020,2.3,a,ok,1.1.1,rmr-montreal-2020-en.xlsx,zone
Montréal,Montréal Island (Zones 1-18),total,vacancy_rate_pct,2020,2020,3.2,b,ok,1.1.1,rmr-montreal-2020-en.xlsx,submarket
Montréal,Laval (Zones 19-24),total,vacancy_rate_pct,2020,2020,2.0,b,ok,1.1.1,rmr-montreal-2020-en.xlsx,submarket
Montréal,Montréal CMA,total,vacancy_rate_pct,2020,2020,2.7,a,ok,1.1.1,rmr-montreal-2020-en.xlsx,cma
Montréal,Zone 5 - Ct-des-Neiges/Mt-Royal/Outremont,studio,average_rent,2019,2020,619.0,a,ok,1.1.2,rmr-montreal-2020-en.xlsx,zone
Montréal,Zone 14 - Dorval/Lachine/Saint-Pierre,studio,average_rent,2019,2020,583.0,a,ok,1.1.2,rmr-montreal-2020-en.xlsx,zone
Montréal,Zone 15 - Baie-d'Urfé/Beaconsfield etc.,studio,average_rent,2019,2020,685.0,a,ok,1.1.2,rmr-montreal-2020-en.xlsx,zone
Montréal,Montréal Island (Zones 1-18),studio,average_rent,2019,2020,660.0,a,ok,1.1.2,rmr-montreal-2020-en.xlsx,submarket
Montréal,Laval (Zones 19-24),studio,average_rent,2019,2020,631.0,a,ok,1.1.2,rmr-montreal-2020-en.xlsx,submarket
Montréal,Montréal CMA,studio,average_rent,2019,2020,655.0,a,ok,1.1.2,rmr-montreal-2020-en.xlsx,cma
Montréal,Zone 5 - Ct-des-Neiges/Mt-Royal/Outremont,studio,average_rent,2020,2020,687.0,a,ok,1.1.2,rmr-montreal-2020-en.xlsx,zone
Montréal,Zone 14 - Dorval/Lachine/Saint-Pierre,studio,average_rent,2020,2020,609.0,a,ok,1.1.2,rmr-montreal-2020-en.xlsx,zone
Montréal,Zone 15 - Baie-d'Urfé/Beaconsfield etc.,studio,average_rent,2020,2020,634.0,b,ok,1.1.2,rmr-montreal-2020-en.xlsx,zone
Montréal,Montréal Island (Zones 1-18),studio,average_rent,2020,2020,710.0,a,ok,1.1.2,rmr-montreal-2020-en.xlsx,submarket
Montréal,Laval (Zones 19-24),studio,average_rent,2020,2020,641.0,a,ok,1.1.2,rmr-montreal-2020-en.xlsx,submarket
Montréal,Montréal CMA,studio,average_rent,2020,2020,703.0,a,ok,1.1.2,rmr-montreal-2020-en.xlsx,cma
Montréal,Zone 5 - Ct-des-Neiges/Mt-Royal/Outremont,1,average_rent,2019,2020,807.0,a,ok,1.1.2,rmr-montreal-2020-en.xlsx,zone
Montréal,Zone 14 - Dorval/Lachine/Saint-Pierre,1,average_rent,2019,2020,684.0,a,ok,1.1.2,rmr-montreal-2020-en.xlsx,zone
Montréal,Zone 15 - Baie-d'Urfé/Beaconsfield etc.,1,average_rent,2019,2020,1012.0,b,ok,1.1.2,rmr-montreal-2020-en.xlsx,zone
Montréal,Montréal Island (Zones 1-18),1,average_rent,2019,2020,761.0,a,ok,1.1.2,rmr-montreal-2020-en.xlsx,submarket
Montréal,Laval (Zones 19-24),1,average_rent,2019,2020,752.0,a,ok,1.1.2,rmr-montreal-2020-en.xlsx,submarket
Montréal,Montréal CMA,1,average_rent,2019,2020,754.0,a,ok,1.1.2,rmr-montreal-2020-en.xlsx,cma
Montréal,Zone 5 - Ct-des-Neiges/Mt-Royal/Outremont,1,average_rent,2020,2020,849.0,a,ok,1.1.2,rmr-montreal-2020-en.xlsx,zone
Montréal,Zone 14 - Dorval/Lachine/Saint-Pierre,1,average_rent,2020,2020,724.0,a,ok,1.1.2,rmr-montreal-2020-en.xlsx,zone
Montréal,Zone 15 - Baie-d'Urfé/Beaconsfield etc.,1,average_rent,2020,2020,1155.0,b,ok,1.1.2,rmr-montreal-2020-en.xlsx,zone
Montréal,Montréal Island (Zones 1-18),1,average_rent,2020,2020,819.0,a,ok,1.1.2,rmr-montreal-2020-en.xlsx,submarket
Montréal,Laval (Zones 19-24),1,average_rent,2020,2020,867.0,a,ok,1.1.2,rmr-montreal-2020-en.xlsx,submarket
Montréal,Montréal CMA,1,average_rent,2020,2020,810.0,a,ok,1.1.2,rmr-montreal-2020-en.xlsx,cma
Montréal,Zone 5 - Ct-des-Neiges/Mt-Royal/Outremont,2,average_rent,2019,2020,1047.0,a,ok,1.1.2,rmr-montreal-2020-en.xlsx,zone
Montréal,Zone 14 - Dorval/Lachine/Saint-Pierre,2,average_rent,2019,2020,791.0,a,ok,1.1.2,rmr-montreal-2020-en.xlsx,zone
Montréal,Zone 15 - Baie-d'Urfé/Beaconsfield etc.,2,average_rent,2019,2020,1203.0,b,ok,1.1.2,rmr-montreal-2020-en.xlsx,zone
Montréal,Montréal Island (Zones 1-18),2,average_rent,2019,2020,867.0,a,ok,1.1.2,rmr-montreal-2020-en.xlsx,submarket
Montréal,Laval (Zones 19-24),2,average_rent,2019,2020,835.0,b,ok,1.1.2,rmr-montreal-2020-en.xlsx,submarket
Montréal,Montréal CMA,2,average_rent,2019,2020,855.0,a,ok,1.1.2,rmr-montreal-2020-en.xlsx,cma
Montréal,Zone 5 - Ct-des-Neiges/Mt-Royal/Outremont,2,average_rent,2020,2020,1084.0,a,ok,1.1.2,rmr-montreal-2020-en.xlsx,zone
Montréal,Zone 14 - Dorval/Lachine/Saint-Pierre,2,average_rent,2020,2020,832.0,a,ok,1.1.2,rmr-montreal-2020-en.xlsx,zone
Montréal,Zone 15 - Baie-d'Urfé/Beaconsfield etc.,2,average_rent,2020,2020,1333.0,a,ok,1.1.2,rmr-montreal-2020-en.xlsx,zone
Montréal,Montréal Island (Zones 1-18),2,average_rent,2020,2020,907.0,a,ok,1.1.2,rmr-montreal-2020-en.xlsx,submarket
Montréal,Laval (Zones 19-24),2,average_rent,2020,2020,902.0,a,ok,1.1.2,rmr-montreal-2020-en.xlsx,submarket
Montréal,Montréal CMA,2,average_rent,2020,2020,903.0,a,ok,1.1.2,rmr-montreal-2020-en.xlsx,cma
Montréal,Zone 5 - Ct-des-Neiges/Mt-Royal/Outremont,3+,average_rent,2019,2020,1353.0,b,ok,1.1.2,rmr-montreal-2020-en.xlsx,zone
Montréal,Zone 14 - Dorval/Lachine/Saint-Pierre,3+,average_rent,2019,2020,971.0,b,ok,1.1.2,rmr-montreal-2020-en.xlsx,zone
Montréal,Zone 15 - Baie-d'Urfé/Beaconsfield etc.,3+,average_rent,2019,2020,1295.0,d,ok,1.1.2,rmr-montreal-2020-en.xlsx,zone
Montréal,Montréal Island (Zones 1-18),3+,average_rent,2019,2020,1129.0,a,ok,1.1.2,rmr-montreal-2020-en.xlsx,submarket
Montréal,Laval (Zones 19-24),3+,average_rent,2019,2020,970.0,a,ok,1.1.2,rmr-montreal-2020-en.xlsx,submarket
Montréal,Montréal CMA,3+,average_rent,2019,2020,1070.0,a,ok,1.1.2,rmr-montreal-2020-en.xlsx,cma
Montréal,Zone 5 - Ct-des-Neiges/Mt-Royal/Outremont,3+,average_rent,2020,2020,1258.0,b,ok,1.1.2,rmr-montreal-2020-en.xlsx,zone
Montréal,Zone 14 - Dorval/Lachine/Saint-Pierre,3+,average_rent,2020,2020,1126.0,b,ok,1.1.2,rmr-montreal-2020-en.xlsx,zone
Montréal,Zone 15 - Baie-d'Urfé/Beaconsfield etc.,3+,average_rent,2020,2020,1458.0,c,ok,1.1.2,rmr-montreal-2020-en.xlsx,zone
Montréal,Montréal Island (Zones 1-18),3+,average_rent,2020,2020,1155.0,a,ok,1.1.2,rmr-montreal-2020-en.xlsx,submarket
Montréal,Laval (Zones 19-24),3+,average_rent,2020,2020,1036.0,a,ok,1.1.2,rmr-montreal-2020-en.xlsx,submarket
Montréal,Montréal CMA,3+,average_rent,2020,2020,1112.0,a,ok,1.1.2,rmr-montreal-2020-en.xlsx,cma
Montréal,Zone 5 - Ct-des-Neiges/Mt-Royal/Outremont,total,average_rent,2019,2020,932.0,a,ok,1.1.2,rmr-montreal-2020-en.xlsx,zone
Montréal,Zone 14 - Dorval/Lachine/Saint-Pierre,total,average_rent,2019,2020,773.0,a,ok,1.1.2,rmr-montreal-2020-en.xlsx,zone
Montréal,Zone 15 - Baie-d'Urfé/Beaconsfield etc.,total,average_rent,2019,2020,1123.0,b,ok,1.1.2,rmr-montreal-2020-en.xlsx,zone
Montréal,Montréal Island (Zones 1-18),total,average_rent,2019,2020,846.0,a,ok,1.1.2,rmr-montreal-2020-en.xlsx,submarket
Montréal,Laval (Zones 19-24),total,average_rent,2019,2020,831.0,b,ok,1.1.2,rmr-montreal-2020-en.xlsx,submarket
Montréal,Montréal CMA,total,average_rent,2019,2020,841.0,a,ok,1.1.2,rmr-montreal-2020-en.xlsx,cma
Montréal,Zone 5 - Ct-des-Neiges/Mt-Royal/Outremont,total,average_rent,2020,2020,969.0,a,ok,1.1.2,rmr-montreal-2020-en.xlsx,zone
Montréal,Zone 14 - Dorval/Lachine/Saint-Pierre,total,average_rent,2020,2020,827.0,a,ok,1.1.2,rmr-montreal-2020-en.xlsx,zone
Montréal,Zone 15 - Baie-d'Urfé/Beaconsfield etc.,total,average_rent,2020,2020,1264.0,a,ok,1.1.2,rmr-montreal-2020-en.xlsx,zone
Montréal,Montréal Island (Zones 1-18),total,average_rent,2020,2020,893.0,a,ok,1.1.2,rmr-montreal-2020-en.xlsx,submarket
Montréal,Laval (Zones 19-24),total,average_rent,2020,2020,906.0,a,ok,1.1.2,rmr-montreal-2020-en.xlsx,submarket
Montréal,Montréal CMA,total,average_rent,2020,2020,891.0,a,ok,1.1.2,rmr-montreal-2020-en.xlsx,cma
Montréal,Zone 5 - Ct-des-Neiges/Mt-Royal/Outremont,studio,fixed_sample_rent_change_pct,2019,2020,3.4,d,ok,1.1.5,rmr-montreal-2020-en.xlsx,zone
Montréal,Zone 14 - Dorval/Lachine/Saint-Pierre,studio,fixed_sample_rent_change_pct,2019,2020,,,suppressed,1.1.5,rmr-montreal-2020-en.xlsx,zone
Montréal,Zone 15 - Baie-d'Urfé/Beaconsfield etc.,studio,fixed_sample_rent_change_pct,2019,2020,3.8,d,ok,1.1.5,rmr-montreal-2020-en.xlsx,zone
Montréal,Montréal Island (Zones 1-18),studio,fixed_sample_rent_change_pct,2019,2020,4.3,b,ok,1.1.5,rmr-montreal-2020-en.xlsx,submarket
Montréal,Laval (Zones 19-24),studio,fixed_sample_rent_change_pct,2019,2020,1.9,c,ok,1.1.5,rmr-montreal-2020-en.xlsx,submarket
Montréal,Montréal CMA,studio,fixed_sample_rent_change_pct,2019,2020,4.1,b,ok,1.1.5,rmr-montreal-2020-en.xlsx,cma
Montréal,Zone 5 - Ct-des-Neiges/Mt-Royal/Outremont,studio,fixed_sample_rent_change_pct,2020,2020,5.0,d,ok,1.1.5,rmr-montreal-2020-en.xlsx,zone
Montréal,Zone 14 - Dorval/Lachine/Saint-Pierre,studio,fixed_sample_rent_change_pct,2020,2020,5.8,c,ok,1.1.5,rmr-montreal-2020-en.xlsx,zone
Montréal,Zone 15 - Baie-d'Urfé/Beaconsfield etc.,studio,fixed_sample_rent_change_pct,2020,2020,,,suppressed,1.1.5,rmr-montreal-2020-en.xlsx,zone
Montréal,Montréal Island (Zones 1-18),studio,fixed_sample_rent_change_pct,2020,2020,5.6,b,ok,1.1.5,rmr-montreal-2020-en.xlsx,submarket
Montréal,Laval (Zones 19-24),studio,fixed_sample_rent_change_pct,2020,2020,3.5,c,ok,1.1.5,rmr-montreal-2020-en.xlsx,submarket
Montréal,Montréal CMA,studio,fixed_sample_rent_change_pct,2020,2020,5.4,b,ok,1.1.5,rmr-montreal-2020-en.xlsx,cma
Montréal,Zone 5 - Ct-des-Neiges/Mt-Royal/Outremont,1,fixed_sample_rent_change_pct,2019,2020,3.6,c,ok,1.1.5,rmr-montreal-2020-en.xlsx,zone
Montréal,Zone 14 - Dorval/Lachine/Saint-Pierre,1,fixed_sample_rent_change_pct,2019,2020,2.8,c,ok,1.1.5,rmr-montreal-2020-en.xlsx,zone
Montréal,Zone 15 - Baie-d'Urfé/Beaconsfield etc.,1,fixed_sample_rent_change_pct,2019,2020,,,not_significant,1.1.5,rmr-montreal-2020-en.xlsx,zone
Montréal,Montréal Island (Zones 1-18),1,fixed_sample_rent_change_pct,2019,2020,4.0,b,ok,1.1.5,rmr-montreal-2020-en.xlsx,submarket
Montréal,Laval (Zones 19-24),1,fixed_sample_rent_change_pct,2019,2020,2.7,a,ok,1.1.5,rmr-montreal-2020-en.xlsx,submarket
Montréal,Montréal CMA,1,fixed_sample_rent_change_pct,2019,2020,3.7,a,ok,1.1.5,rmr-montreal-2020-en.xlsx,cma
Montréal,Zone 5 - Ct-des-Neiges/Mt-Royal/Outremont,1,fixed_sample_rent_change_pct,2020,2020,4.1,c,ok,1.1.5,rmr-montreal-2020-en.xlsx,zone
Montréal,Zone 14 - Dorval/Lachine/Saint-Pierre,1,fixed_sample_rent_change_pct,2020,2020,6.2,c,ok,1.1.5,rmr-montreal-2020-en.xlsx,zone
Montréal,Zone 15 - Baie-d'Urfé/Beaconsfield etc.,1,fixed_sample_rent_change_pct,2020,2020,,,suppressed,1.1.5,rmr-montreal-2020-en.xlsx,zone
Montréal,Montréal Island (Zones 1-18),1,fixed_sample_rent_change_pct,2020,2020,5.0,a,ok,1.1.5,rmr-montreal-2020-en.xlsx,submarket
Montréal,Laval (Zones 19-24),1,fixed_sample_rent_change_pct,2020,2020,2.9,b,ok,1.1.5,rmr-montreal-2020-en.xlsx,submarket
Montréal,Montréal CMA,1,fixed_sample_rent_change_pct,2020,2020,4.6,a,ok,1.1.5,rmr-montreal-2020-en.xlsx,cma
Montréal,Zone 5 - Ct-des-Neiges/Mt-Royal/Outremont,2,fixed_sample_rent_change_pct,2019,2020,3.1,c,ok,1.1.5,rmr-montreal-2020-en.xlsx,zone
Montréal,Zone 14 - Dorval/Lachine/Saint-Pierre,2,fixed_sample_rent_change_pct,2019,2020,2.2,c,ok,1.1.5,rmr-montreal-2020-en.xlsx,zone
Montréal,Zone 15 - Baie-d'Urfé/Beaconsfield etc.,2,fixed_sample_rent_change_pct,2019,2020,2.5,c,ok,1.1.5,rmr-montreal-2020-en.xlsx,zone
Montréal,Montréal Island (Zones 1-18),2,fixed_sample_rent_change_pct,2019,2020,3.6,b,ok,1.1.5,rmr-montreal-2020-en.xlsx,submarket
Montréal,Laval (Zones 19-24),2,fixed_sample_rent_change_pct,2019,2020,2.4,a,ok,1.1.5,rmr-montreal-2020-en.xlsx,submarket
Montréal,Montréal CMA,2,fixed_sample_rent_change_pct,2019,2020,3.4,a,ok,1.1.5,rmr-montreal-2020-en.xlsx,cma
Montréal,Zone 5 - Ct-des-Neiges/Mt-Royal/Outremont,2,fixed_sample_rent_change_pct,2020,2020,3.4,c,ok,1.1.5,rmr-montreal-2020-en.xlsx,zone
Montréal,Zone 14 - Dorval/Lachine/Saint-Pierre,2,fixed_sample_rent_change_pct,2020,2020,5.5,c,ok,1.1.5,rmr-montreal-2020-en.xlsx,zone
Montréal,Zone 15 - Baie-d'Urfé/Beaconsfield etc.,2,fixed_sample_rent_change_pct,2020,2020,3.1,c,ok,1.1.5,rmr-montreal-2020-en.xlsx,zone
Montréal,Montréal Island (Zones 1-18),2,fixed_sample_rent_change_pct,2020,2020,3.8,b,ok,1.1.5,rmr-montreal-2020-en.xlsx,submarket
Montréal,Laval (Zones 19-24),2,fixed_sample_rent_change_pct,2020,2020,2.2,b,ok,1.1.5,rmr-montreal-2020-en.xlsx,submarket
Montréal,Montréal CMA,2,fixed_sample_rent_change_pct,2020,2020,3.6,a,ok,1.1.5,rmr-montreal-2020-en.xlsx,cma
Montréal,Zone 5 - Ct-des-Neiges/Mt-Royal/Outremont,3+,fixed_sample_rent_change_pct,2019,2020,3.1,d,ok,1.1.5,rmr-montreal-2020-en.xlsx,zone
Montréal,Zone 14 - Dorval/Lachine/Saint-Pierre,3+,fixed_sample_rent_change_pct,2019,2020,3.7,d,ok,1.1.5,rmr-montreal-2020-en.xlsx,zone
Montréal,Zone 15 - Baie-d'Urfé/Beaconsfield etc.,3+,fixed_sample_rent_change_pct,2019,2020,,,not_significant,1.1.5,rmr-montreal-2020-en.xlsx,zone
Montréal,Montréal Island (Zones 1-18),3+,fixed_sample_rent_change_pct,2019,2020,3.4,c,ok,1.1.5,rmr-montreal-2020-en.xlsx,submarket
Montréal,Laval (Zones 19-24),3+,fixed_sample_rent_change_pct,2019,2020,2.0,c,ok,1.1.5,rmr-montreal-2020-en.xlsx,submarket
Montréal,Montréal CMA,3+,fixed_sample_rent_change_pct,2019,2020,3.1,b,ok,1.1.5,rmr-montreal-2020-en.xlsx,cma
Montréal,Zone 5 - Ct-des-Neiges/Mt-Royal/Outremont,3+,fixed_sample_rent_change_pct,2020,2020,,,not_significant,1.1.5,rmr-montreal-2020-en.xlsx,zone
Montréal,Zone 14 - Dorval/Lachine/Saint-Pierre,3+,fixed_sample_rent_change_pct,2020,2020,,,suppressed,1.1.5,rmr-montreal-2020-en.xlsx,zone
Montréal,Zone 15 - Baie-d'Urfé/Beaconsfield etc.,3+,fixed_sample_rent_change_pct,2020,2020,,,not_significant,1.1.5,rmr-montreal-2020-en.xlsx,zone
Montréal,Montréal Island (Zones 1-18),3+,fixed_sample_rent_change_pct,2020,2020,2.2,c,ok,1.1.5,rmr-montreal-2020-en.xlsx,submarket
Montréal,Laval (Zones 19-24),3+,fixed_sample_rent_change_pct,2020,2020,2.6,c,ok,1.1.5,rmr-montreal-2020-en.xlsx,submarket
Montréal,Montréal CMA,3+,fixed_sample_rent_change_pct,2020,2020,2.4,c,ok,1.1.5,rmr-montreal-2020-en.xlsx,cma
Montréal,Zone 5 - Ct-des-Neiges/Mt-Royal/Outremont,total,fixed_sample_rent_change_pct,2019,2020,3.3,c,ok,1.1.5,rmr-montreal-2020-en.xlsx,zone
Montréal,Zone 14 - Dorval/Lachine/Saint-Pierre,total,fixed_sample_rent_change_pct,2019,2020,2.4,c,ok,1.1.5,rmr-montreal-2020-en.xlsx,zone
Montréal,Zone 15 - Baie-d'Urfé/Beaconsfield etc.,total,fixed_sample_rent_change_pct,2019,2020,1.6,c,ok,1.1.5,rmr-montreal-2020-en.xlsx,zone
Montréal,Montréal Island (Zones 1-18),total,fixed_sample_rent_change_pct,2019,2020,3.9,a,ok,1.1.5,rmr-montreal-2020-en.xlsx,submarket
Montréal,Laval (Zones 19-24),total,fixed_sample_rent_change_pct,2019,2020,2.4,a,ok,1.1.5,rmr-montreal-2020-en.xlsx,submarket
Montréal,Montréal CMA,total,fixed_sample_rent_change_pct,2019,2020,3.6,a,ok,1.1.5,rmr-montreal-2020-en.xlsx,cma
Montréal,Zone 5 - Ct-des-Neiges/Mt-Royal/Outremont,total,fixed_sample_rent_change_pct,2020,2020,3.4,c,ok,1.1.5,rmr-montreal-2020-en.xlsx,zone
Montréal,Zone 14 - Dorval/Lachine/Saint-Pierre,total,fixed_sample_rent_change_pct,2020,2020,5.9,b,ok,1.1.5,rmr-montreal-2020-en.xlsx,zone
Montréal,Zone 15 - Baie-d'Urfé/Beaconsfield etc.,total,fixed_sample_rent_change_pct,2020,2020,3.9,c,ok,1.1.5,rmr-montreal-2020-en.xlsx,zone
Montréal,Montréal Island (Zones 1-18),total,fixed_sample_rent_change_pct,2020,2020,4.6,a,ok,1.1.5,rmr-montreal-2020-en.xlsx,submarket
Montréal,Laval (Zones 19-24),total,fixed_sample_rent_change_pct,2020,2020,2.2,b,ok,1.1.5,rmr-montreal-2020-en.xlsx,submarket
Montréal,Montréal CMA,total,fixed_sample_rent_change_pct,2020,2020,4.2,a,ok,1.1.5,rmr-montreal-2020-en.xlsx,cma
Montréal,Zone 5 - Ct-des-Neiges/Mt-Royal/Outremont,studio,turnover_rate_pct,2019,2020,22.2,d,ok,1.1.6,rmr-montreal-2020-en.xlsx,zone
Montréal,Zone 14 - Dorval/Lachine/Saint-Pierre,studio,turnover_rate_pct,2019,2020,,,suppressed,1.1.6,rmr-montreal-2020-en.xlsx,zone
Montréal,Zone 15 - Baie-d'Urfé/Beaconsfield etc.,studio,turnover_rate_pct,2019,2020,22.5,a,ok,1.1.6,rmr-montreal-2020-en.xlsx,zone
Montréal,Montréal Island (Zones 1-18),studio,turnover_rate_pct,2019,2020,20.1,a,ok,1.1.6,rmr-montreal-2020-en.xlsx,submarket
Montréal,Laval (Zones 19-24),studio,turnover_rate_pct,2019,2020,,,suppressed,1.1.6,rmr-montreal-2020-en.xlsx,submarket
Montréal,Montréal CMA,studio,turnover_rate_pct,2019,2020,19.9,a,ok,1.1.6,rmr-montreal-2020-en.xlsx,cma
Montréal,Zone 5 - Ct-des-Neiges/Mt-Royal/Outremont,studio,turnover_rate_pct,2020,2020,,,suppressed,1.1.6,rmr-montreal-2020-en.xlsx,zone
Montréal,Zone 14 - Dorval/Lachine/Saint-Pierre,studio,turnover_rate_pct,2020,2020,13.1,d,ok,1.1.6,rmr-montreal-2020-en.xlsx,zone
Montréal,Zone 15 - Baie-d'Urfé/Beaconsfield etc.,studio,turnover_rate_pct,2020,2020,,,suppressed,1.1.6,rmr-montreal-2020-en.xlsx,zone
Montréal,Montréal Island (Zones 1-18),studio,turnover_rate_pct,2020,2020,17.1,d,ok,1.1.6,rmr-montreal-2020-en.xlsx,submarket
Montréal,Laval (Zones 19-24),studio,turnover_rate_pct,2020,2020,11.8,d,ok,1.1.6,rmr-montreal-2020-en.xlsx,submarket
Montréal,Montréal CMA,studio,turnover_rate_pct,2020,2020,16.9,a,ok,1.1.6,rmr-montreal-2020-en.xlsx,cma
Montréal,Zone 5 - Ct-des-Neiges/Mt-Royal/Outremont,1,turnover_rate_pct,2019,2020,18.2,d,ok,1.1.6,rmr-montreal-2020-en.xlsx,zone
Montréal,Zone 14 - Dorval/Lachine/Saint-Pierre,1,turnover_rate_pct,2019,2020,16.3,d,ok,1.1.6,rmr-montreal-2020-en.xlsx,zone
Montréal,Zone 15 - Baie-d'Urfé/Beaconsfield etc.,1,turnover_rate_pct,2019,2020,22.3,d,ok,1.1.6,rmr-montreal-2020-en.xlsx,zone
Montréal,Montréal Island (Zones 1-18),1,turnover_rate_pct,2019,2020,17.4,a,ok,1.1.6,rmr-montreal-2020-en.xlsx,submarket
Montréal,Laval (Zones 19-24),1,turnover_rate_pct,2019,2020,16.3,d,ok,1.1.6,rmr-montreal-2020-en.xlsx,submarket
Montréal,Montréal CMA,1,turnover_rate_pct,2019,2020,17.3,a,ok,1.1.6,rmr-montreal-2020-en.xlsx,cma
Montréal,Zone 5 - Ct-des-Neiges/Mt-Royal/Outremont,1,turnover_rate_pct,2020,2020,12.9,a,ok,1.1.6,rmr-montreal-2020-en.xlsx,zone
Montréal,Zone 14 - Dorval/Lachine/Saint-Pierre,1,turnover_rate_pct,2020,2020,12.4,c,ok,1.1.6,rmr-montreal-2020-en.xlsx,zone
Montréal,Zone 15 - Baie-d'Urfé/Beaconsfield etc.,1,turnover_rate_pct,2020,2020,17.9,d,ok,1.1.6,rmr-montreal-2020-en.xlsx,zone
Montréal,Montréal Island (Zones 1-18),1,turnover_rate_pct,2020,2020,13.9,c,ok,1.1.6,rmr-montreal-2020-en.xlsx,submarket
Montréal,Laval (Zones 19-24),1,turnover_rate_pct,2020,2020,15.1,a,ok,1.1.6,rmr-montreal-2020-en.xlsx,submarket
Montréal,Montréal CMA,1,turnover_rate_pct,2020,2020,13.7,a,ok,1.1.6,rmr-montreal-2020-en.xlsx,cma
Montréal,Zone 5 - Ct-des-Neiges/Mt-Royal/Outremont,2,turnover_rate_pct,2019,2020,,,suppressed,1.1.6,rmr-montreal-2020-en.xlsx,zone
Montréal,Zone 14 - Dorval/Lachine/Saint-Pierre,2,turnover_rate_pct,2019,2020,,,suppressed,1.1.6,rmr-montreal-2020-en.xlsx,zone
Montréal,Zone 15 - Baie-d'Urfé/Beaconsfield etc.,2,turnover_rate_pct,2019,2020,18.7,d,ok,1.1.6,rmr-montreal-2020-en.xlsx,zone
Montréal,Montréal Island (Zones 1-18),2,turnover_rate_pct,2019,2020,14.9,c,ok,1.1.6,rmr-montreal-2020-en.xlsx,submarket
Montréal,Laval (Zones 19-24),2,turnover_rate_pct,2019,2020,13.8,c,ok,1.1.6,rmr-montreal-2020-en.xlsx,submarket
Montréal,Montréal CMA,2,turnover_rate_pct,2019,2020,14.9,a,ok,1.1.6,rmr-montreal-2020-en.xlsx,cma
Montréal,Zone 5 - Ct-des-Neiges/Mt-Royal/Outremont,2,turnover_rate_pct,2020,2020,8.9,b,ok,1.1.6,rmr-montreal-2020-en.xlsx,zone
Montréal,Zone 14 - Dorval/Lachine/Saint-Pierre,2,turnover_rate_pct,2020,2020,11.9,d,ok,1.1.6,rmr-montreal-2020-en.xlsx,zone
Montréal,Zone 15 - Baie-d'Urfé/Beaconsfield etc.,2,turnover_rate_pct,2020,2020,12.8,c,ok,1.1.6,rmr-montreal-2020-en.xlsx,zone
Montréal,Montréal Island (Zones 1-18),2,turnover_rate_pct,2020,2020,8.7,b,ok,1.1.6,rmr-montreal-2020-en.xlsx,submarket
Montréal,Laval (Zones 19-24),2,turnover_rate_pct,2020,2020,11.4,a,ok,1.1.6,rmr-montreal-2020-en.xlsx,submarket
Montréal,Montréal CMA,2,turnover_rate_pct,2020,2020,9.6,a,ok,1.1.6,rmr-montreal-2020-en.xlsx,cma
Montréal,Zone 5 - Ct-des-Neiges/Mt-Royal/Outremont,3+,turnover_rate_pct,2019,2020,,,suppressed,1.1.6,rmr-montreal-2020-en.xlsx,zone
Montréal,Zone 14 - Dorval/Lachine/Saint-Pierre,3+,turnover_rate_pct,2019,2020,,,suppressed,1.1.6,rmr-montreal-2020-en.xlsx,zone
Montréal,Zone 15 - Baie-d'Urfé/Beaconsfield etc.,3+,turnover_rate_pct,2019,2020,19.2,d,ok,1.1.6,rmr-montreal-2020-en.xlsx,zone
Montréal,Montréal Island (Zones 1-18),3+,turnover_rate_pct,2019,2020,12.3,d,ok,1.1.6,rmr-montreal-2020-en.xlsx,submarket
Montréal,Laval (Zones 19-24),3+,turnover_rate_pct,2019,2020,11.0,d,ok,1.1.6,rmr-montreal-2020-en.xlsx,submarket
Montréal,Montréal CMA,3+,turnover_rate_pct,2019,2020,12.9,c,ok,1.1.6,rmr-montreal-2020-en.xlsx,cma
Montréal,Zone 5 - Ct-des-Neiges/Mt-Royal/Outremont,3+,turnover_rate_pct,2020,2020,,,suppressed,1.1.6,rmr-montreal-2020-en.xlsx,zone
Montréal,Zone 14 - Dorval/Lachine/Saint-Pierre,3+,turnover_rate_pct,2020,2020,,,suppressed,1.1.6,rmr-montreal-2020-en.xlsx,zone
Montréal,Zone 15 - Baie-d'Urfé/Beaconsfield etc.,3+,turnover_rate_pct,2020,2020,5.1,d,ok,1.1.6,rmr-montreal-2020-en.xlsx,zone
Montréal,Montréal Island (Zones 1-18),3+,turnover_rate_pct,2020,2020,8.0,c,ok,1.1.6,rmr-montreal-2020-en.xlsx,submarket
Montréal,Laval (Zones 19-24),3+,turnover_rate_pct,2020,2020,10.5,d,ok,1.1.6,rmr-montreal-2020-en.xlsx,submarket
Montréal,Montréal CMA,3+,turnover_rate_pct,2020,2020,9.4,b,ok,1.1.6,rmr-montreal-2020-en.xlsx,cma
Montréal,Zone 5 - Ct-des-Neiges/Mt-Royal/Outremont,total,turnover_rate_pct,2019,2020,18.1,d,ok,1.1.6,rmr-montreal-2020-en.xlsx,zone
Montréal,Zone 14 - Dorval/Lachine/Saint-Pierre,total,turnover_rate_pct,2019,2020,18.0,d,ok,1.1.6,rmr-montreal-2020-en.xlsx,zone
Montréal,Zone 15 - Baie-d'Urfé/Beaconsfield etc.,total,turnover_rate_pct,2019,2020,20.2,a,ok,1.1.6,rmr-montreal-2020-en.xlsx,zone
Montréal,Montréal Island (Zones 1-18),total,turnover_rate_pct,2019,2020,15.9,a,ok,1.1.6,rmr-montreal-2020-en.xlsx,submarket
Montréal,Laval (Zones 19-24),total,turnover_rate_pct,2019,2020,14.0,a,ok,1.1.6,rmr-montreal-2020-en.xlsx,submarket
Montréal,Montréal CMA,total,turnover_rate_pct,2019,2020,15.7,a,ok,1.1.6,rmr-montreal-2020-en.xlsx,cma
Montréal,Zone 5 - Ct-des-Neiges/Mt-Royal/Outremont,total,turnover_rate_pct,2020,2020,12.4,c,ok,1.1.6,rmr-montreal-2020-en.xlsx,zone
Montréal,Zone 14 - Dorval/Lachine/Saint-Pierre,total,turnover_rate_pct,2020,2020,12.6,c,ok,1.1.6,rmr-montreal-2020-en.xlsx,zone
Montréal,Zone 15 - Baie-d'Urfé/Beaconsfield etc.,total,turnover_rate_pct,2020,2020,14.1,c,ok,1.1.6,rmr-montreal-2020-en.xlsx,zone
Montréal,Montréal Island (Zones 1-18),total,turnover_rate_pct,2020,2020,11.1,a,ok,1.1.6,rmr-montreal-2020-en.xlsx,submarket
Montréal,Laval (Zones 19-24),total,turnover_rate_pct,2020,2020,12.0,a,ok,1.1.6,rmr-montreal-2020-en.xlsx,submarket
Montréal,Montréal CMA,total,turnover_rate_pct,2020,2020,11.4,a,ok,1.1.6,rmr-montreal-2020-en.xlsx,cma
Montréal,Zone 5 - Ct-des-Neiges/Mt-Royal/Outremont,studio,vacant_unit_rent,2020,2020,758.0,a,ok,1.1.9,rmr-montreal-2020-en.xlsx,zone
Montréal,Zone 14 - Dorval/Lachine/Saint-Pierre,studio,vacant_unit_rent,2020,2020,599.0,a,ok,1.1.9,rmr-montreal-2020-en.xlsx,zone
Montréal,Zone 15 - Baie-d'Urfé/Beaconsfield etc.,studio,vacant_unit_rent,2020,2020,,,suppressed,1.1.9,rmr-montreal-2020-en.xlsx,zone
Montréal,Montréal Island (Zones 1-18),studio,vacant_unit_rent,2020,2020,893.0,a,ok,1.1.9,rmr-montreal-2020-en.xlsx,submarket
Montréal,Laval (Zones 19-24),studio,vacant_unit_rent,2020,2020,755.0,b,ok,1.1.9,rmr-montreal-2020-en.xlsx,submarket
Montréal,Montréal CMA,studio,vacant_unit_rent,2020,2020,885.0,a,ok,1.1.9,rmr-montreal-2020-en.xlsx,cma
Montréal,Zone 5 - Ct-des-Neiges/Mt-Royal/Outremont,studio,occupied_unit_rent,2020,2020,683.0,a,ok,1.1.9,rmr-montreal-2020-en.xlsx,zone
Montréal,Zone 14 - Dorval/Lachine/Saint-Pierre,studio,occupied_unit_rent,2020,2020,609.0,a,ok,1.1.9,rmr-montreal-2020-en.xlsx,zone
Montréal,Zone 15 - Baie-d'Urfé/Beaconsfield etc.,studio,occupied_unit_rent,2020,2020,637.0,b,ok,1.1.9,rmr-montreal-2020-en.xlsx,zone
Montréal,Montréal Island (Zones 1-18),studio,occupied_unit_rent,2020,2020,701.0,a,ok,1.1.9,rmr-montreal-2020-en.xlsx,submarket
Montréal,Laval (Zones 19-24),studio,occupied_unit_rent,2020,2020,637.0,a,ok,1.1.9,rmr-montreal-2020-en.xlsx,submarket
Montréal,Montréal CMA,studio,occupied_unit_rent,2020,2020,693.0,a,ok,1.1.9,rmr-montreal-2020-en.xlsx,cma
Montréal,Zone 5 - Ct-des-Neiges/Mt-Royal/Outremont,1,vacant_unit_rent,2020,2020,971.0,a,ok,1.1.9,rmr-montreal-2020-en.xlsx,zone
Montréal,Zone 14 - Dorval/Lachine/Saint-Pierre,1,vacant_unit_rent,2020,2020,751.0,b,ok,1.1.9,rmr-montreal-2020-en.xlsx,zone
Montréal,Zone 15 - Baie-d'Urfé/Beaconsfield etc.,1,vacant_unit_rent,2020,2020,1153.0,c,ok,1.1.9,rmr-montreal-2020-en.xlsx,zone
Montréal,Montréal Island (Zones 1-18),1,vacant_unit_rent,2020,2020,1033.0,b,ok,1.1.9,rmr-montreal-2020-en.xlsx,submarket
Montréal,Laval (Zones 19-24),1,vacant_unit_rent,2020,2020,1193.0,b,ok,1.1.9,rmr-montreal-2020-en.xlsx,submarket
Montréal,Montréal CMA,1,vacant_unit_rent,2020,2020,1029.0,b,ok,1.1.9,rmr-montreal-2020-en.xlsx,cma
Montréal,Zone 5 - Ct-des-Neiges/Mt-Royal/Outremont,1,occupied_unit_rent,2020,2020,844.0,a,ok,1.1.9,rmr-montreal-2020-en.xlsx,zone
Montréal,Zone 14 - Dorval/Lachine/Saint-Pierre,1,occupied_unit_rent,2020,2020,723.0,a,ok,1.1.9,rmr-montreal-2020-en.xlsx,zone
Montréal,Zone 15 - Baie-d'Urfé/Beaconsfield etc.,1,occupied_unit_rent,2020,2020,1155.0,b,ok,1.1.9,rmr-montreal-2020-en.xlsx,zone
Montréal,Montréal Island (Zones 1-18),1,occupied_unit_rent,2020,2020,812.0,a,ok,1.1.9,rmr-montreal-2020-en.xlsx,submarket
Montréal,Laval (Zones 19-24),1,occupied_unit_rent,2020,2020,855.0,a,ok,1.1.9,rmr-montreal-2020-en.xlsx,submarket
Montréal,Montréal CMA,1,occupied_unit_rent,2020,2020,804.0,a,ok,1.1.9,rmr-montreal-2020-en.xlsx,cma
Montréal,Zone 5 - Ct-des-Neiges/Mt-Royal/Outremont,2,vacant_unit_rent,2020,2020,1365.0,b,ok,1.1.9,rmr-montreal-2020-en.xlsx,zone
Montréal,Zone 14 - Dorval/Lachine/Saint-Pierre,2,vacant_unit_rent,2020,2020,870.0,b,ok,1.1.9,rmr-montreal-2020-en.xlsx,zone
Montréal,Zone 15 - Baie-d'Urfé/Beaconsfield etc.,2,vacant_unit_rent,2020,2020,1394.0,b,ok,1.1.9,rmr-montreal-2020-en.xlsx,zone
Montréal,Montréal Island (Zones 1-18),2,vacant_unit_rent,2020,2020,1323.0,b,ok,1.1.9,rmr-montreal-2020-en.xlsx,submarket
Montréal,Laval (Zones 19-24),2,vacant_unit_rent,2020,2020,1340.0,c,ok,1.1.9,rmr-montreal-2020-en.xlsx,submarket
Montréal,Montréal CMA,2,vacant_unit_rent,2020,2020,1304.0,b,ok,1.1.9,rmr-montreal-2020-en.xlsx,cma
Montréal,Zone 5 - Ct-des-Neiges/Mt-Royal/Outremont,2,occupied_unit_rent,2020,2020,1074.0,a,ok,1.1.9,rmr-montreal-2020-en.xlsx,zone
Montréal,Zone 14 - Dorval/Lachine/Saint-Pierre,2,occupied_unit_rent,2020,2020,831.0,a,ok,1.1.9,rmr-montreal-2020-en.xlsx,zone
Montréal,Zone 15 - Baie-d'Urfé/Beaconsfield etc.,2,occupied_unit_rent,2020,2020,1332.0,a,ok,1.1.9,rmr-montreal-2020-en.xlsx,zone
Montréal,Montréal Island (Zones 1-18),2,occupied_unit_rent,2020,2020,897.0,a,ok,1.1.9,rmr-montreal-2020-en.xlsx,submarket
Montréal,Laval (Zones 19-24),2,occupied_unit_rent,2020,2020,894.0,a,ok,1.1.9,rmr-montreal-2020-en.xlsx,submarket
Montréal,Montréal CMA,2,occupied_unit_rent,2020,2020,895.0,a,ok,1.1.9,rmr-montreal-2020-en.xlsx,cma
Montréal,Zone 5 - Ct-des-Neiges/Mt-Royal/Outremont,3+,vacant_unit_rent,2020,2020,1545.0,b,ok,1.1.9,rmr-montreal-2020-en.xlsx,zone
Montréal,Zone 14 - Dorval/Lachine/Saint-Pierre,3+,vacant_unit_rent,2020,2020,,,suppressed,1.1.9,rmr-montreal-2020-en.xlsx,zone
Montréal,Zone 15 - Baie-d'Urfé/Beaconsfield etc.,3+,vacant_unit_rent,2020,2020,,,suppressed,1.1.9,rmr-montreal-2020-en.xlsx,zone
Montréal,Montréal Island (Zones 1-18),3+,vacant_unit_rent,2020,2020,1738.0,c,ok,1.1.9,rmr-montreal-2020-en.xlsx,submarket
Montréal,Laval (Zones 19-24),3+,vacant_unit_rent,2020,2020,,,suppressed,1.1.9,rmr-montreal-2020-en.xlsx,submarket
Montréal,Montréal CMA,3+,vacant_unit_rent,2020,2020,1671.0,c,ok,1.1.9,rmr-montreal-2020-en.xlsx,cma
Montréal,Zone 5 - Ct-des-Neiges/Mt-Royal/Outremont,3+,occupied_unit_rent,2020,2020,1230.0,b,ok,1.1.9,rmr-montreal-2020-en.xlsx,zone
Montréal,Zone 14 - Dorval/Lachine/Saint-Pierre,3+,occupied_unit_rent,2020,2020,1134.0,b,ok,1.1.9,rmr-montreal-2020-en.xlsx,zone
Montréal,Zone 15 - Baie-d'Urfé/Beaconsfield etc.,3+,occupied_unit_rent,2020,2020,1456.0,c,ok,1.1.9,rmr-montreal-2020-en.xlsx,zone
Montréal,Montréal Island (Zones 1-18),3+,occupied_unit_rent,2020,2020,1137.0,a,ok,1.1.9,rmr-montreal-2020-en.xlsx,submarket
Montréal,Laval (Zones 19-24),3+,occupied_unit_rent,2020,2020,1029.0,a,ok,1.1.9,rmr-montreal-2020-en.xlsx,submarket
Montréal,Montréal CMA,3+,occupied_unit_rent,2020,2020,1099.0,a,ok,1.1.9,rmr-montreal-2020-en.xlsx,cma
Montréal,Zone 5 - Ct-des-Neiges/Mt-Royal/Outremont,total,vacant_unit_rent,2020,2020,1207.0,b,ok,1.1.9,rmr-montreal-2020-en.xlsx,zone
Montréal,Zone 14 - Dorval/Lachine/Saint-Pierre,total,vacant_unit_rent,2020,2020,824.0,b,ok,1.1.9,rmr-montreal-2020-en.xlsx,zone
Montréal,Zone 15 - Baie-d'Urfé/Beaconsfield etc.,total,vacant_unit_rent,2020,2020,1295.0,b,ok,1.1.9,rmr-montreal-2020-en.xlsx,zone
Montréal,Montréal Island (Zones 1-18),total,vacant_unit_rent,2020,2020,1202.0,b,ok,1.1.9,rmr-montreal-2020-en.xlsx,submarket
Montréal,Laval (Zones 19-24),total,vacant_unit_rent,2020,2020,1289.0,c,ok,1.1.9,rmr-montreal-2020-en.xlsx,submarket
Montréal,Montréal CMA,total,vacant_unit_rent,2020,2020,1192.0,b,ok,1.1.9,rmr-montreal-2020-en.xlsx,cma
Montréal,Zone 5 - Ct-des-Neiges/Mt-Royal/Outremont,total,occupied_unit_rent,2020,2020,958.0,a,ok,1.1.9,rmr-montreal-2020-en.xlsx,zone
Montréal,Zone 14 - Dorval/Lachine/Saint-Pierre,total,occupied_unit_rent,2020,2020,827.0,a,ok,1.1.9,rmr-montreal-2020-en.xlsx,zone
Montréal,Zone 15 - Baie-d'Urfé/Beaconsfield etc.,total,occupied_unit_rent,2020,2020,1263.0,a,ok,1.1.9,rmr-montreal-2020-en.xlsx,zone
Montréal,Montréal Island (Zones 1-18),total,occupied_unit_rent,2020,2020,883.0,a,ok,1.1.9,rmr-montreal-2020-en.xlsx,submarket
Montréal,Laval (Zones 19-24),total,occupied_unit_rent,2020,2020,897.0,a,ok,1.1.9,rmr-montreal-2020-en.xlsx,submarket
Montréal,Montréal CMA,total,occupied_unit_rent,2020,2020,884.0,a,ok,1.1.9,rmr-montreal-2020-en.xlsx,cma
Montréal,Zone 5 - Ct-des-Neiges/Mt-Royal/Outremont,studio,vacancy_rate_pct,2020,2021,5.0,b,ok,1.1.1,rmr-montreal-2021-en.xlsx,zone
Montréal,Zone 14 - Dorval/Lachine/Saint-Pierre,studio,vacancy_rate_pct,2020,2021,3.6,d,ok,1.1.1,rmr-montreal-2021-en.xlsx,zone
Montréal,Zone 15 - Baie-d'Urfé/Beaconsfield etc.,studio,vacancy_rate_pct,2020,2021,,,suppressed,1.1.1,rmr-montreal-2021-en.xlsx,zone
Montréal,Montréal Island (Zones 1-18),studio,vacancy_rate_pct,2020,2021,5.1,b,ok,1.1.1,rmr-montreal-2021-en.xlsx,submarket
Montréal,Laval (Zones 19-24),studio,vacancy_rate_pct,2020,2021,3.4,d,ok,1.1.1,rmr-montreal-2021-en.xlsx,submarket
Montréal,Montréal CMA,studio,vacancy_rate_pct,2020,2021,4.8,b,ok,1.1.1,rmr-montreal-2021-en.xlsx,cma
Montréal,Zone 5 - Ct-des-Neiges/Mt-Royal/Outremont,studio,vacancy_rate_pct,2021,2021,6.1,c,ok,1.1.1,rmr-montreal-2021-en.xlsx,zone
Montréal,Zone 14 - Dorval/Lachine/Saint-Pierre,studio,vacancy_rate_pct,2021,2021,7.2,c,ok,1.1.1,rmr-montreal-2021-en.xlsx,zone
Montréal,Zone 15 - Baie-d'Urfé/Beaconsfield etc.,studio,vacancy_rate_pct,2021,2021,,,suppressed,1.1.1,rmr-montreal-2021-en.xlsx,zone
Montréal,Montréal Island (Zones 1-18),studio,vacancy_rate_pct,2021,2021,6.9,c,ok,1.1.1,rmr-montreal-2021-en.xlsx,submarket
Montréal,Laval (Zones 19-24),studio,vacancy_rate_pct,2021,2021,5.7,d,ok,1.1.1,rmr-montreal-2021-en.xlsx,submarket
Montréal,Montréal CMA,studio,vacancy_rate_pct,2021,2021,6.5,c,ok,1.1.1,rmr-montreal-2021-en.xlsx,cma
Montréal,Zone 5 - Ct-des-Neiges/Mt-Royal/Outremont,1,vacancy_rate_pct,2020,2021,3.6,b,ok,1.1.1,rmr-montreal-2021-en.xlsx,zone
Montréal,Zone 14 - Dorval/Lachine/Saint-Pierre,1,vacancy_rate_pct,2020,2021,3.0,b,ok,1.1.1,rmr-montreal-2021-en.xlsx,zone
Montréal,Zone 15 - Baie-d'Urfé/Beaconsfield etc.,1,vacancy_rate_pct,2020,2021,2.0,c,ok,1.1.1,rmr-montreal-2021-en.xlsx,zone
Montréal,Montréal Island (Zones 1-18),1,vacancy_rate_pct,2020,2021,3.3,b,ok,1.1.1,rmr-montreal-2021-en.xlsx,submarket
Montréal,Laval (Zones 19-24),1,vacancy_rate_pct,2020,2021,3.5,c,ok,1.1.1,rmr-montreal-2021-en.xlsx,submarket
Montréal,Montréal CMA,1,vacancy_rate_pct,2020,2021,3.1,b,ok,1.1.1,rmr-montreal-2021-en.xlsx,cma
Montréal,Zone 5 - Ct-des-Neiges/Mt-Royal/Outremont,1,vacancy_rate_pct,2021,2021,5.9,b,ok,1.1.1,rmr-montreal-2021-en.xlsx,zone
Montréal,Zone 14 - Dorval/Lachine/Saint-Pierre,1,vacancy_rate_pct,2021,2021,6.0,d,ok,1.1.1,rmr-montreal-2021-en.xlsx,zone
Montréal,Zone 15 - Baie-d'Urfé/Beaconsfield etc.,1,vacancy_rate_pct,2021,2021,2.2,c,ok,1.1.1,rmr-montreal-2021-en.xlsx,zone
Montréal,Montréal Island (Zones 1-18),1,vacancy_rate_pct,2021,2021,4.5,c,ok,1.1.1,rmr-montreal-2021-en.xlsx,submarket
Montréal,Laval (Zones 19-24),1,vacancy_rate_pct,2021,2021,2.9,c,ok,1.1.1,rmr-montreal-2021-en.xlsx,submarket
Montréal,Montréal CMA,1,vacancy_rate_pct,2021,2021,4.0,b,ok,1.1.1,rmr-montreal-2021-en.xlsx,cma
Montréal,Zone 5 - Ct-des-Neiges/Mt-Royal/Outremont,2,vacancy_rate_pct,2020,2021,4.5,d,ok,1.1.1,rmr-montreal-2021-en.xlsx,zone
Montréal,Zone 14 - Dorval/Lachine/Saint-Pierre,2,vacancy_rate_pct,2020,2021,2.4,c,ok,1.1.1,rmr-montreal-2021-en.xlsx,zone
Montréal,Zone 15 - Baie-d'Urfé/Beaconsfield etc.,2,vacancy_rate_pct,2020,2021,2.4,b,ok,1.1.1,rmr-montreal-2021-en.xlsx,zone
Montréal,Montréal Island (Zones 1-18),2,vacancy_rate_pct,2020,2021,2.5,b,ok,1.1.1,rmr-montreal-2021-en.xlsx,submarket
Montréal,Laval (Zones 19-24),2,vacancy_rate_pct,2020,2021,1.7,b,ok,1.1.1,rmr-montreal-2021-en.xlsx,submarket
Montréal,Montréal CMA,2,vacancy_rate_pct,2020,2021,2.1,a,ok,1.1.1,rmr-montreal-2021-en.xlsx,cma
Montréal,Zone 5 - Ct-des-Neiges/Mt-Royal/Outremont,2,vacancy_rate_pct,2021,2021,3.8,c,ok,1.1.1,rmr-montreal-2021-en.xlsx,zone
Montréal,Zone 14 - Dorval/Lachine/Saint-Pierre,2,vacancy_rate_pct,2021,2021,2.9,b,ok,1.1.1,rmr-montreal-2021-en.xlsx,zone
Montréal,Zone 15 - Baie-d'Urfé/Beaconsfield etc.,2,vacancy_rate_pct,2021,2021,3.1,d,ok,1.1.1,rmr-montreal-2021-en.xlsx,zone
Montréal,Montréal Island (Zones 1-18),2,vacancy_rate_pct,2021,2021,2.6,b,ok,1.1.1,rmr-montreal-2021-en.xlsx,submarket
Montréal,Laval (Zones 19-24),2,vacancy_rate_pct,2021,2021,2.1,c,ok,1.1.1,rmr-montreal-2021-en.xlsx,submarket
Montréal,Montréal CMA,2,vacancy_rate_pct,2021,2021,2.1,b,ok,1.1.1,rmr-montreal-2021-en.xlsx,cma
Montréal,Zone 5 - Ct-des-Neiges/Mt-Royal/Outremont,3+,vacancy_rate_pct,2020,2021,,,suppressed,1.1.1,rmr-montreal-2021-en.xlsx,zone
Montréal,Zone 14 - Dorval/Lachine/Saint-Pierre,3+,vacancy_rate_pct,2020,2021,,,suppressed,1.1.1,rmr-montreal-2021-en.xlsx,zone
Montréal,Zone 15 - Baie-d'Urfé/Beaconsfield etc.,3+,vacancy_rate_pct,2020,2021,2.4,c,ok,1.1.1,rmr-montreal-2021-en.xlsx,zone
Montréal,Montréal Island (Zones 1-18),3+,vacancy_rate_pct,2020,2021,3.6,d,ok,1.1.1,rmr-montreal-2021-en.xlsx,submarket
Montréal,Laval (Zones 19-24),3+,vacancy_rate_pct,2020,2021,0.9,a,ok,1.1.1,rmr-montreal-2021-en.xlsx,submarket
Montréal,Montréal CMA,3+,vacancy_rate_pct,2020,2021,2.6,c,ok,1.1.1,rmr-montreal-2021-en.xlsx,cma
Montréal,Zone 5 - Ct-des-Neiges/Mt-Royal/Outremont,3+,vacancy_rate_pct,2021,2021,3.3,d,ok,1.1.1,rmr-montreal-2021-en.xlsx,zone
Montréal,Zone 14 - Dorval/Lachine/Saint-Pierre,3+,vacancy_rate_pct,2021,2021,2.5,c,ok,1.1.1,rmr-montreal-2021-en.xlsx,zone
Montréal,Zone 15 - Baie-d'Urfé/Beaconsfield etc.,3+,vacancy_rate_pct,2021,2021,,,suppressed,1.1.1,rmr-montreal-2021-en.xlsx,zone
Montréal,Montréal Island (Zones 1-18),3+,vacancy_rate_pct,2021,2021,2.8,c,ok,1.1.1,rmr-montreal-2021-en.xlsx,submarket
Montréal,Laval (Zones 19-24),3+,vacancy_rate_pct,2021,2021,1.2,a,ok,1.1.1,rmr-montreal-2021-en.xlsx,submarket
Montréal,Montréal CMA,3+,vacancy_rate_pct,2021,2021,2.1,c,ok,1.1.1,rmr-montreal-2021-en.xlsx,cma
Montréal,Zone 5 - Ct-des-Neiges/Mt-Royal/Outremont,total,vacancy_rate_pct,2020,2021,4.7,c,ok,1.1.1,rmr-montreal-2021-en.xlsx,zone
Montréal,Zone 14 - Dorval/Lachine/Saint-Pierre,total,vacancy_rate_pct,2020,2021,2.7,a,ok,1.1.1,rmr-montreal-2021-en.xlsx,zone
Montréal,Zone 15 - Baie-d'Urfé/Beaconsfield etc.,total,vacancy_rate_pct,2020,2021,2.3,a,ok,1.1.1,rmr-montreal-2021-en.xlsx,zone
Montréal,Montréal Island (Zones 1-18),total,vacancy_rate_pct,2020,2021,3.2,b,ok,1.1.1,rmr-montreal-2021-en.xlsx,submarket
Montréal,Laval (Zones 19-24),total,vacancy_rate_pct,2020,2021,2.0,b,ok,1.1.1,rmr-montreal-2021-en.xlsx,submarket
Montréal,Montréal CMA,total,vacancy_rate_pct,2020,2021,2.7,a,ok,1.1.1,rmr-montreal-2021-en.xlsx,cma
Montréal,Zone 5 - Ct-des-Neiges/Mt-Royal/Outremont,total,vacancy_rate_pct,2021,2021,4.8,b,ok,1.1.1,rmr-montreal-2021-en.xlsx,zone
Montréal,Zone 14 - Dorval/Lachine/Saint-Pierre,total,vacancy_rate_pct,2021,2021,4.2,c,ok,1.1.1,rmr-montreal-2021-en.xlsx,zone
Montréal,Zone 15 - Baie-d'Urfé/Beaconsfield etc.,total,vacancy_rate_pct,2021,2021,2.9,c,ok,1.1.1,rmr-montreal-2021-en.xlsx,zone
Montréal,Montréal Island (Zones 1-18),total,vacancy_rate_pct,2021,2021,3.7,b,ok,1.1.1,rmr-montreal-2021-en.xlsx,submarket
Montréal,Laval (Zones 19-24),total,vacancy_rate_pct,2021,2021,2.2,b,ok,1.1.1,rmr-montreal-2021-en.xlsx,submarket
Montréal,Montréal CMA,total,vacancy_rate_pct,2021,2021,3.0,a,ok,1.1.1,rmr-montreal-2021-en.xlsx,cma
Montréal,Zone 5 - Ct-des-Neiges/Mt-Royal/Outremont,studio,average_rent,2020,2021,687.0,a,ok,1.1.2,rmr-montreal-2021-en.xlsx,zone
Montréal,Zone 14 - Dorval/Lachine/Saint-Pierre,studio,average_rent,2020,2021,609.0,a,ok,1.1.2,rmr-montreal-2021-en.xlsx,zone
Montréal,Zone 15 - Baie-d'Urfé/Beaconsfield etc.,studio,average_rent,2020,2021,634.0,b,ok,1.1.2,rmr-montreal-2021-en.xlsx,zone
Montréal,Montréal Island (Zones 1-18),studio,average_rent,2020,2021,710.0,a,ok,1.1.2,rmr-montreal-2021-en.xlsx,submarket
Montréal,Laval (Zones 19-24),studio,average_rent,2020,2021,641.0,a,ok,1.1.2,rmr-montreal-2021-en.xlsx,submarket
Montréal,Montréal CMA,studio,average_rent,2020,2021,703.0,a,ok,1.1.2,rmr-montreal-2021-en.xlsx,cma
Montréal,Zone 5 - Ct-des-Neiges/Mt-Royal/Outremont,studio,average_rent,2021,2021,684.0,a,ok,1.1.2,rmr-montreal-2021-en.xlsx,zone
Montréal,Zone 14 - Dorval/Lachine/Saint-Pierre,studio,average_rent,2021,2021,636.0,a,ok,1.1.2,rmr-montreal-2021-en.xlsx,zone
Montréal,Zone 15 - Baie-d'Urfé/Beaconsfield etc.,studio,average_rent,2021,2021,622.0,c,ok,1.1.2,rmr-montreal-2021-en.xlsx,zone
Montréal,Montréal Island (Zones 1-18),studio,average_rent,2021,2021,718.0,a,ok,1.1.2,rmr-montreal-2021-en.xlsx,submarket
Montréal,Laval (Zones 19-24),studio,average_rent,2021,2021,714.0,a,ok,1.1.2,rmr-montreal-2021-en.xlsx,submarket
Montréal,Montréal CMA,studio,average_rent,2021,2021,712.0,a,ok,1.1.2,rmr-montreal-2021-en.xlsx,cma
Montréal,Zone 5 - Ct-des-Neiges/Mt-Royal/Outremont,1,average_rent,2020,2021,849.0,a,ok,1.1.2,rmr-montreal-2021-en.xlsx,zone
Montréal,Zone 14 - Dorval/Lachine/Saint-Pierre,1,average_rent,2020,2021,724.0,a,ok,1.1.2,rmr-montreal-2021-en.xlsx,zone
Montréal,Zone 15 - Baie-d'Urfé/Beaconsfield etc.,1,average_rent,2020,2021,1155.0,b,ok,1.1.2,rmr-montreal-2021-en.xlsx,zone
Montréal,Montréal Island (Zones 1-18),1,average_rent,2020,2021,819.0,a,ok,1.1.2,rmr-montreal-2021-en.xlsx,submarket
Montréal,Laval (Zones 19-24),1,average_rent,2020,2021,867.0,a,ok,1.1.2,rmr-montreal-2021-en.xlsx,submarket
Montréal,Montréal CMA,1,average_rent,2020,2021,810.0,a,ok,1.1.2,rmr-montreal-2021-en.xlsx,cma
Montréal,Zone 5 - Ct-des-Neiges/Mt-Royal/Outremont,1,average_rent,2021,2021,861.0,a,ok,1.1.2,rmr-montreal-2021-en.xlsx,zone
Montréal,Zone 14 - Dorval/Lachine/Saint-Pierre,1,average_rent,2021,2021,722.0,a,ok,1.1.2,rmr-montreal-2021-en.xlsx,zone
Montréal,Zone 15 - Baie-d'Urfé/Beaconsfield etc.,1,average_rent,2021,2021,1056.0,c,ok,1.1.2,rmr-montreal-2021-en.xlsx,zone
Montréal,Montréal Island (Zones 1-18),1,average_rent,2021,2021,823.0,a,ok,1.1.2,rmr-montreal-2021-en.xlsx,submarket
Montréal,Laval (Zones 19-24),1,average_rent,2021,2021,920.0,b,ok,1.1.2,rmr-montreal-2021-en.xlsx,submarket
Montréal,Montréal CMA,1,average_rent,2021,2021,821.0,a,ok,1.1.2,rmr-montreal-2021-en.xlsx,cma
Montréal,Zone 5 - Ct-des-Neiges/Mt-Royal/Outremont,2,average_rent,2020,2021,1084.0,a,ok,1.1.2,rmr-montreal-2021-en.xlsx,zone
Montréal,Zone 14 - Dorval/Lachine/Saint-Pierre,2,average_rent,2020,2021,832.0,a,ok,1.1.2,rmr-montreal-2021-en.xlsx,zone
Montréal,Zone 15 - Baie-d'Urfé/Beaconsfield etc.,2,average_rent,2020,2021,1333.0,a,ok,1.1.2,rmr-montreal-2021-en.xlsx,zone
Montréal,Montréal Island (Zones 1-18),2,average_rent,2020,2021,907.0,a,ok,1.1.2,rmr-montreal-2021-en.xlsx,submarket
Montréal,Laval (Zones 19-24),2,average_rent,2020,2021,902.0,a,ok,1.1.2,rmr-montreal-2021-en.xlsx,submarket
Montréal,Montréal CMA,2,average_rent,2020,2021,903.0,a,ok,1.1.2,rmr-montreal-2021-en.xlsx,cma
Montréal,Zone 5 - Ct-des-Neiges/Mt-Royal/Outremont,2,average_rent,2021,2021,1084.0,a,ok,1.1.2,rmr-montreal-2021-en.xlsx,zone
Montréal,Zone 14 - Dorval/Lachine/Saint-Pierre,2,average_rent,2021,2021,826.0,a,ok,1.1.2,rmr-montreal-2021-en.xlsx,zone
Montréal,Zone 15 - Baie-d'Urfé/Beaconsfield etc.,2,average_rent,2021,2021,1322.0,c,ok,1.1.2,rmr-montreal-2021-en.xlsx,zone
Montréal,Montréal Island (Zones 1-18),2,average_rent,2021,2021,931.0,a,ok,1.1.2,rmr-montreal-2021-en.xlsx,submarket
Montréal,Laval (Zones 19-24),2,average_rent,2021,2021,953.0,a,ok,1.1.2,rmr-montreal-2021-en.xlsx,submarket
Montréal,Montréal CMA,2,average_rent,2021,2021,932.0,a,ok,1.1.2,rmr-montreal-2021-en.xlsx,cma
Montréal,Zone 5 - Ct-des-Neiges/Mt-Royal/Outremont,3+,average_rent,2020,2021,1258.0,b,ok,1.1.2,rmr-montreal-2021-en.xlsx,zone
Montréal,Zone 14 - Dorval/Lachine/Saint-Pierre,3+,average_rent,2020,2021,1126.0,b,ok,1.1.2,rmr-montreal-2021-en.xlsx,zone
Montréal,Zone 15 - Baie-d'Urfé/Beaconsfield etc.,3+,average_rent,2020,2021,1458.0,c,ok,1.1.2,rmr-montreal-2021-en.xlsx,zone
Montréal,Montréal Island (Zones 1-18),3+,average_rent,2020,2021,1155.0,a,ok,1.1.2,rmr-montreal-2021-en.xlsx,submarket
Montréal,Laval (Zones 19-24),3+,average_rent,2020,2021,1036.0,a,ok,1.1.2,rmr-montreal-2021-en.xlsx,submarket
Montréal,Montréal CMA,3+,average_rent,2020,2021,1112.0,a,ok,1.1.2,rmr-montreal-2021-en.xlsx,cma
Montréal,Zone 5 - Ct-des-Neiges/Mt-Royal/Outremont,3+,average_rent,2021,2021,1232.0,b,ok,1.1.2,rmr-montreal-2021-en.xlsx,zone
Montréal,Zone 14 - Dorval/Lachine/Saint-Pierre,3+,average_rent,2021,2021,944.0,c,ok,1.1.2,rmr-montreal-2021-en.xlsx,zone
Montréal,Zone 15 - Baie-d'Urfé/Beaconsfield etc.,3+,average_rent,2021,2021,,,suppressed,1.1.2,rmr-montreal-2021-en.xlsx,zone
Montréal,Montréal Island (Zones 1-18),3+,average_rent,2021,2021,1193.0,a,ok,1.1.2,rmr-montreal-2021-en.xlsx,submarket
Montréal,Laval (Zones 19-24),3+,average_rent,2021,2021,1082.0,a,ok,1.1.2,rmr-montreal-2021-en.xlsx,submarket
Montréal,Montréal CMA,3+,average_rent,2021,2021,1144.0,a,ok,1.1.2,rmr-montreal-2021-en.xlsx,cma
Montréal,Zone 5 - Ct-des-Neiges/Mt-Royal/Outremont,total,average_rent,2020,2021,969.0,a,ok,1.1.2,rmr-montreal-2021-en.xlsx,zone
Montréal,Zone 14 - Dorval/Lachine/Saint-Pierre,total,average_rent,2020,2021,827.0,a,ok,1.1.2,rmr-montreal-2021-en.xlsx,zone
Montréal,Zone 15 - Baie-d'Urfé/Beaconsfield etc.,total,average_rent,2020,2021,1264.0,a,ok,1.1.2,rmr-montreal-2021-en.xlsx,zone
Montréal,Montréal Island (Zones 1-18),total,average_rent,2020,2021,893.0,a,ok,1.1.2,rmr-montreal-2021-en.xlsx,submarket
Montréal,Laval (Zones 19-24),total,average_rent,2020,2021,906.0,a,ok,1.1.2,rmr-montreal-2021-en.xlsx,submarket
Montréal,Montréal CMA,total,average_rent,2020,2021,891.0,a,ok,1.1.2,rmr-montreal-2021-en.xlsx,cma
Montréal,Zone 5 - Ct-des-Neiges/Mt-Royal/Outremont,total,average_rent,2021,2021,975.0,a,ok,1.1.2,rmr-montreal-2021-en.xlsx,zone
Montréal,Zone 14 - Dorval/Lachine/Saint-Pierre,total,average_rent,2021,2021,789.0,a,ok,1.1.2,rmr-montreal-2021-en.xlsx,zone
Montréal,Zone 15 - Baie-d'Urfé/Beaconsfield etc.,total,average_rent,2021,2021,1239.0,c,ok,1.1.2,rmr-montreal-2021-en.xlsx,zone
Montréal,Montréal Island (Zones 1-18),total,average_rent,2021,2021,909.0,a,ok,1.1.2,rmr-montreal-2021-en.xlsx,submarket
Montréal,Laval (Zones 19-24),total,average_rent,2021,2021,961.0,a,ok,1.1.2,rmr-montreal-2021-en.xlsx,submarket
Montréal,Montréal CMA,total,average_rent,2021,2021,913.0,a,ok,1.1.2,rmr-montreal-2021-en.xlsx,cma
Montréal,Zone 5 - Ct-des-Neiges/Mt-Royal/Outremont,studio,fixed_sample_rent_change_pct,2020,2021,5.0,d,ok,1.1.5,rmr-montreal-2021-en.xlsx,zone
Montréal,Zone 14 - Dorval/Lachine/Saint-Pierre,studio,fixed_sample_rent_change_pct,2020,2021,5.8,c,ok,1.1.5,rmr-montreal-2021-en.xlsx,zone
Montréal,Zone 15 - Baie-d'Urfé/Beaconsfield etc.,studio,fixed_sample_rent_change_pct,2020,2021,,,suppressed,1.1.5,rmr-montreal-2021-en.xlsx,zone
Montréal,Montréal Island (Zones 1-18),studio,fixed_sample_rent_change_pct,2020,2021,5.6,b,ok,1.1.5,rmr-montreal-2021-en.xlsx,submarket
Montréal,Laval (Zones 19-24),studio,fixed_sample_rent_change_pct,2020,2021,3.5,c,ok,1.1.5,rmr-montreal-2021-en.xlsx,submarket
Montréal,Montréal CMA,studio,fixed_sample_rent_change_pct,2020,2021,5.4,b,ok,1.1.5,rmr-montreal-2021-en.xlsx,cma
Montréal,Zone 5 - Ct-des-Neiges/Mt-Royal/Outremont,studio,fixed_sample_rent_change_pct,2021,2021,4.2,d,ok,1.1.5,rmr-montreal-2021-en.xlsx,zone
Montréal,Zone 14 - Dorval/Lachine/Saint-Pierre,studio,fixed_sample_rent_change_pct,2021,2021,4.8,d,ok,1.1.5,rmr-montreal-2021-en.xlsx,zone
Montréal,Zone 15 - Baie-d'Urfé/Beaconsfield etc.,studio,fixed_sample_rent_change_pct,2021,2021,5.6,d,ok,1.1.5,rmr-montreal-2021-en.xlsx,zone
Montréal,Montréal Island (Zones 1-18),studio,fixed_sample_rent_change_pct,2021,2021,3.4,b,ok,1.1.5,rmr-montreal-2021-en.xlsx,submarket
Montréal,Laval (Zones 19-24),studio,fixed_sample_rent_change_pct,2021,2021,,,not_significant,1.1.5,rmr-montreal-2021-en.xlsx,submarket
Montréal,Montréal CMA,studio,fixed_sample_rent_change_pct,2021,2021,3.4,b,ok,1.1.5,rmr-montreal-2021-en.xlsx,cma
Montréal,Zone 5 - Ct-des-Neiges/Mt-Royal/Outremont,1,fixed_sample_rent_change_pct,2020,2021,4.1,c,ok,1.1.5,rmr-montreal-2021-en.xlsx,zone
Montréal,Zone 14 - Dorval/Lachine/Saint-Pierre,1,fixed_sample_rent_change_pct,2020,2021,6.2,c,ok,1.1.5,rmr-montreal-2021-en.xlsx,zone
Montréal,Zone 15 - Baie-d'Urfé/Beaconsfield etc.,1,fixed_sample_rent_change_pct,2020,2021,,,suppressed,1.1.5,rmr-montreal-2021-en.xlsx,zone
Montréal,Montréal Island (Zones 1-18),1,fixed_sample_rent_change_pct,2020,2021,5.0,a,ok,1.1.5,rmr-montreal-2021-en.xlsx,submarket
Montréal,Laval (Zones 19-24),1,fixed_sample_rent_change_pct,2020,2021,2.9,b,ok,1.1.5,rmr-montreal-2021-en.xlsx,submarket
Montréal,Montréal CMA,1,fixed_sample_rent_change_pct,2020,2021,4.6,a,ok,1.1.5,rmr-montreal-2021-en.xlsx,cma
Montréal,Zone 5 - Ct-des-Neiges/Mt-Royal/Outremont,1,fixed_sample_rent_change_pct,2021,2021,3.5,c,ok,1.1.5,rmr-montreal-2021-en.xlsx,zone
Montréal,Zone 14 - Dorval/Lachine/Saint-Pierre,1,fixed_sample_rent_change_pct,2021,2021,2.7,c,ok,1.1.5,rmr-montreal-2021-en.xlsx,zone
Montréal,Zone 15 - Baie-d'Urfé/Beaconsfield etc.,1,fixed_sample_rent_change_pct,2021,2021,,,not_significant,1.1.5,rmr-montreal-2021-en.xlsx,zone
Montréal,Montréal Island (Zones 1-18),1,fixed_sample_rent_change_pct,2021,2021,3.3,b,ok,1.1.5,rmr-montreal-2021-en.xlsx,submarket
Montréal,Laval (Zones 19-24),1,fixed_sample_rent_change_pct,2021,2021,2.9,c,ok,1.1.5,rmr-montreal-2021-en.xlsx,submarket
Montréal,Montréal CMA,1,fixed_sample_rent_change_pct,2021,2021,3.4,b,ok,1.1.5,rmr-montreal-2021-en.xlsx,cma
Montréal,Zone 5 - Ct-des-Neiges/Mt-Royal/Outremont,2,fixed_sample_rent_change_pct,2020,2021,3.4,c,ok,1.1.5,rmr-montreal-2021-en.xlsx,zone
Montréal,Zone 14 - Dorval/Lachine/Saint-Pierre,2,fixed_sample_rent_change_pct,2020,2021,5.5,c,ok,1.1.5,rmr-montreal-2021-en.xlsx,zone
Montréal,Zone 15 - Baie-d'Urfé/Beaconsfield etc.,2,fixed_sample_rent_change_pct,2020,2021,3.1,c,ok,1.1.5,rmr-montreal-2021-en.xlsx,zone
Montréal,Montréal Island (Zones 1-18),2,fixed_sample_rent_change_pct,2020,2021,3.8,b,ok,1.1.5,rmr-montreal-2021-en.xlsx,submarket
Montréal,Laval (Zones 19-24),2,fixed_sample_rent_change_pct,2020,2021,2.2,b,ok,1.1.5,rmr-montreal-2021-en.xlsx,submarket
Montréal,Montréal CMA,2,fixed_sample_rent_change_pct,2020,2021,3.6,a,ok,1.1.5,rmr-montreal-2021-en.xlsx,cma
Montréal,Zone 5 - Ct-des-Neiges/Mt-Royal/Outremont,2,fixed_sample_rent_change_pct,2021,2021,3.8,c,ok,1.1.5,rmr-montreal-2021-en.xlsx,zone
Montréal,Zone 14 - Dorval/Lachine/Saint-Pierre,2,fixed_sample_rent_change_pct,2021,2021,,,not_significant,1.1.5,rmr-montreal-2021-en.xlsx,zone
Montréal,Zone 15 - Baie-d'Urfé/Beaconsfield etc.,2,fixed_sample_rent_change_pct,2021,2021,,,not_significant,1.1.5,rmr-montreal-2021-en.xlsx,zone
Montréal,Montréal Island (Zones 1-18),2,fixed_sample_rent_change_pct,2021,2021,4.1,b,ok,1.1.5,rmr-montreal-2021-en.xlsx,submarket
Montréal,Laval (Zones 19-24),2,fixed_sample_rent_change_pct,2021,2021,2.4,c,ok,1.1.5,rmr-montreal-2021-en.xlsx,submarket
Montréal,Montréal CMA,2,fixed_sample_rent_change_pct,2021,2021,3.9,b,ok,1.1.5,rmr-montreal-2021-en.xlsx,cma
Montréal,Zone 5 - Ct-des-Neiges/Mt-Royal/Outremont,3+,fixed_sample_rent_change_pct,2020,2021,,,not_significant,1.1.5,rmr-montreal-2021-en.xlsx,zone
Montréal,Zone 14 - Dorval/Lachine/Saint-Pierre,3+,fixed_sample_rent_change_pct,2020,2021,,,suppressed,1.1.5,rmr-montreal-2021-en.xlsx,zone
Montréal,Zone 15 - Baie-d'Urfé/Beaconsfield etc.,3+,fixed_sample_rent_change_pct,2020,2021,,,not_significant,1.1.5,rmr-montreal-2021-en.xlsx,zone
Montréal,Montréal Island (Zones 1-18),3+,fixed_sample_rent_change_pct,2020,2021,2.2,c,ok,1.1.5,rmr-montreal-2021-en.xlsx,submarket
Montréal,Laval (Zones 19-24),3+,fixed_sample_rent_change_pct,2020,2021,2.6,c,ok,1.1.5,rmr-montreal-2021-en.xlsx,submarket
Montréal,Montréal CMA,3+,fixed_sample_rent_change_pct,2020,2021,2.4,c,ok,1.1.5,rmr-montreal-2021-en.xlsx,cma
Montréal,Zone 5 - Ct-des-Neiges/Mt-Royal/Outremont,3+,fixed_sample_rent_change_pct,2021,2021,,,not_significant,1.1.5,rmr-montreal-2021-en.xlsx,zone
Montréal,Zone 14 - Dorval/Lachine/Saint-Pierre,3+,fixed_sample_rent_change_pct,2021,2021,,,not_significant,1.1.5,rmr-montreal-2021-en.xlsx,zone
Montréal,Zone 15 - Baie-d'Urfé/Beaconsfield etc.,3+,fixed_sample_rent_change_pct,2021,2021,4.1,d,ok,1.1.5,rmr-montreal-2021-en.xlsx,zone
Montréal,Montréal Island (Zones 1-18),3+,fixed_sample_rent_change_pct,2021,2021,,,suppressed,1.1.5,rmr-montreal-2021-en.xlsx,submarket
Montréal,Laval (Zones 19-24),3+,fixed_sample_rent_change_pct,2021,2021,2.2,c,ok,1.1.5,rmr-montreal-2021-en.xlsx,submarket
Montréal,Montréal CMA,3+,fixed_sample_rent_change_pct,2021,2021,5.4,c,ok,1.1.5,rmr-montreal-2021-en.xlsx,cma
Montréal,Zone 5 - Ct-des-Neiges/Mt-Royal/Outremont,total,fixed_sample_rent_change_pct,2020,2021,3.4,c,ok,1.1.5,rmr-montreal-2021-en.xlsx,zone
Montréal,Zone 14 - Dorval/Lachine/Saint-Pierre,total,fixed_sample_rent_change_pct,2020,2021,5.9,b,ok,1.1.5,rmr-montreal-2021-en.xlsx,zone
Montréal,Zone 15 - Baie-d'Urfé/Beaconsfield etc.,total,fixed_sample_rent_change_pct,2020,2021,3.9,c,ok,1.1.5,rmr-montreal-2021-en.xlsx,zone
Montréal,Montréal Island (Zones 1-18),total,fixed_sample_rent_change_pct,2020,2021,4.6,a,ok,1.1.5,rmr-montreal-2021-en.xlsx,submarket
Montréal,Laval (Zones 19-24),total,fixed_sample_rent_change_pct,2020,2021,2.2,b,ok,1.1.5,rmr-montreal-2021-en.xlsx,submarket
Montréal,Montréal CMA,total,fixed_sample_rent_change_pct,2020,2021,4.2,a,ok,1.1.5,rmr-montreal-2021-en.xlsx,cma
Montréal,Zone 5 - Ct-des-Neiges/Mt-Royal/Outremont,total,fixed_sample_rent_change_pct,2021,2021,3.6,c,ok,1.1.5,rmr-montreal-2021-en.xlsx,zone
Montréal,Zone 14 - Dorval/Lachine/Saint-Pierre,total,fixed_sample_rent_change_pct,2021,2021,,,suppressed,1.1.5,rmr-montreal-2021-en.xlsx,zone
Montréal,Zone 15 - Baie-d'Urfé/Beaconsfield etc.,total,fixed_sample_rent_change_pct,2021,2021,,,not_significant,1.1.5,rmr-montreal-2021-en.xlsx,zone
Montréal,Montréal Island (Zones 1-18),total,fixed_sample_rent_change_pct,2021,2021,3.7,b,ok,1.1.5,rmr-montreal-2021-en.xlsx,submarket
Montréal,Laval (Zones 19-24),total,fixed_sample_rent_change_pct,2021,2021,2.7,b,ok,1.1.5,rmr-montreal-2021-en.xlsx,submarket
Montréal,Montréal CMA,total,fixed_sample_rent_change_pct,2021,2021,3.7,a,ok,1.1.5,rmr-montreal-2021-en.xlsx,cma
Montréal,Zone 5 - Ct-des-Neiges/Mt-Royal/Outremont,studio,turnover_rate_pct,2020,2021,,,suppressed,1.1.6,rmr-montreal-2021-en.xlsx,zone
Montréal,Zone 14 - Dorval/Lachine/Saint-Pierre,studio,turnover_rate_pct,2020,2021,13.1,d,ok,1.1.6,rmr-montreal-2021-en.xlsx,zone
Montréal,Zone 15 - Baie-d'Urfé/Beaconsfield etc.,studio,turnover_rate_pct,2020,2021,,,suppressed,1.1.6,rmr-montreal-2021-en.xlsx,zone
Montréal,Montréal Island (Zones 1-18),studio,turnover_rate_pct,2020,2021,17.1,d,ok,1.1.6,rmr-montreal-2021-en.xlsx,submarket
Montréal,Laval (Zones 19-24),studio,turnover_rate_pct,2020,2021,11.8,d,ok,1.1.6,rmr-montreal-2021-en.xlsx,submarket
Montréal,Montréal CMA,studio,turnover_rate_pct,2020,2021,16.9,a,ok,1.1.6,rmr-montreal-2021-en.xlsx,cma
Montréal,Zone 5 - Ct-des-Neiges/Mt-Royal/Outremont,studio,turnover_rate_pct,2021,2021,18.2,d,ok,1.1.6,rmr-montreal-2021-en.xlsx,zone
Montréal,Zone 14 - Dorval/Lachine/Saint-Pierre,studio,turnover_rate_pct,2021,2021,10.1,d,ok,1.1.6,rmr-montreal-2021-en.xlsx,zone
Montréal,Zone 15 - Baie-d'Urfé/Beaconsfield etc.,studio,turnover_rate_pct,2021,2021,,,suppressed,1.1.6,rmr-montreal-2021-en.xlsx,zone
Montréal,Montréal Island (Zones 1-18),studio,turnover_rate_pct,2021,2021,19.1,a,ok,1.1.6,rmr-montreal-2021-en.xlsx,submarket
Montréal,Laval (Zones 19-24),studio,turnover_rate_pct,2021,2021,13.8,d,ok,1.1.6,rmr-montreal-2021-en.xlsx,submarket
Montréal,Montréal CMA,studio,turnover_rate_pct,2021,2021,19.2,a,ok,1.1.6,rmr-montreal-2021-en.xlsx,cma
Montréal,Zone 5 - Ct-des-Neiges/Mt-Royal/Outremont,1,turnover_rate_pct,2020,2021,12.9,a,ok,1.1.6,rmr-montreal-2021-en.xlsx,zone
Montréal,Zone 14 - Dorval/Lachine/Saint-Pierre,1,turnover_rate_pct,2020,2021,12.4,c,ok,1.1.6,rmr-montreal-2021-en.xlsx,zone
Montréal,Zone 15 - Baie-d'Urfé/Beaconsfield etc.,1,turnover_rate_pct,2020,2021,17.9,d,ok,1.1.6,rmr-montreal-2021-en.xlsx,zone
Montréal,Montréal Island (Zones 1-18),1,turnover_rate_pct,2020,2021,13.9,c,ok,1.1.6,rmr-montreal-2021-en.xlsx,submarket
Montréal,Laval (Zones 19-24),1,turnover_rate_pct,2020,2021,15.1,a,ok,1.1.6,rmr-montreal-2021-en.xlsx,submarket
Montréal,Montréal CMA,1,turnover_rate_pct,2020,2021,13.7,a,ok,1.1.6,rmr-montreal-2021-en.xlsx,cma
Montréal,Zone 5 - Ct-des-Neiges/Mt-Royal/Outremont,1,turnover_rate_pct,2021,2021,14.3,c,ok,1.1.6,rmr-montreal-2021-en.xlsx,zone
Montréal,Zone 14 - Dorval/Lachine/Saint-Pierre,1,turnover_rate_pct,2021,2021,10.7,d,ok,1.1.6,rmr-montreal-2021-en.xlsx,zone
Montréal,Zone 15 - Baie-d'Urfé/Beaconsfield etc.,1,turnover_rate_pct,2021,2021,,,suppressed,1.1.6,rmr-montreal-2021-en.xlsx,zone
Montréal,Montréal Island (Zones 1-18),1,turnover_rate_pct,2021,2021,12.4,c,ok,1.1.6,rmr-montreal-2021-en.xlsx,submarket
Montréal,Laval (Zones 19-24),1,turnover_rate_pct,2021,2021,13.0,c,ok,1.1.6,rmr-montreal-2021-en.xlsx,submarket
Montréal,Montréal CMA,1,turnover_rate_pct,2021,2021,12.8,c,ok,1.1.6,rmr-montreal-2021-en.xlsx,cma
Montréal,Zone 5 - Ct-des-Neiges/Mt-Royal/Outremont,2,turnover_rate_pct,2020,2021,8.9,b,ok,1.1.6,rmr-montreal-2021-en.xlsx,zone
Montréal,Zone 14 - Dorval/Lachine/Saint-Pierre,2,turnover_rate_pct,2020,2021,11.9,d,ok,1.1.6,rmr-montreal-2021-en.xlsx,zone
Montréal,Zone 15 - Baie-d'Urfé/Beaconsfield etc.,2,turnover_rate_pct,2020,2021,12.8,c,ok,1.1.6,rmr-montreal-2021-en.xlsx,zone
Montréal,Montréal Island (Zones 1-18),2,turnover_rate_pct,2020,2021,8.7,b,ok,1.1.6,rmr-montreal-2021-en.xlsx,submarket
Montréal,Laval (Zones 19-24),2,turnover_rate_pct,2020,2021,11.4,a,ok,1.1.6,rmr-montreal-2021-en.xlsx,submarket
Montréal,Montréal CMA,2,turnover_rate_pct,2020,2021,9.6,a,ok,1.1.6,rmr-montreal-2021-en.xlsx,cma
Montréal,Zone 5 - Ct-des-Neiges/Mt-Royal/Outremont,2,turnover_rate_pct,2021,2021,12.3,c,ok,1.1.6,rmr-montreal-2021-en.xlsx,zone
Montréal,Zone 14 - Dorval/Lachine/Saint-Pierre,2,turnover_rate_pct,2021,2021,9.8,c,ok,1.1.6,rmr-montreal-2021-en.xlsx,zone
Montréal,Zone 15 - Baie-d'Urfé/Beaconsfield etc.,2,turnover_rate_pct,2021,2021,14.6,d,ok,1.1.6,rmr-montreal-2021-en.xlsx,zone
Montréal,Montréal Island (Zones 1-18),2,turnover_rate_pct,2021,2021,10.1,c,ok,1.1.6,rmr-montreal-2021-en.xlsx,submarket
Montréal,Laval (Zones 19-24),2,turnover_rate_pct,2021,2021,9.7,b,ok,1.1.6,rmr-montreal-2021-en.xlsx,submarket
Montréal,Montréal CMA,2,turnover_rate_pct,2021,2021,10.3,c,ok,1.1.6,rmr-montreal-2021-en.xlsx,cma
Montréal,Zone 5 - Ct-des-Neiges/Mt-Royal/Outremont,3+,turnover_rate_pct,2020,2021,,,suppressed,1.1.6,rmr-montreal-2021-en.xlsx,zone
Montréal,Zone 14 - Dorval/Lachine/Saint-Pierre,3+,turnover_rate_pct,2020,2021,,,suppressed,1.1.6,rmr-montreal-2021-en.xlsx,zone
Montréal,Zone 15 - Baie-d'Urfé/Beaconsfield etc.,3+,turnover_rate_pct,2020,2021,5.1,d,ok,1.1.6,rmr-montreal-2021-en.xlsx,zone
Montréal,Montréal Island (Zones 1-18),3+,turnover_rate_pct,2020,2021,8.0,c,ok,1.1.6,rmr-montreal-2021-en.xlsx,submarket
Montréal,Laval (Zones 19-24),3+,turnover_rate_pct,2020,2021,10.5,d,ok,1.1.6,rmr-montreal-2021-en.xlsx,submarket
Montréal,Montréal CMA,3+,turnover_rate_pct,2020,2021,9.4,b,ok,1.1.6,rmr-montreal-2021-en.xlsx,cma
Montréal,Zone 5 - Ct-des-Neiges/Mt-Royal/Outremont,3+,turnover_rate_pct,2021,2021,,,suppressed,1.1.6,rmr-montreal-2021-en.xlsx,zone
Montréal,Zone 14 - Dorval/Lachine/Saint-Pierre,3+,turnover_rate_pct,2021,2021,,,suppressed,1.1.6,rmr-montreal-2021-en.xlsx,zone
Montréal,Zone 15 - Baie-d'Urfé/Beaconsfield etc.,3+,turnover_rate_pct,2021,2021,,,suppressed,1.1.6,rmr-montreal-2021-en.xlsx,zone
Montréal,Montréal Island (Zones 1-18),3+,turnover_rate_pct,2021,2021,6.9,c,ok,1.1.6,rmr-montreal-2021-en.xlsx,submarket
Montréal,Laval (Zones 19-24),3+,turnover_rate_pct,2021,2021,6.0,c,ok,1.1.6,rmr-montreal-2021-en.xlsx,submarket
Montréal,Montréal CMA,3+,turnover_rate_pct,2021,2021,8.1,c,ok,1.1.6,rmr-montreal-2021-en.xlsx,cma
Montréal,Zone 5 - Ct-des-Neiges/Mt-Royal/Outremont,total,turnover_rate_pct,2020,2021,12.4,c,ok,1.1.6,rmr-montreal-2021-en.xlsx,zone
Montréal,Zone 14 - Dorval/Lachine/Saint-Pierre,total,turnover_rate_pct,2020,2021,12.6,c,ok,1.1.6,rmr-montreal-2021-en.xlsx,zone
Montréal,Zone 15 - Baie-d'Urfé/Beaconsfield etc.,total,turnover_rate_pct,2020,2021,14.1,c,ok,1.1.6,rmr-montreal-2021-en.xlsx,zone
Montréal,Montréal Island (Zones 1-18),total,turnover_rate_pct,2020,2021,11.1,a,ok,1.1.6,rmr-montreal-2021-en.xlsx,submarket
Montréal,Laval (Zones 19-24),total,turnover_rate_pct,2020,2021,12.0,a,ok,1.1.6,rmr-montreal-2021-en.xlsx,submarket
Montréal,Montréal CMA,total,turnover_rate_pct,2020,2021,11.4,a,ok,1.1.6,rmr-montreal-2021-en.xlsx,cma
Montréal,Zone 5 - Ct-des-Neiges/Mt-Royal/Outremont,total,turnover_rate_pct,2021,2021,12.9,a,ok,1.1.6,rmr-montreal-2021-en.xlsx,zone
Montréal,Zone 14 - Dorval/Lachine/Saint-Pierre,total,turnover_rate_pct,2021,2021,9.8,b,ok,1.1.6,rmr-montreal-2021-en.xlsx,zone
Montréal,Zone 15 - Baie-d'Urfé/Beaconsfield etc.,total,turnover_rate_pct,2021,2021,,,suppressed,1.1.6,rmr-montreal-2021-en.xlsx,zone
Montréal,Montréal Island (Zones 1-18),total,turnover_rate_pct,2021,2021,11.3,a,ok,1.1.6,rmr-montreal-2021-en.xlsx,submarket
Montréal,Laval (Zones 19-24),total,turnover_rate_pct,2021,2021,9.8,b,ok,1.1.6,rmr-montreal-2021-en.xlsx,submarket
Montréal,Montréal CMA,total,turnover_rate_pct,2021,2021,11.4,a,ok,1.1.6,rmr-montreal-2021-en.xlsx,cma
Montréal,Zone 5 - Ct-des-Neiges/Mt-Royal/Outremont,studio,vacant_unit_rent,2021,2021,740.0,b,ok,1.1.9,rmr-montreal-2021-en.xlsx,zone
Montréal,Zone 14 - Dorval/Lachine/Saint-Pierre,studio,vacant_unit_rent,2021,2021,659.0,b,ok,1.1.9,rmr-montreal-2021-en.xlsx,zone
Montréal,Zone 15 - Baie-d'Urfé/Beaconsfield etc.,studio,vacant_unit_rent,2021,2021,,,suppressed,1.1.9,rmr-montreal-2021-en.xlsx,zone
Montréal,Montréal Island (Zones 1-18),studio,vacant_unit_rent,2021,2021,733.0,b,ok,1.1.9,rmr-montreal-2021-en.xlsx,submarket
Montréal,Laval (Zones 19-24),studio,vacant_unit_rent,2021,2021,880.0,b,ok,1.1.9,rmr-montreal-2021-en.xlsx,submarket
Montréal,Montréal CMA,studio,vacant_unit_rent,2021,2021,733.0,b,ok,1.1.9,rmr-montreal-2021-en.xlsx,cma
Montréal,Zone 5 - Ct-des-Neiges/Mt-Royal/Outremont,studio,occupied_unit_rent,2021,2021,681.0,a,ok,1.1.9,rmr-montreal-2021-en.xlsx,zone
Montréal,Zone 14 - Dorval/Lachine/Saint-Pierre,studio,occupied_unit_rent,2021,2021,635.0,a,ok,1.1.9,rmr-montreal-2021-en.xlsx,zone
Montréal,Zone 15 - Baie-d'Urfé/Beaconsfield etc.,studio,occupied_unit_rent,2021,2021,625.0,c,ok,1.1.9,rmr-montreal-2021-en.xlsx,zone
Montréal,Montréal Island (Zones 1-18),studio,occupied_unit_rent,2021,2021,717.0,a,ok,1.1.9,rmr-montreal-2021-en.xlsx,submarket
Montréal,Laval (Zones 19-24),studio,occupied_unit_rent,2021,2021,704.0,a,ok,1.1.9,rmr-montreal-2021-en.xlsx,submarket
Montréal,Montréal CMA,studio,occupied_unit_rent,2021,2021,710.0,a,ok,1.1.9,rmr-montreal-2021-en.xlsx,cma
Montréal,Zone 5 - Ct-des-Neiges/Mt-Royal/Outremont,1,vacant_unit_rent,2021,2021,937.0,a,ok,1.1.9,rmr-montreal-2021-en.xlsx,zone
Montréal,Zone 14 - Dorval/Lachine/Saint-Pierre,1,vacant_unit_rent,2021,2021,726.0,b,ok,1.1.9,rmr-montreal-2021-en.xlsx,zone
Montréal,Zone 15 - Baie-d'Urfé/Beaconsfield etc.,1,vacant_unit_rent,2021,2021,,,suppressed,1.1.9,rmr-montreal-2021-en.xlsx,zone
Montréal,Montréal Island (Zones 1-18),1,vacant_unit_rent,2021,2021,906.0,b,ok,1.1.9,rmr-montreal-2021-en.xlsx,submarket
Montréal,Laval (Zones 19-24),1,vacant_unit_rent,2021,2021,1087.0,d,ok,1.1.9,rmr-montreal-2021-en.xlsx,submarket
Montréal,Montréal CMA,1,vacant_unit_rent,2021,2021,909.0,b,ok,1.1.9,rmr-montreal-2021-en.xlsx,cma
Montréal,Zone 5 - Ct-des-Neiges/Mt-Royal/Outremont,1,occupied_unit_rent,2021,2021,856.0,a,ok,1.1.9,rmr-montreal-2021-en.xlsx,zone
Montréal,Zone 14 - Dorval/Lachine/Saint-Pierre,1,occupied_unit_rent,2021,2021,721.0,a,ok,1.1.9,rmr-montreal-2021-en.xlsx,zone
Montréal,Zone 15 - Baie-d'Urfé/Beaconsfield etc.,1,occupied_unit_rent,2021,2021,1052.0,c,ok,1.1.9,rmr-montreal-2021-en.xlsx,zone
Montréal,Montréal Island (Zones 1-18),1,occupied_unit_rent,2021,2021,819.0,a,ok,1.1.9,rmr-montreal-2021-en.xlsx,submarket
Montréal,Laval (Zones 19-24),1,occupied_unit_rent,2021,2021,915.0,a,ok,1.1.9,rmr-montreal-2021-en.xlsx,submarket
Montréal,Montréal CMA,1,occupied_unit_rent,2021,2021,817.0,a,ok,1.1.9,rmr-montreal-2021-en.xlsx,cma
Montréal,Zone 5 - Ct-des-Neiges/Mt-Royal/Outremont,2,vacant_unit_rent,2021,2021,1209.0,a,ok,1.1.9,rmr-montreal-2021-en.xlsx,zone
Montréal,Zone 14 - Dorval/Lachine/Saint-Pierre,2,vacant_unit_rent,2021,2021,918.0,b,ok,1.1.9,rmr-montreal-2021-en.xlsx,zone
Montréal,Zone 15 - Baie-d'Urfé/Beaconsfield etc.,2,vacant_unit_rent,2021,2021,1793.0,d,ok,1.1.9,rmr-montreal-2021-en.xlsx,zone
Montréal,Montréal Island (Zones 1-18),2,vacant_unit_rent,2021,2021,1124.0,b,ok,1.1.9,rmr-montreal-2021-en.xlsx,submarket
Montréal,Laval (Zones 19-24),2,vacant_unit_rent,2021,2021,1329.0,c,ok,1.1.9,rmr-montreal-2021-en.xlsx,submarket
Montréal,Montréal CMA,2,vacant_unit_rent,2021,2021,1133.0,b,ok,1.1.9,rmr-montreal-2021-en.xlsx,cma
Montréal,Zone 5 - Ct-des-Neiges/Mt-Royal/Outremont,2,occupied_unit_rent,2021,2021,1079.0,a,ok,1.1.9,rmr-montreal-2021-en.xlsx,zone
Montréal,Zone 14 - Dorval/Lachine/Saint-Pierre,2,occupied_unit_rent,2021,2021,823.0,a,ok,1.1.9,rmr-montreal-2021-en.xlsx,zone
Montréal,Zone 15 - Baie-d'Urfé/Beaconsfield etc.,2,occupied_unit_rent,2021,2021,1307.0,c,ok,1.1.9,rmr-montreal-2021-en.xlsx,zone
Montréal,Montréal Island (Zones 1-18),2,occupied_unit_rent,2021,2021,926.0,a,ok,1.1.9,rmr-montreal-2021-en.xlsx,submarket
Montréal,Laval (Zones 19-24),2,occupied_unit_rent,2021,2021,945.0,a,ok,1.1.9,rmr-montreal-2021-en.xlsx,submarket
Montréal,Montréal CMA,2,occupied_unit_rent,2021,2021,928.0,a,ok,1.1.9,rmr-montreal-2021-en.xlsx,cma
Montréal,Zone 5 - Ct-des-Neiges/Mt-Royal/Outremont,3+,vacant_unit_rent,2021,2021,1445.0,c,ok,1.1.9,rmr-montreal-2021-en.xlsx,zone
Montréal,Zone 14 - Dorval/Lachine/Saint-Pierre,3+,vacant_unit_rent,2021,2021,1397.0,c,ok,1.1.9,rmr-montreal-2021-en.xlsx,zone
Montréal,Zone 15 - Baie-d'Urfé/Beaconsfield etc.,3+,vacant_unit_rent,2021,2021,,,suppressed,1.1.9,rmr-montreal-2021-en.xlsx,zone
Montréal,Montréal Island (Zones 1-18),3+,vacant_unit_rent,2021,2021,,,suppressed,1.1.9,rmr-montreal-2021-en.xlsx,submarket
Montréal,Laval (Zones 19-24),3+,vacant_unit_rent,2021,2021,,,suppressed,1.1.9,rmr-montreal-2021-en.xlsx,submarket
Montréal,Montréal CMA,3+,vacant_unit_rent,2021,2021,1409.0,d,ok,1.1.9,rmr-montreal-2021-en.xlsx,cma
Montréal,Zone 5 - Ct-des-Neiges/Mt-Royal/Outremont,3+,occupied_unit_rent,2021,2021,1225.0,b,ok,1.1.9,rmr-montreal-2021-en.xlsx,zone
Montréal,Zone 14 - Dorval/Lachine/Saint-Pierre,3+,occupied_unit_rent,2021,2021,936.0,c,ok,1.1.9,rmr-montreal-2021-en.xlsx,zone
Montréal,Zone 15 - Baie-d'Urfé/Beaconsfield etc.,3+,occupied_unit_rent,2021,2021,,,suppressed,1.1.9,rmr-montreal-2021-en.xlsx,zone
Montréal,Montréal Island (Zones 1-18),3+,occupied_unit_rent,2021,2021,1186.0,a,ok,1.1.9,rmr-montreal-2021-en.xlsx,submarket
Montréal,Laval (Zones 19-24),3+,occupied_unit_rent,2021,2021,1082.0,a,ok,1.1.9,rmr-montreal-2021-en.xlsx,submarket
Montréal,Montréal CMA,3+,occupied_unit_rent,2021,2021,1139.0,a,ok,1.1.9,rmr-montreal-2021-en.xlsx,cma
Montréal,Zone 5 - Ct-des-Neiges/Mt-Royal/Outremont,total,vacant_unit_rent,2021,2021,1039.0,a,ok,1.1.9,rmr-montreal-2021-en.xlsx,zone
Montréal,Zone 14 - Dorval/Lachine/Saint-Pierre,total,vacant_unit_rent,2021,2021,815.0,b,ok,1.1.9,rmr-montreal-2021-en.xlsx,zone
Montréal,Zone 15 - Baie-d'Urfé/Beaconsfield etc.,total,vacant_unit_rent,2021,2021,1666.0,c,ok,1.1.9,rmr-montreal-2021-en.xlsx,zone
Montréal,Montréal Island (Zones 1-18),total,vacant_unit_rent,2021,2021,992.0,b,ok,1.1.9,rmr-montreal-2021-en.xlsx,submarket
Montréal,Laval (Zones 19-24),total,vacant_unit_rent,2021,2021,1217.0,c,ok,1.1.9,rmr-montreal-2021-en.xlsx,submarket
Montréal,Montréal CMA,total,vacant_unit_rent,2021,2021,1001.0,b,ok,1.1.9,rmr-montreal-2021-en.xlsx,cma
Montréal,Zone 5 - Ct-des-Neiges/Mt-Royal/Outremont,total,occupied_unit_rent,2021,2021,972.0,a,ok,1.1.9,rmr-montreal-2021-en.xlsx,zone
Montréal,Zone 14 - Dorval/Lachine/Saint-Pierre,total,occupied_unit_rent,2021,2021,788.0,a,ok,1.1.9,rmr-montreal-2021-en.xlsx,zone
Montréal,Zone 15 - Baie-d'Urfé/Beaconsfield etc.,total,occupied_unit_rent,2021,2021,1227.0,c,ok,1.1.9,rmr-montreal-2021-en.xlsx,zone
Montréal,Montréal Island (Zones 1-18),total,occupied_unit_rent,2021,2021,905.0,a,ok,1.1.9,rmr-montreal-2021-en.xlsx,submarket
Montréal,Laval (Zones 19-24),total,occupied_unit_rent,2021,2021,955.0,a,ok,1.1.9,rmr-montreal-2021-en.xlsx,submarket
Montréal,Montréal CMA,total,occupied_unit_rent,2021,2021,910.0,a,ok,1.1.9,rmr-montreal-2021-en.xlsx,cma
Montréal,Zone 5 - Ct-des-Neiges/Mt-Royal/Outremont,studio,vacancy_rate_pct,2021,2022,6.1,c,ok,1.1.1,rmr-montreal-2022-en.xlsx,zone
Montréal,Zone 14 - Dorval/Lachine/Saint-Pierre,studio,vacancy_rate_pct,2021,2022,7.2,c,ok,1.1.1,rmr-montreal-2022-en.xlsx,zone
Montréal,Zone 15 - Baie-d'Urfé/Beaconsfield etc.,studio,vacancy_rate_pct,2021,2022,,,suppressed,1.1.1,rmr-montreal-2022-en.xlsx,zone
Montréal,Montréal Island (Zones 1-18),studio,vacancy_rate_pct,2021,2022,6.9,c,ok,1.1.1,rmr-montreal-2022-en.xlsx,submarket
Montréal,Laval (Zones 19-24),studio,vacancy_rate_pct,2021,2022,5.7,d,ok,1.1.1,rmr-montreal-2022-en.xlsx,submarket
Montréal,Montréal CMA,studio,vacancy_rate_pct,2021,2022,6.5,c,ok,1.1.1,rmr-montreal-2022-en.xlsx,cma
Montréal,Zone 5 - Ct-des-Neiges/Mt-Royal/Outremont,studio,vacancy_rate_pct,2022,2022,2.5,b,ok,1.1.1,rmr-montreal-2022-en.xlsx,zone
Montréal,Zone 14 - Dorval/Lachine/Saint-Pierre,studio,vacancy_rate_pct,2022,2022,2.1,c,ok,1.1.1,rmr-montreal-2022-en.xlsx,zone
Montréal,Zone 15 - Baie-d'Urfé/Beaconsfield etc.,studio,vacancy_rate_pct,2022,2022,,,suppressed,1.1.1,rmr-montreal-2022-en.xlsx,zone
Montréal,Montréal Island (Zones 1-18),studio,vacancy_rate_pct,2022,2022,2.9,b,ok,1.1.1,rmr-montreal-2022-en.xlsx,submarket
Montréal,Laval (Zones 19-24),studio,vacancy_rate_pct,2022,2022,2.4,c,ok,1.1.1,rmr-montreal-2022-en.xlsx,submarket
Montréal,Montréal CMA,studio,vacancy_rate_pct,2022,2022,2.8,b,ok,1.1.1,rmr-montreal-2022-en.xlsx,cma
Montréal,Zone 5 - Ct-des-Neiges/Mt-Royal/Outremont,1,vacancy_rate_pct,2021,2022,5.9,b,ok,1.1.1,rmr-montreal-2022-en.xlsx,zone
Montréal,Zone 14 - Dorval/Lachine/Saint-Pierre,1,vacancy_rate_pct,2021,2022,,,suppressed,1.1.1,rmr-montreal-2022-en.xlsx,zone
Montréal,Zone 15 - Baie-d'Urfé/Beaconsfield etc.,1,vacancy_rate_pct,2021,2022,2.2,c,ok,1.1.1,rmr-montreal-2022-en.xlsx,zone
Montréal,Montréal Island (Zones 1-18),1,vacancy_rate_pct,2021,2022,4.5,c,ok,1.1.1,rmr-montreal-2022-en.xlsx,submarket
Montréal,Laval (Zones 19-24),1,vacancy_rate_pct,2021,2022,2.9,c,ok,1.1.1,rmr-montreal-2022-en.xlsx,submarket
Montréal,Montréal CMA,1,vacancy_rate_pct,2021,2022,4.0,b,ok,1.1.1,rmr-montreal-2022-en.xlsx,cma
Montréal,Zone 5 - Ct-des-Neiges/Mt-Royal/Outremont,1,vacancy_rate_pct,2022,2022,2.9,b,ok,1.1.1,rmr-montreal-2022-en.xlsx,zone
Montréal,Zone 14 - Dorval/Lachine/Saint-Pierre,1,vacancy_rate_pct,2022,2022,2.3,c,ok,1.1.1,rmr-montreal-2022-en.xlsx,zone
Montréal,Zone 15 - Baie-d'Urfé/Beaconsfield etc.,1,vacancy_rate_pct,2022,2022,4.1,c,ok,1.1.1,rmr-montreal-2022-en.xlsx,zone
Montréal,Montréal Island (Zones 1-18),1,vacancy_rate_pct,2022,2022,2.0,a,ok,1.1.1,rmr-montreal-2022-en.xlsx,submarket
Montréal,Laval (Zones 19-24),1,vacancy_rate_pct,2022,2022,2.3,b,ok,1.1.1,rmr-montreal-2022-en.xlsx,submarket
Montréal,Montréal CMA,1,vacancy_rate_pct,2022,2022,1.9,a,ok,1.1.1,rmr-montreal-2022-en.xlsx,cma
Montréal,Zone 5 - Ct-des-Neiges/Mt-Royal/Outremont,2,vacancy_rate_pct,2021,2022,3.8,c,ok,1.1.1,rmr-montreal-2022-en.xlsx,zone
Montréal,Zone 14 - Dorval/Lachine/Saint-Pierre,2,vacancy_rate_pct,2021,2022,3.0,b,ok,1.1.1,rmr-montreal-2022-en.xlsx,zone
Montréal,Zone 15 - Baie-d'Urfé/Beaconsfield etc.,2,vacancy_rate_pct,2021,2022,3.1,d,ok,1.1.1,rmr-montreal-2022-en.xlsx,zone
Montréal,Montréal Island (Zones 1-18),2,vacancy_rate_pct,2021,2022,2.6,b,ok,1.1.1,rmr-montreal-2022-en.xlsx,submarket
Montréal,Laval (Zones 19-24),2,vacancy_rate_pct,2021,2022,2.1,c,ok,1.1.1,rmr-montreal-2022-en.xlsx,submarket
Montréal,Montréal CMA,2,vacancy_rate_pct,2021,2022,2.1,b,ok,1.1.1,rmr-montreal-2022-en.xlsx,cma
Montréal,Zone 5 - Ct-des-Neiges/Mt-Royal/Outremont,2,vacancy_rate_pct,2022,2022,4.3,d,ok,1.1.1,rmr-montreal-2022-en.xlsx,zone
Montréal,Zone 14 - Dorval/Lachine/Saint-Pierre,2,vacancy_rate_pct,2022,2022,1.1,a,ok,1.1.1,rmr-montreal-2022-en.xlsx,zone
Montréal,Zone 15 - Baie-d'Urfé/Beaconsfield etc.,2,vacancy_rate_pct,2022,2022,2.6,b,ok,1.1.1,rmr-montreal-2022-en.xlsx,zone
Montréal,Montréal Island (Zones 1-18),2,vacancy_rate_pct,2022,2022,2.4,c,ok,1.1.1,rmr-montreal-2022-en.xlsx,submarket
Montréal,Laval (Zones 19-24),2,vacancy_rate_pct,2022,2022,1.8,c,ok,1.1.1,rmr-montreal-2022-en.xlsx,submarket
Montréal,Montréal CMA,2,vacancy_rate_pct,2022,2022,2.1,c,ok,1.1.1,rmr-montreal-2022-en.xlsx,cma
Montréal,Zone 5 - Ct-des-Neiges/Mt-Royal/Outremont,3+,vacancy_rate_pct,2021,2022,3.3,d,ok,1.1.1,rmr-montreal-2022-en.xlsx,zone
Montréal,Zone 14 - Dorval/Lachine/Saint-Pierre,3+,vacancy_rate_pct,2021,2022,2.5,c,ok,1.1.1,rmr-montreal-2022-en.xlsx,zone
Montréal,Zone 15 - Baie-d'Urfé/Beaconsfield etc.,3+,vacancy_rate_pct,2021,2022,,,suppressed,1.1.1,rmr-montreal-2022-en.xlsx,zone
Montréal,Montréal Island (Zones 1-18),3+,vacancy_rate_pct,2021,2022,2.8,c,ok,1.1.1,rmr-montreal-2022-en.xlsx,submarket
Montréal,Laval (Zones 19-24),3+,vacancy_rate_pct,2021,2022,1.2,a,ok,1.1.1,rmr-montreal-2022-en.xlsx,submarket
Montréal,Montréal CMA,3+,vacancy_rate_pct,2021,2022,2.1,c,ok,1.1.1,rmr-montreal-2022-en.xlsx,cma
Montréal,Zone 5 - Ct-des-Neiges/Mt-Royal/Outremont,3+,vacancy_rate_pct,2022,2022,2.0,c,ok,1.1.1,rmr-montreal-2022-en.xlsx,zone
Montréal,Zone 14 - Dorval/Lachine/Saint-Pierre,3+,vacancy_rate_pct,2022,2022,0.3,b,ok,1.1.1,rmr-montreal-2022-en.xlsx,zone
Montréal,Zone 15 - Baie-d'Urfé/Beaconsfield etc.,3+,vacancy_rate_pct,2022,2022,0.4,b,ok,1.1.1,rmr-montreal-2022-en.xlsx,zone
Montréal,Montréal Island (Zones 1-18),3+,vacancy_rate_pct,2022,2022,,,suppressed,1.1.1,rmr-montreal-2022-en.xlsx,submarket
Montréal,Laval (Zones 19-24),3+,vacancy_rate_pct,2022,2022,1.1,a,ok,1.1.1,rmr-montreal-2022-en.xlsx,submarket
Montréal,Montréal CMA,3+,vacancy_rate_pct,2022,2022,,,suppressed,1.1.1,rmr-montreal-2022-en.xlsx,cma
Montréal,Zone 5 - Ct-des-Neiges/Mt-Royal/Outremont,total,vacancy_rate_pct,2021,2022,4.8,b,ok,1.1.1,rmr-montreal-2022-en.xlsx,zone
Montréal,Zone 14 - Dorval/Lachine/Saint-Pierre,total,vacancy_rate_pct,2021,2022,4.2,c,ok,1.1.1,rmr-montreal-2022-en.xlsx,zone
Montréal,Zone 15 - Baie-d'Urfé/Beaconsfield etc.,total,vacancy_rate_pct,2021,2022,2.9,c,ok,1.1.1,rmr-montreal-2022-en.xlsx,zone
Montréal,Montréal Island (Zones 1-18),total,vacancy_rate_pct,2021,2022,3.7,b,ok,1.1.1,rmr-montreal-2022-en.xlsx,submarket
Montréal,Laval (Zones 19-24),total,vacancy_rate_pct,2021,2022,2.2,b,ok,1.1.1,rmr-montreal-2022-en.xlsx,submarket
Montréal,Montréal CMA,total,vacancy_rate_pct,2021,2022,3.0,a,ok,1.1.1,rmr-montreal-2022-en.xlsx,cma
Montréal,Zone 5 - Ct-des-Neiges/Mt-Royal/Outremont,total,vacancy_rate_pct,2022,2022,3.3,c,ok,1.1.1,rmr-montreal-2022-en.xlsx,zone
Montréal,Zone 14 - Dorval/Lachine/Saint-Pierre,total,vacancy_rate_pct,2022,2022,1.4,a,ok,1.1.1,rmr-montreal-2022-en.xlsx,zone
Montréal,Zone 15 - Baie-d'Urfé/Beaconsfield etc.,total,vacancy_rate_pct,2022,2022,2.9,b,ok,1.1.1,rmr-montreal-2022-en.xlsx,zone
Montréal,Montréal Island (Zones 1-18),total,vacancy_rate_pct,2022,2022,2.3,b,ok,1.1.1,rmr-montreal-2022-en.xlsx,submarket
Montréal,Laval (Zones 19-24),total,vacancy_rate_pct,2022,2022,1.8,b,ok,1.1.1,rmr-montreal-2022-en.xlsx,submarket
Montréal,Montréal CMA,total,vacancy_rate_pct,2022,2022,2.0,a,ok,1.1.1,rmr-montreal-2022-en.xlsx,cma
Montréal,Zone 5 - Ct-des-Neiges/Mt-Royal/Outremont,studio,average_rent,2021,2022,684.0,a,ok,1.1.2,rmr-montreal-2022-en.xlsx,zone
Montréal,Zone 14 - Dorval/Lachine/Saint-Pierre,studio,average_rent,2021,2022,636.0,a,ok,1.1.2,rmr-montreal-2022-en.xlsx,zone
Montréal,Zone 15 - Baie-d'Urfé/Beaconsfield etc.,studio,average_rent,2021,2022,622.0,c,ok,1.1.2,rmr-montreal-2022-en.xlsx,zone
Montréal,Montréal Island (Zones 1-18),studio,average_rent,2021,2022,718.0,a,ok,1.1.2,rmr-montreal-2022-en.xlsx,submarket
Montréal,Laval (Zones 19-24),studio,average_rent,2021,2022,714.0,a,ok,1.1.2,rmr-montreal-2022-en.xlsx,submarket
Montréal,Montréal CMA,studio,average_rent,2021,2022,712.0,a,ok,1.1.2,rmr-montreal-2022-en.xlsx,cma
Montréal,Zone 5 - Ct-des-Neiges/Mt-Royal/Outremont,studio,average_rent,2022,2022,771.0,b,ok,1.1.2,rmr-montreal-2022-en.xlsx,zone
Montréal,Zone 14 - Dorval/Lachine/Saint-Pierre,studio,average_rent,2022,2022,642.0,a,ok,1.1.2,rmr-montreal-2022-en.xlsx,zone
Montréal,Zone 15 - Baie-d'Urfé/Beaconsfield etc.,studio,average_rent,2022,2022,754.0,b,ok,1.1.2,rmr-montreal-2022-en.xlsx,zone
Montréal,Montréal Island (Zones 1-18),studio,average_rent,2022,2022,790.0,a,ok,1.1.2,rmr-montreal-2022-en.xlsx,submarket
Montréal,Laval (Zones 19-24),studio,average_rent,2022,2022,711.0,a,ok,1.1.2,rmr-montreal-2022-en.xlsx,submarket
Montréal,Montréal CMA,studio,average_rent,2022,2022,785.0,a,ok,1.1.2,rmr-montreal-2022-en.xlsx,cma
Montréal,Zone 5 - Ct-des-Neiges/Mt-Royal/Outremont,1,average_rent,2021,2022,861.0,a,ok,1.1.2,rmr-montreal-2022-en.xlsx,zone
Montréal,Zone 14 - Dorval/Lachine/Saint-Pierre,1,average_rent,2021,2022,722.0,a,ok,1.1.2,rmr-montreal-2022-en.xlsx,zone
Montréal,Zone 15 - Baie-d'Urfé/Beaconsfield etc.,1,average_rent,2021,2022,1056.0,c,ok,1.1.2,rmr-montreal-2022-en.xlsx,zone
Montréal,Montréal Island (Zones 1-18),1,average_rent,2021,2022,823.0,a,ok,1.1.2,rmr-montreal-2022-en.xlsx,submarket
Montréal,Laval (Zones 19-24),1,average_rent,2021,2022,920.0,b,ok,1.1.2,rmr-montreal-2022-en.xlsx,submarket
Montréal,Montréal CMA,1,average_rent,2021,2022,821.0,a,ok,1.1.2,rmr-montreal-2022-en.xlsx,cma
Montréal,Zone 5 - Ct-des-Neiges/Mt-Royal/Outremont,1,average_rent,2022,2022,943.0,a,ok,1.1.2,rmr-montreal-2022-en.xlsx,zone
Montréal,Zone 14 - Dorval/Lachine/Saint-Pierre,1,average_rent,2022,2022,766.0,a,ok,1.1.2,rmr-montreal-2022-en.xlsx,zone
Montréal,Zone 15 - Baie-d'Urfé/Beaconsfield etc.,1,average_rent,2022,2022,1255.0,a,ok,1.1.2,rmr-montreal-2022-en.xlsx,zone
Montréal,Montréal Island (Zones 1-18),1,average_rent,2022,2022,918.0,a,ok,1.1.2,rmr-montreal-2022-en.xlsx,submarket
Montréal,Laval (Zones 19-24),1,average_rent,2022,2022,947.0,a,ok,1.1.2,rmr-montreal-2022-en.xlsx,submarket
Montréal,Montréal CMA,1,average_rent,2022,2022,912.0,a,ok,1.1.2,rmr-montreal-2022-en.xlsx,cma
Montréal,Zone 5 - Ct-des-Neiges/Mt-Royal/Outremont,2,average_rent,2021,2022,1084.0,a,ok,1.1.2,rmr-montreal-2022-en.xlsx,zone
Montréal,Zone 14 - Dorval/Lachine/Saint-Pierre,2,average_rent,2021,2022,826.0,a,ok,1.1.2,rmr-montreal-2022-en.xlsx,zone
Montréal,Zone 15 - Baie-d'Urfé/Beaconsfield etc.,2,average_rent,2021,2022,1322.0,c,ok,1.1.2,rmr-montreal-2022-en.xlsx,zone
Montréal,Montréal Island (Zones 1-18),2,average_rent,2021,2022,931.0,a,ok,1.1.2,rmr-montreal-2022-en.xlsx,submarket
Montréal,Laval (Zones 19-24),2,average_rent,2021,2022,953.0,a,ok,1.1.2,rmr-montreal-2022-en.xlsx,submarket
Montréal,Montréal CMA,2,average_rent,2021,2022,932.0,a,ok,1.1.2,rmr-montreal-2022-en.xlsx,cma
Montréal,Zone 5 - Ct-des-Neiges/Mt-Royal/Outremont,2,average_rent,2022,2022,1186.0,a,ok,1.1.2,rmr-montreal-2022-en.xlsx,zone
Montréal,Zone 14 - Dorval/Lachine/Saint-Pierre,2,average_rent,2022,2022,921.0,b,ok,1.1.2,rmr-montreal-2022-en.xlsx,zone
Montréal,Zone 15 - Baie-d'Urfé/Beaconsfield etc.,2,average_rent,2022,2022,1566.0,a,ok,1.1.2,rmr-montreal-2022-en.xlsx,zone
Montréal,Montréal Island (Zones 1-18),2,average_rent,2022,2022,1010.0,a,ok,1.1.2,rmr-montreal-2022-en.xlsx,submarket
Montréal,Laval (Zones 19-24),2,average_rent,2022,2022,973.0,a,ok,1.1.2,rmr-montreal-2022-en.xlsx,submarket
Montréal,Montréal CMA,2,average_rent,2022,2022,1022.0,a,ok,1.1.2,rmr-montreal-2022-en.xlsx,cma
Montréal,Zone 5 - Ct-des-Neiges/Mt-Royal/Outremont,3+,average_rent,2021,2022,1232.0,b,ok,1.1.2,rmr-montreal-2022-en.xlsx,zone
Montréal,Zone 14 - Dorval/Lachine/Saint-Pierre,3+,average_rent,2021,2022,944.0,c,ok,1.1.2,rmr-montreal-2022-en.xlsx,zone
Montréal,Zone 15 - Baie-d'Urfé/Beaconsfield etc.,3+,average_rent,2021,2022,,,suppressed,1.1.2,rmr-montreal-2022-en.xlsx,zone
Montréal,Montréal Island (Zones 1-18),3+,average_rent,2021,2022,1193.0,a,ok,1.1.2,rmr-montreal-2022-en.xlsx,submarket
Montréal,Laval (Zones 19-24),3+,average_rent,2021,2022,1082.0,a,ok,1.1.2,rmr-montreal-2022-en.xlsx,submarket
Montréal,Montréal CMA,3+,average_rent,2021,2022,1144.0,a,ok,1.1.2,rmr-montreal-2022-en.xlsx,cma
Montréal,Zone 5 - Ct-des-Neiges/Mt-Royal/Outremont,3+,average_rent,2022,2022,1473.0,b,ok,1.1.2,rmr-montreal-2022-en.xlsx,zone
Montréal,Zone 14 - Dorval/Lachine/Saint-Pierre,3+,average_rent,2022,2022,813.0,c,ok,1.1.2,rmr-montreal-2022-en.xlsx,zone
Montréal,Zone 15 - Baie-d'Urfé/Beaconsfield etc.,3+,average_rent,2022,2022,1565.0,b,ok,1.1.2,rmr-montreal-2022-en.xlsx,zone
Montréal,Montréal Island (Zones 1-18),3+,average_rent,2022,2022,1254.0,a,ok,1.1.2,rmr-montreal-2022-en.xlsx,submarket
Montréal,Laval (Zones 19-24),3+,average_rent,2022,2022,1190.0,b,ok,1.1.2,rmr-montreal-2022-en.xlsx,submarket
Montréal,Montréal CMA,3+,average_rent,2022,2022,1230.0,a,ok,1.1.2,rmr-montreal-2022-en.xlsx,cma
Montréal,Zone 5 - Ct-des-Neiges/Mt-Royal/Outremont,total,average_rent,2021,2022,975.0,a,ok,1.1.2,rmr-montreal-2022-en.xlsx,zone
Montréal,Zone 14 - Dorval/Lachine/Saint-Pierre,total,average_rent,2021,2022,789.0,a,ok,1.1.2,rmr-montreal-2022-en.xlsx,zone
Montréal,Zone 15 - Baie-d'Urfé/Beaconsfield etc.,total,average_rent,2021,2022,1239.0,c,ok,1.1.2,rmr-montreal-2022-en.xlsx,zone
Montréal,Montréal Island (Zones 1-18),total,average_rent,2021,2022,909.0,a,ok,1.1.2,rmr-montreal-2022-en.xlsx,submarket
Montréal,Laval (Zones 19-24),total,average_rent,2021,2022,961.0,a,ok,1.1.2,rmr-montreal-2022-en.xlsx,submarket
Montréal,Montréal CMA,total,average_rent,2021,2022,913.0,a,ok,1.1.2,rmr-montreal-2022-en.xlsx,cma
Montréal,Zone 5 - Ct-des-Neiges/Mt-Royal/Outremont,total,average_rent,2022,2022,1094.0,a,ok,1.1.2,rmr-montreal-2022-en.xlsx,zone
Montréal,Zone 14 - Dorval/Lachine/Saint-Pierre,total,average_rent,2022,2022,845.0,a,ok,1.1.2,rmr-montreal-2022-en.xlsx,zone
Montréal,Zone 15 - Baie-d'Urfé/Beaconsfield etc.,total,average_rent,2022,2022,1449.0,a,ok,1.1.2,rmr-montreal-2022-en.xlsx,zone
Montréal,Montréal Island (Zones 1-18),total,average_rent,2022,2022,984.0,a,ok,1.1.2,rmr-montreal-2022-en.xlsx,submarket
Montréal,Laval (Zones 19-24),total,average_rent,2022,2022,991.0,a,ok,1.1.2,rmr-montreal-2022-en.xlsx,submarket
Montréal,Montréal CMA,total,average_rent,2022,2022,998.0,a,ok,1.1.2,rmr-montreal-2022-en.xlsx,cma
Montréal,Zone 5 - Ct-des-Neiges/Mt-Royal/Outremont,studio,fixed_sample_rent_change_pct,2021,2022,4.2,d,ok,1.1.5,rmr-montreal-2022-en.xlsx,zone
Montréal,Zone 14 - Dorval/Lachine/Saint-Pierre,studio,fixed_sample_rent_change_pct,2021,2022,4.8,d,ok,1.1.5,rmr-montreal-2022-en.xlsx,zone
Montréal,Zone 15 - Baie-d'Urfé/Beaconsfield etc.,studio,fixed_sample_rent_change_pct,2021,2022,5.6,d,ok,1.1.5,rmr-montreal-2022-en.xlsx,zone
Montréal,Montréal Island (Zones 1-18),studio,fixed_sample_rent_change_pct,2021,2022,3.4,b,ok,1.1.5,rmr-montreal-2022-en.xlsx,submarket
Montréal,Laval (Zones 19-24),studio,fixed_sample_rent_change_pct,2021,2022,,,not_significant,1.1.5,rmr-montreal-2022-en.xlsx,submarket
Montréal,Montréal CMA,studio,fixed_sample_rent_change_pct,2021,2022,3.4,b,ok,1.1.5,rmr-montreal-2022-en.xlsx,cma
Montréal,Zone 5 - Ct-des-Neiges/Mt-Royal/Outremont,studio,fixed_sample_rent_change_pct,2022,2022,6.1,c,ok,1.1.5,rmr-montreal-2022-en.xlsx,zone
Montréal,Zone 14 - Dorval/Lachine/Saint-Pierre,studio,fixed_sample_rent_change_pct,2022,2022,,,suppressed,1.1.5,rmr-montreal-2022-en.xlsx,zone
Montréal,Zone 15 - Baie-d'Urfé/Beaconsfield etc.,studio,fixed_sample_rent_change_pct,2022,2022,,,not_significant,1.1.5,rmr-montreal-2022-en.xlsx,zone
Montréal,Montréal Island (Zones 1-18),studio,fixed_sample_rent_change_pct,2022,2022,5.1,b,ok,1.1.5,rmr-montreal-2022-en.xlsx,submarket
Montréal,Laval (Zones 19-24),studio,fixed_sample_rent_change_pct,2022,2022,,,suppressed,1.1.5,rmr-montreal-2022-en.xlsx,submarket
Montréal,Montréal CMA,studio,fixed_sample_rent_change_pct,2022,2022,5.2,b,ok,1.1.5,rmr-montreal-2022-en.xlsx,cma
Montréal,Zone 5 - Ct-des-Neiges/Mt-Royal/Outremont,1,fixed_sample_rent_change_pct,2021,2022,3.5,c,ok,1.1.5,rmr-montreal-2022-en.xlsx,zone
Montréal,Zone 14 - Dorval/Lachine/Saint-Pierre,1,fixed_sample_rent_change_pct,2021,2022,2.7,c,ok,1.1.5,rmr-montreal-2022-en.xlsx,zone
Montréal,Zone 15 - Baie-d'Urfé/Beaconsfield etc.,1,fixed_sample_rent_change_pct,2021,2022,,,not_significant,1.1.5,rmr-montreal-2022-en.xlsx,zone
Montréal,Montréal Island (Zones 1-18),1,fixed_sample_rent_change_pct,2021,2022,3.3,b,ok,1.1.5,rmr-montreal-2022-en.xlsx,submarket
Montréal,Laval (Zones 19-24),1,fixed_sample_rent_change_pct,2021,2022,2.9,c,ok,1.1.5,rmr-montreal-2022-en.xlsx,submarket
Montréal,Montréal CMA,1,fixed_sample_rent_change_pct,2021,2022,3.4,b,ok,1.1.5,rmr-montreal-2022-en.xlsx,cma
Montréal,Zone 5 - Ct-des-Neiges/Mt-Royal/Outremont,1,fixed_sample_rent_change_pct,2022,2022,5.9,b,ok,1.1.5,rmr-montreal-2022-en.xlsx,zone
Montréal,Zone 14 - Dorval/Lachine/Saint-Pierre,1,fixed_sample_rent_change_pct,2022,2022,4.5,d,ok,1.1.5,rmr-montreal-2022-en.xlsx,zone
Montréal,Zone 15 - Baie-d'Urfé/Beaconsfield etc.,1,fixed_sample_rent_change_pct,2022,2022,5.0,d,ok,1.1.5,rmr-montreal-2022-en.xlsx,zone
Montréal,Montréal Island (Zones 1-18),1,fixed_sample_rent_change_pct,2022,2022,5.2,b,ok,1.1.5,rmr-montreal-2022-en.xlsx,submarket
Montréal,Laval (Zones 19-24),1,fixed_sample_rent_change_pct,2022,2022,,,not_significant,1.1.5,rmr-montreal-2022-en.xlsx,submarket
Montréal,Montréal CMA,1,fixed_sample_rent_change_pct,2022,2022,4.9,b,ok,1.1.5,rmr-montreal-2022-en.xlsx,cma
Montréal,Zone 5 - Ct-des-Neiges/Mt-Royal/Outremont,2,fixed_sample_rent_change_pct,2021,2022,3.8,c,ok,1.1.5,rmr-montreal-2022-en.xlsx,zone
Montréal,Zone 14 - Dorval/Lachine/Saint-Pierre,2,fixed_sample_rent_change_pct,2021,2022,,,not_significant,1.1.5,rmr-montreal-2022-en.xlsx,zone
Montréal,Zone 15 - Baie-d'Urfé/Beaconsfield etc.,2,fixed_sample_rent_change_pct,2021,2022,,,not_significant,1.1.5,rmr-montreal-2022-en.xlsx,zone
Montréal,Montréal Island (Zones 1-18),2,fixed_sample_rent_change_pct,2021,2022,4.1,b,ok,1.1.5,rmr-montreal-2022-en.xlsx,submarket
Montréal,Laval (Zones 19-24),2,fixed_sample_rent_change_pct,2021,2022,2.4,c,ok,1.1.5,rmr-montreal-2022-en.xlsx,submarket
Montréal,Montréal CMA,2,fixed_sample_rent_change_pct,2021,2022,3.9,b,ok,1.1.5,rmr-montreal-2022-en.xlsx,cma
Montréal,Zone 5 - Ct-des-Neiges/Mt-Royal/Outremont,2,fixed_sample_rent_change_pct,2022,2022,6.0,c,ok,1.1.5,rmr-montreal-2022-en.xlsx,zone
Montréal,Zone 14 - Dorval/Lachine/Saint-Pierre,2,fixed_sample_rent_change_pct,2022,2022,6.2,c,ok,1.1.5,rmr-montreal-2022-en.xlsx,zone
Montréal,Zone 15 - Baie-d'Urfé/Beaconsfield etc.,2,fixed_sample_rent_change_pct,2022,2022,4.0,d,ok,1.1.5,rmr-montreal-2022-en.xlsx,zone
Montréal,Montréal Island (Zones 1-18),2,fixed_sample_rent_change_pct,2022,2022,5.6,b,ok,1.1.5,rmr-montreal-2022-en.xlsx,submarket
Montréal,Laval (Zones 19-24),2,fixed_sample_rent_change_pct,2022,2022,3.5,d,ok,1.1.5,rmr-montreal-2022-en.xlsx,submarket
Montréal,Montréal CMA,2,fixed_sample_rent_change_pct,2022,2022,5.4,b,ok,1.1.5,rmr-montreal-2022-en.xlsx,cma
Montréal,Zone 5 - Ct-des-Neiges/Mt-Royal/Outremont,3+,fixed_sample_rent_change_pct,2021,2022,,,not_significant,1.1.5,rmr-montreal-2022-en.xlsx,zone
Montréal,Zone 14 - Dorval/Lachine/Saint-Pierre,3+,fixed_sample_rent_change_pct,2021,2022,,,not_significant,1.1.5,rmr-montreal-2022-en.xlsx,zone
Montréal,Zone 15 - Baie-d'Urfé/Beaconsfield etc.,3+,fixed_sample_rent_change_pct,2021,2022,4.1,d,ok,1.1.5,rmr-montreal-2022-en.xlsx,zone
Montréal,Montréal Island (Zones 1-18),3+,fixed_sample_rent_change_pct,2021,2022,,,suppressed,1.1.5,rmr-montreal-2022-en.xlsx,submarket
Montréal,Laval (Zones 19-24),3+,fixed_sample_rent_change_pct,2021,2022,2.2,c,ok,1.1.5,rmr-montreal-2022-en.xlsx,submarket
Montréal,Montréal CMA,3+,fixed_sample_rent_change_pct,2021,2022,5.4,c,ok,1.1.5,rmr-montreal-2022-en.xlsx,cma
Montréal,Zone 5 - Ct-des-Neiges/Mt-Royal/Outremont,3+,fixed_sample_rent_change_pct,2022,2022,5.3,d,ok,1.1.5,rmr-montreal-2022-en.xlsx,zone
Montréal,Zone 14 - Dorval/Lachine/Saint-Pierre,3+,fixed_sample_rent_change_pct,2022,2022,,,not_significant,1.1.5,rmr-montreal-2022-en.xlsx,zone
Montréal,Zone 15 - Baie-d'Urfé/Beaconsfield etc.,3+,fixed_sample_rent_change_pct,2022,2022,,,not_significant,1.1.5,rmr-montreal-2022-en.xlsx,zone
Montréal,Montréal Island (Zones 1-18),3+,fixed_sample_rent_change_pct,2022,2022,5.3,c,ok,1.1.5,rmr-montreal-2022-en.xlsx,submarket
Montréal,Laval (Zones 19-24),3+,fixed_sample_rent_change_pct,2022,2022,,,not_significant,1.1.5,rmr-montreal-2022-en.xlsx,submarket
Montréal,Montréal CMA,3+,fixed_sample_rent_change_pct,2022,2022,4.6,c,ok,1.1.5,rmr-montreal-2022-en.xlsx,cma
Montréal,Zone 5 - Ct-des-Neiges/Mt-Royal/Outremont,total,fixed_sample_rent_change_pct,2021,2022,3.6,c,ok,1.1.5,rmr-montreal-2022-en.xlsx,zone
Montréal,Zone 14 - Dorval/Lachine/Saint-Pierre,total,fixed_sample_rent_change_pct,2021,2022,,,suppressed,1.1.5,rmr-montreal-2022-en.xlsx,zone
Montréal,Zone 15 - Baie-d'Urfé/Beaconsfield etc.,total,fixed_sample_rent_change_pct,2021,2022,,,not_significant,1.1.5,rmr-montreal-2022-en.xlsx,zone
Montréal,Montréal Island (Zones 1-18),total,fixed_sample_rent_change_pct,2021,2022,3.7,b,ok,1.1.5,rmr-montreal-2022-en.xlsx,submarket
Montréal,Laval (Zones 19-24),total,fixed_sample_rent_change_pct,2021,2022,2.7,b,ok,1.1.5,rmr-montreal-2022-en.xlsx,submarket
Montréal,Montréal CMA,total,fixed_sample_rent_change_pct,2021,2022,3.7,a,ok,1.1.5,rmr-montreal-2022-en.xlsx,cma
Montréal,Zone 5 - Ct-des-Neiges/Mt-Royal/Outremont,total,fixed_sample_rent_change_pct,2022,2022,5.7,b,ok,1.1.5,rmr-montreal-2022-en.xlsx,zone
Montréal,Zone 14 - Dorval/Lachine/Saint-Pierre,total,fixed_sample_rent_change_pct,2022,2022,5.3,c,ok,1.1.5,rmr-montreal-2022-en.xlsx,zone
Montréal,Zone 15 - Baie-d'Urfé/Beaconsfield etc.,total,fixed_sample_rent_change_pct,2022,2022,4.4,d,ok,1.1.5,rmr-montreal-2022-en.xlsx,zone
Montréal,Montréal Island (Zones 1-18),total,fixed_sample_rent_change_pct,2022,2022,5.2,b,ok,1.1.5,rmr-montreal-2022-en.xlsx,submarket
Montréal,Laval (Zones 19-24),total,fixed_sample_rent_change_pct,2022,2022,,,not_significant,1.1.5,rmr-montreal-2022-en.xlsx,submarket
Montréal,Montréal CMA,total,fixed_sample_rent_change_pct,2022,2022,5.1,b,ok,1.1.5,rmr-montreal-2022-en.xlsx,cma
Montréal,Zone 5 - Ct-des-Neiges/Mt-Royal/Outremont,studio,turnover_rate_pct,2021,2022,18.2,d,ok,1.1.6,rmr-montreal-2022-en.xlsx,zone
Montréal,Zone 14 - Dorval/Lachine/Saint-Pierre,studio,turnover_rate_pct,2021,2022,10.1,d,ok,1.1.6,rmr-montreal-2022-en.xlsx,zone
Montréal,Zone 15 - Baie-d'Urfé/Beaconsfield etc.,studio,turnover_rate_pct,2021,2022,,,suppressed,1.1.6,rmr-montreal-2022-en.xlsx,zone
Montréal,Montréal Island (Zones 1-18),studio,turnover_rate_pct,2021,2022,19.1,a,ok,1.1.6,rmr-montreal-2022-en.xlsx,submarket
Montréal,Laval (Zones 19-24),studio,turnover_rate_pct,2021,2022,13.8,d,ok,1.1.6,rmr-montreal-2022-en.xlsx,submarket
Montréal,Montréal CMA,studio,turnover_rate_pct,2021,2022,19.2,a,ok,1.1.6,rmr-montreal-2022-en.xlsx,cma
Montréal,Zone 5 - Ct-des-Neiges/Mt-Royal/Outremont,studio,turnover_rate_pct,2022,2022,17.1,d,ok,1.1.6,rmr-montreal-2022-en.xlsx,zone
Montréal,Zone 14 - Dorval/Lachine/Saint-Pierre,studio,turnover_rate_pct,2022,2022,11.7,d,ok,1.1.6,rmr-montreal-2022-en.xlsx,zone
Montréal,Zone 15 - Baie-d'Urfé/Beaconsfield etc.,studio,turnover_rate_pct,2022,2022,,,suppressed,1.1.6,rmr-montreal-2022-en.xlsx,zone
Montréal,Montréal Island (Zones 1-18),studio,turnover_rate_pct,2022,2022,18.7,d,ok,1.1.6,rmr-montreal-2022-en.xlsx,submarket
Montréal,Laval (Zones 19-24),studio,turnover_rate_pct,2022,2022,11.9,c,ok,1.1.6,rmr-montreal-2022-en.xlsx,submarket
Montréal,Montréal CMA,studio,turnover_rate_pct,2022,2022,18.2,d,ok,1.1.6,rmr-montreal-2022-en.xlsx,cma
Montréal,Zone 5 - Ct-des-Neiges/Mt-Royal/Outremont,1,turnover_rate_pct,2021,2022,14.3,c,ok,1.1.6,rmr-montreal-2022-en.xlsx,zone
Montréal,Zone 14 - Dorval/Lachine/Saint-Pierre,1,turnover_rate_pct,2021,2022,10.7,d,ok,1.1.6,rmr-montreal-2022-en.xlsx,zone
Montréal,Zone 15 - Baie-d'Urfé/Beaconsfield etc.,1,turnover_rate_pct,2021,2022,,,suppressed,1.1.6,rmr-montreal-2022-en.xlsx,zone
Montréal,Montréal Island (Zones 1-18),1,turnover_rate_pct,2021,2022,12.4,c,ok,1.1.6,rmr-montreal-2022-en.xlsx,submarket
Montréal,Laval (Zones 19-24),1,turnover_rate_pct,2021,2022,13.0,c,ok,1.1.6,rmr-montreal-2022-en.xlsx,submarket
Montréal,Montréal CMA,1,turnover_rate_pct,2021,2022,12.8,c,ok,1.1.6,rmr-montreal-2022-en.xlsx,cma
Montréal,Zone 5 - Ct-des-Neiges/Mt-Royal/Outremont,1,turnover_rate_pct,2022,2022,13.2,c,ok,1.1.6,rmr-montreal-2022-en.xlsx,zone
Montréal,Zone 14 - Dorval/Lachine/Saint-Pierre,1,turnover_rate_pct,2022,2022,10.2,c,ok,1.1.6,rmr-montreal-2022-en.xlsx,zone
Montréal,Zone 15 - Baie-d'Urfé/Beaconsfield etc.,1,turnover_rate_pct,2022,2022,12.4,d,ok,1.1.6,rmr-montreal-2022-en.xlsx,zone
Montréal,Montréal Island (Zones 1-18),1,turnover_rate_pct,2022,2022,11.3,a,ok,1.1.6,rmr-montreal-2022-en.xlsx,submarket
Montréal,Laval (Zones 19-24),1,turnover_rate_pct,2022,2022,14.9,c,ok,1.1.6,rmr-montreal-2022-en.xlsx,submarket
Montréal,Montréal CMA,1,turnover_rate_pct,2022,2022,11.3,a,ok,1.1.6,rmr-montreal-2022-en.xlsx,cma
Montréal,Zone 5 - Ct-des-Neiges/Mt-Royal/Outremont,2,turnover_rate_pct,2021,2022,12.3,c,ok,1.1.6,rmr-montreal-2022-en.xlsx,zone
Montréal,Zone 14 - Dorval/Lachine/Saint-Pierre,2,turnover_rate_pct,2021,2022,9.8,c,ok,1.1.6,rmr-montreal-2022-en.xlsx,zone
Montréal,Zone 15 - Baie-d'Urfé/Beaconsfield etc.,2,turnover_rate_pct,2021,2022,14.6,d,ok,1.1.6,rmr-montreal-2022-en.xlsx,zone
Montréal,Montréal Island (Zones 1-18),2,turnover_rate_pct,2021,2022,10.1,c,ok,1.1.6,rmr-montreal-2022-en.xlsx,submarket
Montréal,Laval (Zones 19-24),2,turnover_rate_pct,2021,2022,9.7,b,ok,1.1.6,rmr-montreal-2022-en.xlsx,submarket
Montréal,Montréal CMA,2,turnover_rate_pct,2021,2022,10.3,c,ok,1.1.6,rmr-montreal-2022-en.xlsx,cma
Montréal,Zone 5 - Ct-des-Neiges/Mt-Royal/Outremont,2,turnover_rate_pct,2022,2022,14.0,d,ok,1.1.6,rmr-montreal-2022-en.xlsx,zone
Montréal,Zone 14 - Dorval/Lachine/Saint-Pierre,2,turnover_rate_pct,2022,2022,,,suppressed,1.1.6,rmr-montreal-2022-en.xlsx,zone
Montréal,Zone 15 - Baie-d'Urfé/Beaconsfield etc.,2,turnover_rate_pct,2022,2022,14.3,d,ok,1.1.6,rmr-montreal-2022-en.xlsx,zone
Montréal,Montréal Island (Zones 1-18),2,turnover_rate_pct,2022,2022,8.2,b,ok,1.1.6,rmr-montreal-2022-en.xlsx,submarket
Montréal,Laval (Zones 19-24),2,turnover_rate_pct,2022,2022,10.1,c,ok,1.1.6,rmr-montreal-2022-en.xlsx,submarket
Montréal,Montréal CMA,2,turnover_rate_pct,2022,2022,8.9,a,ok,1.1.6,rmr-montreal-2022-en.xlsx,cma
Montréal,Zone 5 - Ct-des-Neiges/Mt-Royal/Outremont,3+,turnover_rate_pct,2021,2022,,,suppressed,1.1.6,rmr-montreal-2022-en.xlsx,zone
Montréal,Zone 14 - Dorval/Lachine/Saint-Pierre,3+,turnover_rate_pct,2021,2022,,,suppressed,1.1.6,rmr-montreal-2022-en.xlsx,zone
Montréal,Zone 15 - Baie-d'Urfé/Beaconsfield etc.,3+,turnover_rate_pct,2021,2022,,,suppressed,1.1.6,rmr-montreal-2022-en.xlsx,zone
Montréal,Montréal Island (Zones 1-18),3+,turnover_rate_pct,2021,2022,6.9,c,ok,1.1.6,rmr-montreal-2022-en.xlsx,submarket
Montréal,Laval (Zones 19-24),3+,turnover_rate_pct,2021,2022,6.0,c,ok,1.1.6,rmr-montreal-2022-en.xlsx,submarket
Montréal,Montréal CMA,3+,turnover_rate_pct,2021,2022,8.1,c,ok,1.1.6,rmr-montreal-2022-en.xlsx,cma
Montréal,Zone 5 - Ct-des-Neiges/Mt-Royal/Outremont,3+,turnover_rate_pct,2022,2022,,,suppressed,1.1.6,rmr-montreal-2022-en.xlsx,zone
Montréal,Zone 14 - Dorval/Lachine/Saint-Pierre,3+,turnover_rate_pct,2022,2022,,,suppressed,1.1.6,rmr-montreal-2022-en.xlsx,zone
Montréal,Zone 15 - Baie-d'Urfé/Beaconsfield etc.,3+,turnover_rate_pct,2022,2022,,,suppressed,1.1.6,rmr-montreal-2022-en.xlsx,zone
Montréal,Montréal Island (Zones 1-18),3+,turnover_rate_pct,2022,2022,,,suppressed,1.1.6,rmr-montreal-2022-en.xlsx,submarket
Montréal,Laval (Zones 19-24),3+,turnover_rate_pct,2022,2022,9.2,c,ok,1.1.6,rmr-montreal-2022-en.xlsx,submarket
Montréal,Montréal CMA,3+,turnover_rate_pct,2022,2022,8.6,c,ok,1.1.6,rmr-montreal-2022-en.xlsx,cma
Montréal,Zone 5 - Ct-des-Neiges/Mt-Royal/Outremont,total,turnover_rate_pct,2021,2022,12.9,a,ok,1.1.6,rmr-montreal-2022-en.xlsx,zone
Montréal,Zone 14 - Dorval/Lachine/Saint-Pierre,total,turnover_rate_pct,2021,2022,9.8,b,ok,1.1.6,rmr-montreal-2022-en.xlsx,zone
Montréal,Zone 15 - Baie-d'Urfé/Beaconsfield etc.,total,turnover_rate_pct,2021,2022,,,suppressed,1.1.6,rmr-montreal-2022-en.xlsx,zone
Montréal,Montréal Island (Zones 1-18),total,turnover_rate_pct,2021,2022,11.3,a,ok,1.1.6,rmr-montreal-2022-en.xlsx,submarket
Montréal,Laval (Zones 19-24),total,turnover_rate_pct,2021,2022,9.8,b,ok,1.1.6,rmr-montreal-2022-en.xlsx,submarket
Montréal,Montréal CMA,total,turnover_rate_pct,2021,2022,11.4,a,ok,1.1.6,rmr-montreal-2022-en.xlsx,cma
Montréal,Zone 5 - Ct-des-Neiges/Mt-Royal/Outremont,total,turnover_rate_pct,2022,2022,13.0,c,ok,1.1.6,rmr-montreal-2022-en.xlsx,zone
Montréal,Zone 14 - Dorval/Lachine/Saint-Pierre,total,turnover_rate_pct,2022,2022,8.7,b,ok,1.1.6,rmr-montreal-2022-en.xlsx,zone
Montréal,Zone 15 - Baie-d'Urfé/Beaconsfield etc.,total,turnover_rate_pct,2022,2022,12.2,d,ok,1.1.6,rmr-montreal-2022-en.xlsx,zone
Montréal,Montréal Island (Zones 1-18),total,turnover_rate_pct,2022,2022,10.3,a,ok,1.1.6,rmr-montreal-2022-en.xlsx,submarket
Montréal,Laval (Zones 19-24),total,turnover_rate_pct,2022,2022,11.1,c,ok,1.1.6,rmr-montreal-2022-en.xlsx,submarket
Montréal,Montréal CMA,total,turnover_rate_pct,2022,2022,10.3,a,ok,1.1.6,rmr-montreal-2022-en.xlsx,cma
Montréal,Zone 5 - Ct-des-Neiges/Mt-Royal/Outremont,studio,vacant_unit_rent,2022,2022,762.0,b,ok,1.1.9,rmr-montreal-2022-en.xlsx,zone
Montréal,Zone 14 - Dorval/Lachine/Saint-Pierre,studio,vacant_unit_rent,2022,2022,769.0,b,ok,1.1.9,rmr-montreal-2022-en.xlsx,zone
Montréal,Zone 15 - Baie-d'Urfé/Beaconsfield etc.,studio,vacant_unit_rent,2022,2022,,,suppressed,1.1.9,rmr-montreal-2022-en.xlsx,zone
Montréal,Montréal Island (Zones 1-18),studio,vacant_unit_rent,2022,2022,828.0,b,ok,1.1.9,rmr-montreal-2022-en.xlsx,submarket
Montréal,Laval (Zones 19-24),studio,vacant_unit_rent,2022,2022,696.0,b,ok,1.1.9,rmr-montreal-2022-en.xlsx,submarket
Montréal,Montréal CMA,studio,vacant_unit_rent,2022,2022,822.0,b,ok,1.1.9,rmr-montreal-2022-en.xlsx,cma
Montréal,Zone 5 - Ct-des-Neiges/Mt-Royal/Outremont,studio,occupied_unit_rent,2022,2022,771.0,b,ok,1.1.9,rmr-montreal-2022-en.xlsx,zone
Montréal,Zone 14 - Dorval/Lachine/Saint-Pierre,studio,occupied_unit_rent,2022,2022,639.0,a,ok,1.1.9,rmr-montreal-2022-en.xlsx,zone
Montréal,Zone 15 - Baie-d'Urfé/Beaconsfield etc.,studio,occupied_unit_rent,2022,2022,741.0,b,ok,1.1.9,rmr-montreal-2022-en.xlsx,zone
Montréal,Montréal Island (Zones 1-18),studio,occupied_unit_rent,2022,2022,789.0,a,ok,1.1.9,rmr-montreal-2022-en.xlsx,submarket
Montréal,Laval (Zones 19-24),studio,occupied_unit_rent,2022,2022,711.0,a,ok,1.1.9,rmr-montreal-2022-en.xlsx,submarket
Montréal,Montréal CMA,studio,occupied_unit_rent,2022,2022,783.0,a,ok,1.1.9,rmr-montreal-2022-en.xlsx,cma
Montréal,Zone 5 - Ct-des-Neiges/Mt-Royal/Outremont,1,vacant_unit_rent,2022,2022,1193.0,b,ok,1.1.9,rmr-montreal-2022-en.xlsx,zone
Montréal,Zone 14 - Dorval/Lachine/Saint-Pierre,1,vacant_unit_rent,2022,2022,839.0,c,ok,1.1.9,rmr-montreal-2022-en.xlsx,zone
Montréal,Zone 15 - Baie-d'Urfé/Beaconsfield etc.,1,vacant_unit_rent,2022,2022,1297.0,b,ok,1.1.9,rmr-montreal-2022-en.xlsx,zone
Montréal,Montréal Island (Zones 1-18),1,vacant_unit_rent,2022,2022,1187.0,a,ok,1.1.9,rmr-montreal-2022-en.xlsx,submarket
Montréal,Laval (Zones 19-24),1,vacant_unit_rent,2022,2022,1243.0,b,ok,1.1.9,rmr-montreal-2022-en.xlsx,submarket
Montréal,Montréal CMA,1,vacant_unit_rent,2022,2022,1190.0,a,ok,1.1.9,rmr-montreal-2022-en.xlsx,cma
Montréal,Zone 5 - Ct-des-Neiges/Mt-Royal/Outremont,1,occupied_unit_rent,2022,2022,936.0,a,ok,1.1.9,rmr-montreal-2022-en.xlsx,zone
Montréal,Zone 14 - Dorval/Lachine/Saint-Pierre,1,occupied_unit_rent,2022,2022,764.0,a,ok,1.1.9,rmr-montreal-2022-en.xlsx,zone
Montréal,Zone 15 - Baie-d'Urfé/Beaconsfield etc.,1,occupied_unit_rent,2022,2022,1253.0,a,ok,1.1.9,rmr-montreal-2022-en.xlsx,zone
Montréal,Montréal Island (Zones 1-18),1,occupied_unit_rent,2022,2022,913.0,a,ok,1.1.9,rmr-montreal-2022-en.xlsx,submarket
Montréal,Laval (Zones 19-24),1,occupied_unit_rent,2022,2022,942.0,a,ok,1.1.9,rmr-montreal-2022-en.xlsx,submarket
Montréal,Montréal CMA,1,occupied_unit_rent,2022,2022,906.0,a,ok,1.1.9,rmr-montreal-2022-en.xlsx,cma
Montréal,Zone 5 - Ct-des-Neiges/Mt-Royal/Outremont,2,vacant_unit_rent,2022,2022,,,suppressed,1.1.9,rmr-montreal-2022-en.xlsx,zone
Montréal,Zone 14 - Dorval/Lachine/Saint-Pierre,2,vacant_unit_rent,2022,2022,1054.0,b,ok,1.1.9,rmr-montreal-2022-en.xlsx,zone
Montréal,Zone 15 - Baie-d'Urfé/Beaconsfield etc.,2,vacant_unit_rent,2022,2022,1843.0,c,ok,1.1.9,rmr-montreal-2022-en.xlsx,zone
Montréal,Montréal Island (Zones 1-18),2,vacant_unit_rent,2022,2022,1355.0,c,ok,1.1.9,rmr-montreal-2022-en.xlsx,submarket
Montréal,Laval (Zones 19-24),2,vacant_unit_rent,2022,2022,1599.0,b,ok,1.1.9,rmr-montreal-2022-en.xlsx,submarket
Montréal,Montréal CMA,2,vacant_unit_rent,2022,2022,1417.0,c,ok,1.1.9,rmr-montreal-2022-en.xlsx,cma
Montréal,Zone 5 - Ct-des-Neiges/Mt-Royal/Outremont,2,occupied_unit_rent,2022,2022,1174.0,a,ok,1.1.9,rmr-montreal-2022-en.xlsx,zone
Montréal,Zone 14 - Dorval/Lachine/Saint-Pierre,2,occupied_unit_rent,2022,2022,920.0,b,ok,1.1.9,rmr-montreal-2022-en.xlsx,zone
Montréal,Zone 15 - Baie-d'Urfé/Beaconsfield etc.,2,occupied_unit_rent,2022,2022,1558.0,a,ok,1.1.9,rmr-montreal-2022-en.xlsx,zone
Montréal,Montréal Island (Zones 1-18),2,occupied_unit_rent,2022,2022,1003.0,a,ok,1.1.9,rmr-montreal-2022-en.xlsx,submarket
Montréal,Laval (Zones 19-24),2,occupied_unit_rent,2022,2022,961.0,a,ok,1.1.9,rmr-montreal-2022-en.xlsx,submarket
Montréal,Montréal CMA,2,occupied_unit_rent,2022,2022,1015.0,a,ok,1.1.9,rmr-montreal-2022-en.xlsx,cma
Montréal,Zone 5 - Ct-des-Neiges/Mt-Royal/Outremont,3+,vacant_unit_rent,2022,2022,2070.0,d,ok,1.1.9,rmr-montreal-2022-en.xlsx,zone
Montréal,Zone 14 - Dorval/Lachine/Saint-Pierre,3+,vacant_unit_rent,2022,2022,,,suppressed,1.1.9,rmr-montreal-2022-en.xlsx,zone
Montréal,Zone 15 - Baie-d'Urfé/Beaconsfield etc.,3+,vacant_unit_rent,2022,2022,,,suppressed,1.1.9,rmr-montreal-2022-en.xlsx,zone
Montréal,Montréal Island (Zones 1-18),3+,vacant_unit_rent,2022,2022,1536.0,d,ok,1.1.9,rmr-montreal-2022-en.xlsx,submarket
Montréal,Laval (Zones 19-24),3+,vacant_unit_rent,2022,2022,,,suppressed,1.1.9,rmr-montreal-2022-en.xlsx,submarket
Montréal,Montréal CMA,3+,vacant_unit_rent,2022,2022,1485.0,d,ok,1.1.9,rmr-montreal-2022-en.xlsx,cma
Montréal,Zone 5 - Ct-des-Neiges/Mt-Royal/Outremont,3+,occupied_unit_rent,2022,2022,1461.0,b,ok,1.1.9,rmr-montreal-2022-en.xlsx,zone
Montréal,Zone 14 - Dorval/Lachine/Saint-Pierre,3+,occupied_unit_rent,2022,2022,812.0,c,ok,1.1.9,rmr-montreal-2022-en.xlsx,zone
Montréal,Zone 15 - Baie-d'Urfé/Beaconsfield etc.,3+,occupied_unit_rent,2022,2022,1566.0,b,ok,1.1.9,rmr-montreal-2022-en.xlsx,zone
Montréal,Montréal Island (Zones 1-18),3+,occupied_unit_rent,2022,2022,1247.0,a,ok,1.1.9,rmr-montreal-2022-en.xlsx,submarket
Montréal,Laval (Zones 19-24),3+,occupied_unit_rent,2022,2022,1181.0,b,ok,1.1.9,rmr-montreal-2022-en.xlsx,submarket
Montréal,Montréal CMA,3+,occupied_unit_rent,2022,2022,1226.0,a,ok,1.1.9,rmr-montreal-2022-en.xlsx,cma
Montréal,Zone 5 - Ct-des-Neiges/Mt-Royal/Outremont,total,vacant_unit_rent,2022,2022,1366.0,c,ok,1.1.9,rmr-montreal-2022-en.xlsx,zone
Montréal,Zone 14 - Dorval/Lachine/Saint-Pierre,total,vacant_unit_rent,2022,2022,933.0,c,ok,1.1.9,rmr-montreal-2022-en.xlsx,zone
Montréal,Zone 15 - Baie-d'Urfé/Beaconsfield etc.,total,vacant_unit_rent,2022,2022,1517.0,b,ok,1.1.9,rmr-montreal-2022-en.xlsx,zone
Montréal,Montréal Island (Zones 1-18),total,vacant_unit_rent,2022,2022,1237.0,b,ok,1.1.9,rmr-montreal-2022-en.xlsx,submarket
Montréal,Laval (Zones 19-24),total,vacant_unit_rent,2022,2022,1527.0,b,ok,1.1.9,rmr-montreal-2022-en.xlsx,submarket
Montréal,Montréal CMA,total,vacant_unit_rent,2022,2022,1272.0,b,ok,1.1.9,rmr-montreal-2022-en.xlsx,cma
Montréal,Zone 5 - Ct-des-Neiges/Mt-Royal/Outremont,total,occupied_unit_rent,2022,2022,1084.0,a,ok,1.1.9,rmr-montreal-2022-en.xlsx,zone
Montréal,Zone 14 - Dorval/Lachine/Saint-Pierre,total,occupied_unit_rent,2022,2022,844.0,a,ok,1.1.9,rmr-montreal-2022-en.xlsx,zone
Montréal,Zone 15 - Baie-d'Urfé/Beaconsfield etc.,total,occupied_unit_rent,2022,2022,1447.0,a,ok,1.1.9,rmr-montreal-2022-en.xlsx,zone
Montréal,Montréal Island (Zones 1-18),total,occupied_unit_rent,2022,2022,979.0,a,ok,1.1.9,rmr-montreal-2022-en.xlsx,submarket
Montréal,Laval (Zones 19-24),total,occupied_unit_rent,2022,2022,982.0,a,ok,1.1.9,rmr-montreal-2022-en.xlsx,submarket
Montréal,Montréal CMA,total,occupied_unit_rent,2022,2022,992.0,a,ok,1.1.9,rmr-montreal-2022-en.xlsx,cma
Montréal,Zone 5 - Ct-des-Neiges/Mt-Royal/Outremont,studio,vacancy_rate_pct,2022,2023,2.5,b,ok,1.1.1,rmr-montreal-2023-en.xlsx,zone
Montréal,Zone 14 - Dorval/Lachine/Saint-Pierre,studio,vacancy_rate_pct,2022,2023,2.1,c,ok,1.1.1,rmr-montreal-2023-en.xlsx,zone
Montréal,Zone 15 - Baie-d'Urfé/Beaconsfield etc.,studio,vacancy_rate_pct,2022,2023,,,suppressed,1.1.1,rmr-montreal-2023-en.xlsx,zone
Montréal,Montréal Island (Zones 1-18),studio,vacancy_rate_pct,2022,2023,2.9,b,ok,1.1.1,rmr-montreal-2023-en.xlsx,submarket
Montréal,Laval (Zones 19-24),studio,vacancy_rate_pct,2022,2023,2.4,c,ok,1.1.1,rmr-montreal-2023-en.xlsx,submarket
Montréal,Montréal CMA,studio,vacancy_rate_pct,2022,2023,2.8,b,ok,1.1.1,rmr-montreal-2023-en.xlsx,cma
Montréal,Zone 5 - Ct-des-Neiges/Mt-Royal/Outremont,studio,vacancy_rate_pct,2023,2023,1.6,c,ok,1.1.1,rmr-montreal-2023-en.xlsx,zone
Montréal,Zone 14 - Dorval/Lachine/Saint-Pierre,studio,vacancy_rate_pct,2023,2023,,,suppressed,1.1.1,rmr-montreal-2023-en.xlsx,zone
Montréal,Zone 15 - Baie-d'Urfé/Beaconsfield etc.,studio,vacancy_rate_pct,2023,2023,,,suppressed,1.1.1,rmr-montreal-2023-en.xlsx,zone
Montréal,Montréal Island (Zones 1-18),studio,vacancy_rate_pct,2023,2023,2.2,b,ok,1.1.1,rmr-montreal-2023-en.xlsx,submarket
Montréal,Laval (Zones 19-24),studio,vacancy_rate_pct,2023,2023,1.0,a,ok,1.1.1,rmr-montreal-2023-en.xlsx,submarket
Montréal,Montréal CMA,studio,vacancy_rate_pct,2023,2023,2.1,b,ok,1.1.1,rmr-montreal-2023-en.xlsx,cma
Montréal,Zone 5 - Ct-des-Neiges/Mt-Royal/Outremont,1,vacancy_rate_pct,2022,2023,2.9,b,ok,1.1.1,rmr-montreal-2023-en.xlsx,zone
Montréal,Zone 14 - Dorval/Lachine/Saint-Pierre,1,vacancy_rate_pct,2022,2023,2.3,c,ok,1.1.1,rmr-montreal-2023-en.xlsx,zone
Montréal,Zone 15 - Baie-d'Urfé/Beaconsfield etc.,1,vacancy_rate_pct,2022,2023,4.1,c,ok,1.1.1,rmr-montreal-2023-en.xlsx,zone
Montréal,Montréal Island (Zones 1-18),1,vacancy_rate_pct,2022,2023,2.0,a,ok,1.1.1,rmr-montreal-2023-en.xlsx,submarket
Montréal,Laval (Zones 19-24),1,vacancy_rate_pct,2022,2023,2.3,b,ok,1.1.1,rmr-montreal-2023-en.xlsx,submarket
Montréal,Montréal CMA,1,vacancy_rate_pct,2022,2023,1.9,a,ok,1.1.1,rmr-montreal-2023-en.xlsx,cma
Montréal,Zone 5 - Ct-des-Neiges/Mt-Royal/Outremont,1,vacancy_rate_pct,2023,2023,1.4,a,ok,1.1.1,rmr-montreal-2023-en.xlsx,zone
Montréal,Zone 14 - Dorval/Lachine/Saint-Pierre,1,vacancy_rate_pct,2023,2023,1.3,d,ok,1.1.1,rmr-montreal-2023-en.xlsx,zone
Montréal,Zone 15 - Baie-d'Urfé/Beaconsfield etc.,1,vacancy_rate_pct,2023,2023,1.7,b,ok,1.1.1,rmr-montreal-2023-en.xlsx,zone
Montréal,Montréal Island (Zones 1-18),1,vacancy_rate_pct,2023,2023,1.1,a,ok,1.1.1,rmr-montreal-2023-en.xlsx,submarket
Montréal,Laval (Zones 19-24),1,vacancy_rate_pct,2023,2023,1.9,c,ok,1.1.1,rmr-montreal-2023-en.xlsx,submarket
Montréal,Montréal CMA,1,vacancy_rate_pct,2023,2023,1.2,a,ok,1.1.1,rmr-montreal-2023-en.xlsx,cma
Montréal,Zone 5 - Ct-des-Neiges/Mt-Royal/Outremont,2,vacancy_rate_pct,2022,2023,4.3,d,ok,1.1.1,rmr-montreal-2023-en.xlsx,zone
Montréal,Zone 14 - Dorval/Lachine/Saint-Pierre,2,vacancy_rate_pct,2022,2023,1.1,a,ok,1.1.1,rmr-montreal-2023-en.xlsx,zone
Montréal,Zone 15 - Baie-d'Urfé/Beaconsfield etc.,2,vacancy_rate_pct,2022,2023,2.6,b,ok,1.1.1,rmr-montreal-2023-en.xlsx,zone
Montréal,Montréal Island (Zones 1-18),2,vacancy_rate_pct,2022,2023,2.4,c,ok,1.1.1,rmr-montreal-2023-en.xlsx,submarket
Montréal,Laval (Zones 19-24),2,vacancy_rate_pct,2022,2023,1.8,c,ok,1.1.1,rmr-montreal-2023-en.xlsx,submarket
Montréal,Montréal CMA,2,vacancy_rate_pct,2022,2023,2.1,c,ok,1.1.1,rmr-montreal-2023-en.xlsx,cma
Montréal,Zone 5 - Ct-des-Neiges/Mt-Royal/Outremont,2,vacancy_rate_pct,2023,2023,2.0,c,ok,1.1.1,rmr-montreal-2023-en.xlsx,zone
Montréal,Zone 14 - Dorval/Lachine/Saint-Pierre,2,vacancy_rate_pct,2023,2023,1.0,d,ok,1.1.1,rmr-montreal-2023-en.xlsx,zone
Montréal,Zone 15 - Baie-d'Urfé/Beaconsfield etc.,2,vacancy_rate_pct,2023,2023,2.0,b,ok,1.1.1,rmr-montreal-2023-en.xlsx,zone
Montréal,Montréal Island (Zones 1-18),2,vacancy_rate_pct,2023,2023,1.9,c,ok,1.1.1,rmr-montreal-2023-en.xlsx,submarket
Montréal,Laval (Zones 19-24),2,vacancy_rate_pct,2023,2023,2.3,c,ok,1.1.1,rmr-montreal-2023-en.xlsx,submarket
Montréal,Montréal CMA,2,vacancy_rate_pct,2023,2023,1.7,b,ok,1.1.1,rmr-montreal-2023-en.xlsx,cma
Montréal,Zone 5 - Ct-des-Neiges/Mt-Royal/Outremont,3+,vacancy_rate_pct,2022,2023,2.0,c,ok,1.1.1,rmr-montreal-2023-en.xlsx,zone
Montréal,Zone 14 - Dorval/Lachine/Saint-Pierre,3+,vacancy_rate_pct,2022,2023,0.3,b,ok,1.1.1,rmr-montreal-2023-en.xlsx,zone
Montréal,Zone 15 - Baie-d'Urfé/Beaconsfield etc.,3+,vacancy_rate_pct,2022,2023,0.4,b,ok,1.1.1,rmr-montreal-2023-en.xlsx,zone
Montréal,Montréal Island (Zones 1-18),3+,vacancy_rate_pct,2022,2023,,,suppressed,1.1.1,rmr-montreal-2023-en.xlsx,submarket
Montréal,Laval (Zones 19-24),3+,vacancy_rate_pct,2022,2023,1.1,a,ok,1.1.1,rmr-montreal-2023-en.xlsx,submarket
Montréal,Montréal CMA,3+,vacancy_rate_pct,2022,2023,,,suppressed,1.1.1,rmr-montreal-2023-en.xlsx,cma
Montréal,Zone 5 - Ct-des-Neiges/Mt-Royal/Outremont,3+,vacancy_rate_pct,2023,2023,0.2,b,ok,1.1.1,rmr-montreal-2023-en.xlsx,zone
Montréal,Zone 14 - Dorval/Lachine/Saint-Pierre,3+,vacancy_rate_pct,2023,2023,0.5,b,ok,1.1.1,rmr-montreal-2023-en.xlsx,zone
Montréal,Zone 15 - Baie-d'Urfé/Beaconsfield etc.,3+,vacancy_rate_pct,2023,2023,1.4,d,ok,1.1.1,rmr-montreal-2023-en.xlsx,zone
Montréal,Montréal Island (Zones 1-18),3+,vacancy_rate_pct,2023,2023,,,suppressed,1.1.1,rmr-montreal-2023-en.xlsx,submarket
Montréal,Laval (Zones 19-24),3+,vacancy_rate_pct,2023,2023,,,suppressed,1.1.1,rmr-montreal-2023-en.xlsx,submarket
Montréal,Montréal CMA,3+,vacancy_rate_pct,2023,2023,1.3,d,ok,1.1.1,rmr-montreal-2023-en.xlsx,cma
Montréal,Zone 5 - Ct-des-Neiges/Mt-Royal/Outremont,total,vacancy_rate_pct,2022,2023,3.3,c,ok,1.1.1,rmr-montreal-2023-en.xlsx,zone
Montréal,Zone 14 - Dorval/Lachine/Saint-Pierre,total,vacancy_rate_pct,2022,2023,1.4,a,ok,1.1.1,rmr-montreal-2023-en.xlsx,zone
Montréal,Zone 15 - Baie-d'Urfé/Beaconsfield etc.,total,vacancy_rate_pct,2022,2023,2.9,b,ok,1.1.1,rmr-montreal-2023-en.xlsx,zone
Montréal,Montréal Island (Zones 1-18),total,vacancy_rate_pct,2022,2023,2.3,b,ok,1.1.1,rmr-montreal-2023-en.xlsx,submarket
Montréal,Laval (Zones 19-24),total,vacancy_rate_pct,2022,2023,1.8,b,ok,1.1.1,rmr-montreal-2023-en.xlsx,submarket
Montréal,Montréal CMA,total,vacancy_rate_pct,2022,2023,2.0,a,ok,1.1.1,rmr-montreal-2023-en.xlsx,cma
Montréal,Zone 5 - Ct-des-Neiges/Mt-Royal/Outremont,total,vacancy_rate_pct,2023,2023,1.4,a,ok,1.1.1,rmr-montreal-2023-en.xlsx,zone
Montréal,Zone 14 - Dorval/Lachine/Saint-Pierre,total,vacancy_rate_pct,2023,2023,1.0,a,ok,1.1.1,rmr-montreal-2023-en.xlsx,zone
Montréal,Zone 15 - Baie-d'Urfé/Beaconsfield etc.,total,vacancy_rate_pct,2023,2023,1.8,b,ok,1.1.1,rmr-montreal-2023-en.xlsx,zone
Montréal,Montréal Island (Zones 1-18),total,vacancy_rate_pct,2023,2023,1.6,b,ok,1.1.1,rmr-montreal-2023-en.xlsx,submarket
Montréal,Laval (Zones 19-24),total,vacancy_rate_pct,2023,2023,2.1,c,ok,1.1.1,rmr-montreal-2023-en.xlsx,submarket
Montréal,Montréal CMA,total,vacancy_rate_pct,2023,2023,1.5,b,ok,1.1.1,rmr-montreal-2023-en.xlsx,cma
Montréal,Zone 5 - Ct-des-Neiges/Mt-Royal/Outremont,studio,average_rent,2022,2023,771.0,b,ok,1.1.2,rmr-montreal-2023-en.xlsx,zone
Montréal,Zone 14 - Dorval/Lachine/Saint-Pierre,studio,average_rent,2022,2023,642.0,a,ok,1.1.2,rmr-montreal-2023-en.xlsx,zone
Montréal,Zone 15 - Baie-d'Urfé/Beaconsfield etc.,studio,average_rent,2022,2023,754.0,b,ok,1.1.2,rmr-montreal-2023-en.xlsx,zone
Montréal,Montréal Island (Zones 1-18),studio,average_rent,2022,2023,790.0,a,ok,1.1.2,rmr-montreal-2023-en.xlsx,submarket
Montréal,Laval (Zones 19-24),studio,average_rent,2022,2023,711.0,a,ok,1.1.2,rmr-montreal-2023-en.xlsx,submarket
Montréal,Montréal CMA,studio,average_rent,2022,2023,785.0,a,ok,1.1.2,rmr-montreal-2023-en.xlsx,cma
Montréal,Zone 5 - Ct-des-Neiges/Mt-Royal/Outremont,studio,average_rent,2023,2023,778.0,b,ok,1.1.2,rmr-montreal-2023-en.xlsx,zone
Montréal,Zone 14 - Dorval/Lachine/Saint-Pierre,studio,average_rent,2023,2023,737.0,b,ok,1.1.2,rmr-montreal-2023-en.xlsx,zone
Montréal,Zone 15 - Baie-d'Urfé/Beaconsfield etc.,studio,average_rent,2023,2023,785.0,a,ok,1.1.2,rmr-montreal-2023-en.xlsx,zone
Montréal,Montréal Island (Zones 1-18),studio,average_rent,2023,2023,817.0,a,ok,1.1.2,rmr-montreal-2023-en.xlsx,submarket
Montréal,Laval (Zones 19-24),studio,average_rent,2023,2023,738.0,a,ok,1.1.2,rmr-montreal-2023-en.xlsx,submarket
Montréal,Montréal CMA,studio,average_rent,2023,2023,809.0,a,ok,1.1.2,rmr-montreal-2023-en.xlsx,cma
Montréal,Zone 5 - Ct-des-Neiges/Mt-Royal/Outremont,1,average_rent,2022,2023,943.0,a,ok,1.1.2,rmr-montreal-2023-en.xlsx,zone
Montréal,Zone 14 - Dorval/Lachine/Saint-Pierre,1,average_rent,2022,2023,766.0,a,ok,1.1.2,rmr-montreal-2023-en.xlsx,zone
Montréal,Zone 15 - Baie-d'Urfé/Beaconsfield etc.,1,average_rent,2022,2023,1255.0,a,ok,1.1.2,rmr-montreal-2023-en.xlsx,zone
Montréal,Montréal Island (Zones 1-18),1,average_rent,2022,2023,918.0,a,ok,1.1.2,rmr-montreal-2023-en.xlsx,submarket
Montréal,Laval (Zones 19-24),1,average_rent,2022,2023,947.0,a,ok,1.1.2,rmr-montreal-2023-en.xlsx,submarket
Montréal,Montréal CMA,1,average_rent,2022,2023,912.0,a,ok,1.1.2,rmr-montreal-2023-en.xlsx,cma
Montréal,Zone 5 - Ct-des-Neiges/Mt-Royal/Outremont,1,average_rent,2023,2023,977.0,a,ok,1.1.2,rmr-montreal-2023-en.xlsx,zone
Montréal,Zone 14 - Dorval/Lachine/Saint-Pierre,1,average_rent,2023,2023,857.0,a,ok,1.1.2,rmr-montreal-2023-en.xlsx,zone
Montréal,Zone 15 - Baie-d'Urfé/Beaconsfield etc.,1,average_rent,2023,2023,1187.0,a,ok,1.1.2,rmr-montreal-2023-en.xlsx,zone
Montréal,Montréal Island (Zones 1-18),1,average_rent,2023,2023,952.0,a,ok,1.1.2,rmr-montreal-2023-en.xlsx,submarket
Montréal,Laval (Zones 19-24),1,average_rent,2023,2023,1019.0,a,ok,1.1.2,rmr-montreal-2023-en.xlsx,submarket
Montréal,Montréal CMA,1,average_rent,2023,2023,960.0,a,ok,1.1.2,rmr-montreal-2023-en.xlsx,cma
Montréal,Zone 5 - Ct-des-Neiges/Mt-Royal/Outremont,2,average_rent,2022,2023,1186.0,a,ok,1.1.2,rmr-montreal-2023-en.xlsx,zone
Montréal,Zone 14 - Dorval/Lachine/Saint-Pierre,2,average_rent,2022,2023,921.0,b,ok,1.1.2,rmr-montreal-2023-en.xlsx,zone
Montréal,Zone 15 - Baie-d'Urfé/Beaconsfield etc.,2,average_rent,2022,2023,1566.0,a,ok,1.1.2,rmr-montreal-2023-en.xlsx,zone
Montréal,Montréal Island (Zones 1-18),2,average_rent,2022,2023,1010.0,a,ok,1.1.2,rmr-montreal-2023-en.xlsx,submarket
Montréal,Laval (Zones 19-24),2,average_rent,2022,2023,973.0,a,ok,1.1.2,rmr-montreal-2023-en.xlsx,submarket
Montréal,Montréal CMA,2,average_rent,2022,2023,1022.0,a,ok,1.1.2,rmr-montreal-2023-en.xlsx,cma
Montréal,Zone 5 - Ct-des-Neiges/Mt-Royal/Outremont,2,average_rent,2023,2023,1224.0,b,ok,1.1.2,rmr-montreal-2023-en.xlsx,zone
Montréal,Zone 14 - Dorval/Lachine/Saint-Pierre,2,average_rent,2023,2023,1042.0,c,ok,1.1.2,rmr-montreal-2023-en.xlsx,zone
Montréal,Zone 15 - Baie-d'Urfé/Beaconsfield etc.,2,average_rent,2023,2023,1525.0,b,ok,1.1.2,rmr-montreal-2023-en.xlsx,zone
Montréal,Montréal Island (Zones 1-18),2,average_rent,2023,2023,1067.0,a,ok,1.1.2,rmr-montreal-2023-en.xlsx,submarket
Montréal,Laval (Zones 19-24),2,average_rent,2023,2023,1092.0,a,ok,1.1.2,rmr-montreal-2023-en.xlsx,submarket
Montréal,Montréal CMA,2,average_rent,2023,2023,1096.0,a,ok,1.1.2,rmr-montreal-2023-en.xlsx,cma
Montréal,Zone 5 - Ct-des-Neiges/Mt-Royal/Outremont,3+,average_rent,2022,2023,1473.0,b,ok,1.1.2,rmr-montreal-2023-en.xlsx,zone
Montréal,Zone 14 - Dorval/Lachine/Saint-Pierre,3+,average_rent,2022,2023,813.0,c,ok,1.1.2,rmr-montreal-2023-en.xlsx,zone
Montréal,Zone 15 - Baie-d'Urfé/Beaconsfield etc.,3+,average_rent,2022,2023,1565.0,b,ok,1.1.2,rmr-montreal-2023-en.xlsx,zone
Montréal,Montréal Island (Zones 1-18),3+,average_rent,2022,2023,1254.0,a,ok,1.1.2,rmr-montreal-2023-en.xlsx,submarket
Montréal,Laval (Zones 19-24),3+,average_rent,2022,2023,1190.0,b,ok,1.1.2,rmr-montreal-2023-en.xlsx,submarket
Montréal,Montréal CMA,3+,average_rent,2022,2023,1230.0,a,ok,1.1.2,rmr-montreal-2023-en.xlsx,cma
Montréal,Zone 5 - Ct-des-Neiges/Mt-Royal/Outremont,3+,average_rent,2023,2023,1439.0,b,ok,1.1.2,rmr-montreal-2023-en.xlsx,zone
Montréal,Zone 14 - Dorval/Lachine/Saint-Pierre,3+,average_rent,2023,2023,1032.0,b,ok,1.1.2,rmr-montreal-2023-en.xlsx,zone
Montréal,Zone 15 - Baie-d'Urfé/Beaconsfield etc.,3+,average_rent,2023,2023,1536.0,b,ok,1.1.2,rmr-montreal-2023-en.xlsx,zone
Montréal,Montréal Island (Zones 1-18),3+,average_rent,2023,2023,1343.0,a,ok,1.1.2,rmr-montreal-2023-en.xlsx,submarket
Montréal,Laval (Zones 19-24),3+,average_rent,2023,2023,1256.0,b,ok,1.1.2,rmr-montreal-2023-en.xlsx,submarket
Montréal,Montréal CMA,3+,average_rent,2023,2023,1323.0,a,ok,1.1.2,rmr-montreal-2023-en.xlsx,cma
Montréal,Zone 5 - Ct-des-Neiges/Mt-Royal/Outremont,total,average_rent,2022,2023,1094.0,a,ok,1.1.2,rmr-montreal-2023-en.xlsx,zone
Montréal,Zone 14 - Dorval/Lachine/Saint-Pierre,total,average_rent,2022,2023,845.0,a,ok,1.1.2,rmr-montreal-2023-en.xlsx,zone
Montréal,Zone 15 - Baie-d'Urfé/Beaconsfield etc.,total,average_rent,2022,2023,1449.0,a,ok,1.1.2,rmr-montreal-2023-en.xlsx,zone
Montréal,Montréal Island (Zones 1-18),total,average_rent,2022,2023,984.0,a,ok,1.1.2,rmr-montreal-2023-en.xlsx,submarket
Montréal,Laval (Zones 19-24),total,average_rent,2022,2023,991.0,a,ok,1.1.2,rmr-montreal-2023-en.xlsx,submarket
Montréal,Montréal CMA,total,average_rent,2022,2023,998.0,a,ok,1.1.2,rmr-montreal-2023-en.xlsx,cma
Montréal,Zone 5 - Ct-des-Neiges/Mt-Royal/Outremont,total,average_rent,2023,2023,1141.0,a,ok,1.1.2,rmr-montreal-2023-en.xlsx,zone
Montréal,Zone 14 - Dorval/Lachine/Saint-Pierre,total,average_rent,2023,2023,973.0,b,ok,1.1.2,rmr-montreal-2023-en.xlsx,zone
Montréal,Zone 15 - Baie-d'Urfé/Beaconsfield etc.,total,average_rent,2023,2023,1384.0,b,ok,1.1.2,rmr-montreal-2023-en.xlsx,zone
Montréal,Montréal Island (Zones 1-18),total,average_rent,2023,2023,1050.0,a,ok,1.1.2,rmr-montreal-2023-en.xlsx,submarket
Montréal,Laval (Zones 19-24),total,average_rent,2023,2023,1087.0,a,ok,1.1.2,rmr-montreal-2023-en.xlsx,submarket
Montréal,Montréal CMA,total,average_rent,2023,2023,1074.0,a,ok,1.1.2,rmr-montreal-2023-en.xlsx,cma
Montréal,Zone 5 - Ct-des-Neiges/Mt-Royal/Outremont,studio,fixed_sample_rent_change_pct,2022,2023,6.1,c,ok,1.1.5,rmr-montreal-2023-en.xlsx,zone
Montréal,Zone 14 - Dorval/Lachine/Saint-Pierre,studio,fixed_sample_rent_change_pct,2022,2023,,,suppressed,1.1.5,rmr-montreal-2023-en.xlsx,zone
Montréal,Zone 15 - Baie-d'Urfé/Beaconsfield etc.,studio,fixed_sample_rent_change_pct,2022,2023,,,not_significant,1.1.5,rmr-montreal-2023-en.xlsx,zone
Montréal,Montréal Island (Zones 1-18),studio,fixed_sample_rent_change_pct,2022,2023,5.1,b,ok,1.1.5,rmr-montreal-2023-en.xlsx,submarket
Montréal,Laval (Zones 19-24),studio,fixed_sample_rent_change_pct,2022,2023,,,suppressed,1.1.5,rmr-montreal-2023-en.xlsx,submarket
Montréal,Montréal CMA,studio,fixed_sample_rent_change_pct,2022,2023,5.2,b,ok,1.1.5,rmr-montreal-2023-en.xlsx,cma
Montréal,Zone 5 - Ct-des-Neiges/Mt-Royal/Outremont,studio,fixed_sample_rent_change_pct,2023,2023,7.7,c,ok,1.1.5,rmr-montreal-2023-en.xlsx,zone
Montréal,Zone 14 - Dorval/Lachine/Saint-Pierre,studio,fixed_sample_rent_change_pct,2023,2023,,,suppressed,1.1.5,rmr-montreal-2023-en.xlsx,zone
Montréal,Zone 15 - Baie-d'Urfé/Beaconsfield etc.,studio,fixed_sample_rent_change_pct,2023,2023,,,suppressed,1.1.5,rmr-montreal-2023-en.xlsx,zone
Montréal,Montréal Island (Zones 1-18),studio,fixed_sample_rent_change_pct,2023,2023,7.8,b,ok,1.1.5,rmr-montreal-2023-en.xlsx,submarket
Montréal,Laval (Zones 19-24),studio,fixed_sample_rent_change_pct,2023,2023,3.7,c,ok,1.1.5,rmr-montreal-2023-en.xlsx,submarket
Montréal,Montréal CMA,studio,fixed_sample_rent_change_pct,2023,2023,7.5,a,ok,1.1.5,rmr-montreal-2023-en.xlsx,cma
Montréal,Zone 5 - Ct-des-Neiges/Mt-Royal/Outremont,1,fixed_sample_rent_change_pct,2022,2023,5.9,b,ok,1.1.5,rmr-montreal-2023-en.xlsx,zone
Montréal,Zone 14 - Dorval/Lachine/Saint-Pierre,1,fixed_sample_rent_change_pct,2022,2023,4.5,d,ok,1.1.5,rmr-montreal-2023-en.xlsx,zone
Montréal,Zone 15 - Baie-d'Urfé/Beaconsfield etc.,1,fixed_sample_rent_change_pct,2022,2023,5.0,d,ok,1.1.5,rmr-montreal-2023-en.xlsx,zone
Montréal,Montréal Island (Zones 1-18),1,fixed_sample_rent_change_pct,2022,2023,5.2,b,ok,1.1.5,rmr-montreal-2023-en.xlsx,submarket
Montréal,Laval (Zones 19-24),1,fixed_sample_rent_change_pct,2022,2023,,,not_significant,1.1.5,rmr-montreal-2023-en.xlsx,submarket
Montréal,Montréal CMA,1,fixed_sample_rent_change_pct,2022,2023,4.9,b,ok,1.1.5,rmr-montreal-2023-en.xlsx,cma
Montréal,Zone 5 - Ct-des-Neiges/Mt-Royal/Outremont,1,fixed_sample_rent_change_pct,2023,2023,5.5,c,ok,1.1.5,rmr-montreal-2023-en.xlsx,zone
Montréal,Zone 14 - Dorval/Lachine/Saint-Pierre,1,fixed_sample_rent_change_pct,2023,2023,,,suppressed,1.1.5,rmr-montreal-2023-en.xlsx,zone
Montréal,Zone 15 - Baie-d'Urfé/Beaconsfield etc.,1,fixed_sample_rent_change_pct,2023,2023,5.7,d,ok,1.1.5,rmr-montreal-2023-en.xlsx,zone
Montréal,Montréal Island (Zones 1-18),1,fixed_sample_rent_change_pct,2023,2023,7.4,b,ok,1.1.5,rmr-montreal-2023-en.xlsx,submarket
Montréal,Laval (Zones 19-24),1,fixed_sample_rent_change_pct,2023,2023,,,suppressed,1.1.5,rmr-montreal-2023-en.xlsx,submarket
Montréal,Montréal CMA,1,fixed_sample_rent_change_pct,2023,2023,7.9,b,ok,1.1.5,rmr-montreal-2023-en.xlsx,cma
Montréal,Zone 5 - Ct-des-Neiges/Mt-Royal/Outremont,2,fixed_sample_rent_change_pct,2022,2023,6.0,c,ok,1.1.5,rmr-montreal-2023-en.xlsx,zone
Montréal,Zone 14 - Dorval/Lachine/Saint-Pierre,2,fixed_sample_rent_change_pct,2022,2023,6.2,c,ok,1.1.5,rmr-montreal-2023-en.xlsx,zone
Montréal,Zone 15 - Baie-d'Urfé/Beaconsfield etc.,2,fixed_sample_rent_change_pct,2022,2023,4.0,d,ok,1.1.5,rmr-montreal-2023-en.xlsx,zone
Montréal,Montréal Island (Zones 1-18),2,fixed_sample_rent_change_pct,2022,2023,5.6,b,ok,1.1.5,rmr-montreal-2023-en.xlsx,submarket
Montréal,Laval (Zones 19-24),2,fixed_sample_rent_change_pct,2022,2023,3.5,d,ok,1.1.5,rmr-montreal-2023-en.xlsx,submarket
Montréal,Montréal CMA,2,fixed_sample_rent_change_pct,2022,2023,5.4,b,ok,1.1.5,rmr-montreal-2023-en.xlsx,cma
Montréal,Zone 5 - Ct-des-Neiges/Mt-Royal/Outremont,2,fixed_sample_rent_change_pct,2023,2023,4.0,d,ok,1.1.5,rmr-montreal-2023-en.xlsx,zone
Montréal,Zone 14 - Dorval/Lachine/Saint-Pierre,2,fixed_sample_rent_change_pct,2023,2023,,,suppressed,1.1.5,rmr-montreal-2023-en.xlsx,zone
Montréal,Zone 15 - Baie-d'Urfé/Beaconsfield etc.,2,fixed_sample_rent_change_pct,2023,2023,8.2,c,ok,1.1.5,rmr-montreal-2023-en.xlsx,zone
Montréal,Montréal Island (Zones 1-18),2,fixed_sample_rent_change_pct,2023,2023,8.1,b,ok,1.1.5,rmr-montreal-2023-en.xlsx,submarket
Montréal,Laval (Zones 19-24),2,fixed_sample_rent_change_pct,2023,2023,,,suppressed,1.1.5,rmr-montreal-2023-en.xlsx,submarket
Montréal,Montréal CMA,2,fixed_sample_rent_change_pct,2023,2023,7.9,b,ok,1.1.5,rmr-montreal-2023-en.xlsx,cma
Montréal,Zone 5 - Ct-des-Neiges/Mt-Royal/Outremont,3+,fixed_sample_rent_change_pct,2022,2023,5.3,d,ok,1.1.5,rmr-montreal-2023-en.xlsx,zone
Montréal,Zone 14 - Dorval/Lachine/Saint-Pierre,3+,fixed_sample_rent_change_pct,2022,2023,,,not_significant,1.1.5,rmr-montreal-2023-en.xlsx,zone
Montréal,Zone 15 - Baie-d'Urfé/Beaconsfield etc.,3+,fixed_sample_rent_change_pct,2022,2023,,,not_significant,1.1.5,rmr-montreal-2023-en.xlsx,zone
Montréal,Montréal Island (Zones 1-18),3+,fixed_sample_rent_change_pct,2022,2023,5.3,c,ok,1.1.5,rmr-montreal-2023-en.xlsx,submarket
Montréal,Laval (Zones 19-24),3+,fixed_sample_rent_change_pct,2022,2023,,,not_significant,1.1.5,rmr-montreal-2023-en.xlsx,submarket
Montréal,Montréal CMA,3+,fixed_sample_rent_change_pct,2022,2023,4.6,c,ok,1.1.5,rmr-montreal-2023-en.xlsx,cma
Montréal,Zone 5 - Ct-des-Neiges/Mt-Royal/Outremont,3+,fixed_sample_rent_change_pct,2023,2023,,,suppressed,1.1.5,rmr-montreal-2023-en.xlsx,zone
Montréal,Zone 14 - Dorval/Lachine/Saint-Pierre,3+,fixed_sample_rent_change_pct,2023,2023,,,not_significant,1.1.5,rmr-montreal-2023-en.xlsx,zone
Montréal,Zone 15 - Baie-d'Urfé/Beaconsfield etc.,3+,fixed_sample_rent_change_pct,2023,2023,,,suppressed,1.1.5,rmr-montreal-2023-en.xlsx,zone
Montréal,Montréal Island (Zones 1-18),3+,fixed_sample_rent_change_pct,2023,2023,6.2,c,ok,1.1.5,rmr-montreal-2023-en.xlsx,submarket
Montréal,Laval (Zones 19-24),3+,fixed_sample_rent_change_pct,2023,2023,,,suppressed,1.1.5,rmr-montreal-2023-en.xlsx,submarket
Montréal,Montréal CMA,3+,fixed_sample_rent_change_pct,2023,2023,6.9,c,ok,1.1.5,rmr-montreal-2023-en.xlsx,cma
Montréal,Zone 5 - Ct-des-Neiges/Mt-Royal/Outremont,total,fixed_sample_rent_change_pct,2022,2023,5.7,b,ok,1.1.5,rmr-montreal-2023-en.xlsx,zone
Montréal,Zone 14 - Dorval/Lachine/Saint-Pierre,total,fixed_sample_rent_change_pct,2022,2023,5.3,c,ok,1.1.5,rmr-montreal-2023-en.xlsx,zone
Montréal,Zone 15 - Baie-d'Urfé/Beaconsfield etc.,total,fixed_sample_rent_change_pct,2022,2023,4.4,d,ok,1.1.5,rmr-montreal-2023-en.xlsx,zone
Montréal,Montréal Island (Zones 1-18),total,fixed_sample_rent_change_pct,2022,2023,5.2,b,ok,1.1.5,rmr-montreal-2023-en.xlsx,submarket
Montréal,Laval (Zones 19-24),total,fixed_sample_rent_change_pct,2022,2023,,,not_significant,1.1.5,rmr-montreal-2023-en.xlsx,submarket
Montréal,Montréal CMA,total,fixed_sample_rent_change_pct,2022,2023,5.1,b,ok,1.1.5,rmr-montreal-2023-en.xlsx,cma
Montréal,Zone 5 - Ct-des-Neiges/Mt-Royal/Outremont,total,fixed_sample_rent_change_pct,2023,2023,4.7,c,ok,1.1.5,rmr-montreal-2023-en.xlsx,zone
Montréal,Zone 14 - Dorval/Lachine/Saint-Pierre,total,fixed_sample_rent_change_pct,2023,2023,,,suppressed,1.1.5,rmr-montreal-2023-en.xlsx,zone
Montréal,Zone 15 - Baie-d'Urfé/Beaconsfield etc.,total,fixed_sample_rent_change_pct,2023,2023,6.8,c,ok,1.1.5,rmr-montreal-2023-en.xlsx,zone
Montréal,Montréal Island (Zones 1-18),total,fixed_sample_rent_change_pct,2023,2023,7.6,b,ok,1.1.5,rmr-montreal-2023-en.xlsx,submarket
Montréal,Laval (Zones 19-24),total,fixed_sample_rent_change_pct,2023,2023,,,suppressed,1.1.5,rmr-montreal-2023-en.xlsx,submarket
Montréal,Montréal CMA,total,fixed_sample_rent_change_pct,2023,2023,7.7,a,ok,1.1.5,rmr-montreal-2023-en.xlsx,cma
Montréal,Zone 5 - Ct-des-Neiges/Mt-Royal/Outremont,studio,turnover_rate_pct,2022,2023,17.1,d,ok,1.1.6,rmr-montreal-2023-en.xlsx,zone
Montréal,Zone 14 - Dorval/Lachine/Saint-Pierre,studio,turnover_rate_pct,2022,2023,11.7,d,ok,1.1.6,rmr-montreal-2023-en.xlsx,zone
Montréal,Zone 15 - Baie-d'Urfé/Beaconsfield etc.,studio,turnover_rate_pct,2022,2023,,,suppressed,1.1.6,rmr-montreal-2023-en.xlsx,zone
Montréal,Montréal Island (Zones 1-18),studio,turnover_rate_pct,2022,2023,18.7,d,ok,1.1.6,rmr-montreal-2023-en.xlsx,submarket
Montréal,Laval (Zones 19-24),studio,turnover_rate_pct,2022,2023,11.9,c,ok,1.1.6,rmr-montreal-2023-en.xlsx,submarket
Montréal,Montréal CMA,studio,turnover_rate_pct,2022,2023,18.2,d,ok,1.1.6,rmr-montreal-2023-en.xlsx,cma
Montréal,Zone 5 - Ct-des-Neiges/Mt-Royal/Outremont,studio,turnover_rate_pct,2023,2023,,,suppressed,1.1.6,rmr-montreal-2023-en.xlsx,zone
Montréal,Zone 14 - Dorval/Lachine/Saint-Pierre,studio,turnover_rate_pct,2023,2023,,,suppressed,1.1.6,rmr-montreal-2023-en.xlsx,zone
Montréal,Zone 15 - Baie-d'Urfé/Beaconsfield etc.,studio,turnover_rate_pct,2023,2023,,,suppressed,1.1.6,rmr-montreal-2023-en.xlsx,zone
Montréal,Montréal Island (Zones 1-18),studio,turnover_rate_pct,2023,2023,18.1,a,ok,1.1.6,rmr-montreal-2023-en.xlsx,submarket
Montréal,Laval (Zones 19-24),studio,turnover_rate_pct,2023,2023,9.8,c,ok,1.1.6,rmr-montreal-2023-en.xlsx,submarket
Montréal,Montréal CMA,studio,turnover_rate_pct,2023,2023,17.5,a,ok,1.1.6,rmr-montreal-2023-en.xlsx,cma
Montréal,Zone 5 - Ct-des-Neiges/Mt-Royal/Outremont,1,turnover_rate_pct,2022,2023,13.2,c,ok,1.1.6,rmr-montreal-2023-en.xlsx,zone
Montréal,Zone 14 - Dorval/Lachine/Saint-Pierre,1,turnover_rate_pct,2022,2023,10.2,c,ok,1.1.6,rmr-montreal-2023-en.xlsx,zone
Montréal,Zone 15 - Baie-d'Urfé/Beaconsfield etc.,1,turnover_rate_pct,2022,2023,12.4,d,ok,1.1.6,rmr-montreal-2023-en.xlsx,zone
Montréal,Montréal Island (Zones 1-18),1,turnover_rate_pct,2022,2023,11.3,a,ok,1.1.6,rmr-montreal-2023-en.xlsx,submarket
Montréal,Laval (Zones 19-24),1,turnover_rate_pct,2022,2023,14.9,c,ok,1.1.6,rmr-montreal-2023-en.xlsx,submarket
Montréal,Montréal CMA,1,turnover_rate_pct,2022,2023,11.3,a,ok,1.1.6,rmr-montreal-2023-en.xlsx,cma
Montréal,Zone 5 - Ct-des-Neiges/Mt-Royal/Outremont,1,turnover_rate_pct,2023,2023,,,suppressed,1.1.6,rmr-montreal-2023-en.xlsx,zone
Montréal,Zone 14 - Dorval/Lachine/Saint-Pierre,1,turnover_rate_pct,2023,2023,,,suppressed,1.1.6,rmr-montreal-2023-en.xlsx,zone
Montréal,Zone 15 - Baie-d'Urfé/Beaconsfield etc.,1,turnover_rate_pct,2023,2023,14.7,a,ok,1.1.6,rmr-montreal-2023-en.xlsx,zone
Montréal,Montréal Island (Zones 1-18),1,turnover_rate_pct,2023,2023,11.3,c,ok,1.1.6,rmr-montreal-2023-en.xlsx,submarket
Montréal,Laval (Zones 19-24),1,turnover_rate_pct,2023,2023,12.9,c,ok,1.1.6,rmr-montreal-2023-en.xlsx,submarket
Montréal,Montréal CMA,1,turnover_rate_pct,2023,2023,11.2,c,ok,1.1.6,rmr-montreal-2023-en.xlsx,cma
Montréal,Zone 5 - Ct-des-Neiges/Mt-Royal/Outremont,2,turnover_rate_pct,2022,2023,14.0,d,ok,1.1.6,rmr-montreal-2023-en.xlsx,zone
Montréal,Zone 14 - Dorval/Lachine/Saint-Pierre,2,turnover_rate_pct,2022,2023,,,suppressed,1.1.6,rmr-montreal-2023-en.xlsx,zone
Montréal,Zone 15 - Baie-d'Urfé/Beaconsfield etc.,2,turnover_rate_pct,2022,2023,14.3,d,ok,1.1.6,rmr-montreal-2023-en.xlsx,zone
Montréal,Montréal Island (Zones 1-18),2,turnover_rate_pct,2022,2023,8.2,b,ok,1.1.6,rmr-montreal-2023-en.xlsx,submarket
Montréal,Laval (Zones 19-24),2,turnover_rate_pct,2022,2023,10.1,c,ok,1.1.6,rmr-montreal-2023-en.xlsx,submarket
Montréal,Montréal CMA,2,turnover_rate_pct,2022,2023,8.9,a,ok,1.1.6,rmr-montreal-2023-en.xlsx,cma
Montréal,Zone 5 - Ct-des-Neiges/Mt-Royal/Outremont,2,turnover_rate_pct,2023,2023,,,suppressed,1.1.6,rmr-montreal-2023-en.xlsx,zone
Montréal,Zone 14 - Dorval/Lachine/Saint-Pierre,2,turnover_rate_pct,2023,2023,,,suppressed,1.1.6,rmr-montreal-2023-en.xlsx,zone
Montréal,Zone 15 - Baie-d'Urfé/Beaconsfield etc.,2,turnover_rate_pct,2023,2023,12.6,c,ok,1.1.6,rmr-montreal-2023-en.xlsx,zone
Montréal,Montréal Island (Zones 1-18),2,turnover_rate_pct,2023,2023,8.7,c,ok,1.1.6,rmr-montreal-2023-en.xlsx,submarket
Montréal,Laval (Zones 19-24),2,turnover_rate_pct,2023,2023,8.6,b,ok,1.1.6,rmr-montreal-2023-en.xlsx,submarket
Montréal,Montréal CMA,2,turnover_rate_pct,2023,2023,8.5,b,ok,1.1.6,rmr-montreal-2023-en.xlsx,cma
Montréal,Zone 5 - Ct-des-Neiges/Mt-Royal/Outremont,3+,turnover_rate_pct,2022,2023,,,suppressed,1.1.6,rmr-montreal-2023-en.xlsx,zone
Montréal,Zone 14 - Dorval/Lachine/Saint-Pierre,3+,turnover_rate_pct,2022,2023,,,suppressed,1.1.6,rmr-montreal-2023-en.xlsx,zone
Montréal,Zone 15 - Baie-d'Urfé/Beaconsfield etc.,3+,turnover_rate_pct,2022,2023,,,suppressed,1.1.6,rmr-montreal-2023-en.xlsx,zone
Montréal,Montréal Island (Zones 1-18),3+,turnover_rate_pct,2022,2023,,,suppressed,1.1.6,rmr-montreal-2023-en.xlsx,submarket
Montréal,Laval (Zones 19-24),3+,turnover_rate_pct,2022,2023,9.2,c,ok,1.1.6,rmr-montreal-2023-en.xlsx,submarket
Montréal,Montréal CMA,3+,turnover_rate_pct,2022,2023,8.6,c,ok,1.1.6,rmr-montreal-2023-en.xlsx,cma
Montréal,Zone 5 - Ct-des-Neiges/Mt-Royal/Outremont,3+,turnover_rate_pct,2023,2023,2.9,c,ok,1.1.6,rmr-montreal-2023-en.xlsx,zone
Montréal,Zone 14 - Dorval/Lachine/Saint-Pierre,3+,turnover_rate_pct,2023,2023,,,suppressed,1.1.6,rmr-montreal-2023-en.xlsx,zone
Montréal,Zone 15 - Baie-d'Urfé/Beaconsfield etc.,3+,turnover_rate_pct,2023,2023,12.1,d,ok,1.1.6,rmr-montreal-2023-en.xlsx,zone
Montréal,Montréal Island (Zones 1-18),3+,turnover_rate_pct,2023,2023,,,suppressed,1.1.6,rmr-montreal-2023-en.xlsx,submarket
Montréal,Laval (Zones 19-24),3+,turnover_rate_pct,2023,2023,4.8,d,ok,1.1.6,rmr-montreal-2023-en.xlsx,submarket
Montréal,Montréal CMA,3+,turnover_rate_pct,2023,2023,6.7,c,ok,1.1.6,rmr-montreal-2023-en.xlsx,cma
Montréal,Zone 5 - Ct-des-Neiges/Mt-Royal/Outremont,total,turnover_rate_pct,2022,2023,13.0,c,ok,1.1.6,rmr-montreal-2023-en.xlsx,zone
Montréal,Zone 14 - Dorval/Lachine/Saint-Pierre,total,turnover_rate_pct,2022,2023,8.7,b,ok,1.1.6,rmr-montreal-2023-en.xlsx,zone
Montréal,Zone 15 - Baie-d'Urfé/Beaconsfield etc.,total,turnover_rate_pct,2022,2023,12.2,d,ok,1.1.6,rmr-montreal-2023-en.xlsx,zone
Montréal,Montréal Island (Zones 1-18),total,turnover_rate_pct,2022,2023,10.3,a,ok,1.1.6,rmr-montreal-2023-en.xlsx,submarket
Montréal,Laval (Zones 19-24),total,turnover_rate_pct,2022,2023,11.1,c,ok,1.1.6,rmr-montreal-2023-en.xlsx,submarket
Montréal,Montréal CMA,total,turnover_rate_pct,2022,2023,10.3,a,ok,1.1.6,rmr-montreal-2023-en.xlsx,cma
Montréal,Zone 5 - Ct-des-Neiges/Mt-Royal/Outremont,total,turnover_rate_pct,2023,2023,11.5,d,ok,1.1.6,rmr-montreal-2023-en.xlsx,zone
Montréal,Zone 14 - Dorval/Lachine/Saint-Pierre,total,turnover_rate_pct,2023,2023,8.4,c,ok,1.1.6,rmr-montreal-2023-en.xlsx,zone
Montréal,Zone 15 - Baie-d'Urfé/Beaconsfield etc.,total,turnover_rate_pct,2023,2023,13.6,a,ok,1.1.6,rmr-montreal-2023-en.xlsx,zone
Montréal,Montréal Island (Zones 1-18),total,turnover_rate_pct,2023,2023,10.0,b,ok,1.1.6,rmr-montreal-2023-en.xlsx,submarket
Montréal,Laval (Zones 19-24),total,turnover_rate_pct,2023,2023,9.1,b,ok,1.1.6,rmr-montreal-2023-en.xlsx,submarket
Montréal,Montréal CMA,total,turnover_rate_pct,2023,2023,9.6,a,ok,1.1.6,rmr-montreal-2023-en.xlsx,cma
Montréal,Zone 5 - Ct-des-Neiges/Mt-Royal/Outremont,studio,vacant_unit_rent,2023,2023,725.0,d,ok,1.1.9,rmr-montreal-2023-en.xlsx,zone
Montréal,Zone 14 - Dorval/Lachine/Saint-Pierre,studio,vacant_unit_rent,2023,2023,,,suppressed,1.1.9,rmr-montreal-2023-en.xlsx,zone
Montréal,Zone 15 - Baie-d'Urfé/Beaconsfield etc.,studio,vacant_unit_rent,2023,2023,,,suppressed,1.1.9,rmr-montreal-2023-en.xlsx,zone
Montréal,Montréal Island (Zones 1-18),studio,vacant_unit_rent,2023,2023,1021.0,d,ok,1.1.9,rmr-montreal-2023-en.xlsx,submarket
Montréal,Laval (Zones 19-24),studio,vacant_unit_rent,2023,2023,765.0,c,ok,1.1.9,rmr-montreal-2023-en.xlsx,submarket
Montréal,Montréal CMA,studio,vacant_unit_rent,2023,2023,1010.0,d,ok,1.1.9,rmr-montreal-2023-en.xlsx,cma
Montréal,Zone 5 - Ct-des-Neiges/Mt-Royal/Outremont,studio,occupied_unit_rent,2023,2023,778.0,b,ok,1.1.9,rmr-montreal-2023-en.xlsx,zone
Montréal,Zone 14 - Dorval/Lachine/Saint-Pierre,studio,occupied_unit_rent,2023,2023,737.0,b,ok,1.1.9,rmr-montreal-2023-en.xlsx,zone
Montréal,Zone 15 - Baie-d'Urfé/Beaconsfield etc.,studio,occupied_unit_rent,2023,2023,785.0,a,ok,1.1.9,rmr-montreal-2023-en.xlsx,zone
Montréal,Montréal Island (Zones 1-18),studio,occupied_unit_rent,2023,2023,813.0,a,ok,1.1.9,rmr-montreal-2023-en.xlsx,submarket
Montréal,Laval (Zones 19-24),studio,occupied_unit_rent,2023,2023,737.0,a,ok,1.1.9,rmr-montreal-2023-en.xlsx,submarket
Montréal,Montréal CMA,studio,occupied_unit_rent,2023,2023,806.0,a,ok,1.1.9,rmr-montreal-2023-en.xlsx,cma
Montréal,Zone 5 - Ct-des-Neiges/Mt-Royal/Outremont,1,vacant_unit_rent,2023,2023,1291.0,b,ok,1.1.9,rmr-montreal-2023-en.xlsx,zone
Montréal,Zone 14 - Dorval/Lachine/Saint-Pierre,1,vacant_unit_rent,2023,2023,982.0,d,ok,1.1.9,rmr-montreal-2023-en.xlsx,zone
Montréal,Zone 15 - Baie-d'Urfé/Beaconsfield etc.,1,vacant_unit_rent,2023,2023,1346.0,b,ok,1.1.9,rmr-montreal-2023-en.xlsx,zone
Montréal,Montréal Island (Zones 1-18),1,vacant_unit_rent,2023,2023,1231.0,b,ok,1.1.9,rmr-montreal-2023-en.xlsx,submarket
Montréal,Laval (Zones 19-24),1,vacant_unit_rent,2023,2023,1372.0,c,ok,1.1.9,rmr-montreal-2023-en.xlsx,submarket
Montréal,Montréal CMA,1,vacant_unit_rent,2023,2023,1267.0,b,ok,1.1.9,rmr-montreal-2023-en.xlsx,cma
Montréal,Zone 5 - Ct-des-Neiges/Mt-Royal/Outremont,1,occupied_unit_rent,2023,2023,973.0,a,ok,1.1.9,rmr-montreal-2023-en.xlsx,zone
Montréal,Zone 14 - Dorval/Lachine/Saint-Pierre,1,occupied_unit_rent,2023,2023,857.0,a,ok,1.1.9,rmr-montreal-2023-en.xlsx,zone
Montréal,Zone 15 - Baie-d'Urfé/Beaconsfield etc.,1,occupied_unit_rent,2023,2023,1184.0,a,ok,1.1.9,rmr-montreal-2023-en.xlsx,zone
Montréal,Montréal Island (Zones 1-18),1,occupied_unit_rent,2023,2023,950.0,a,ok,1.1.9,rmr-montreal-2023-en.xlsx,submarket
Montréal,Laval (Zones 19-24),1,occupied_unit_rent,2023,2023,1012.0,a,ok,1.1.9,rmr-montreal-2023-en.xlsx,submarket
Montréal,Montréal CMA,1,occupied_unit_rent,2023,2023,957.0,a,ok,1.1.9,rmr-montreal-2023-en.xlsx,cma
Montréal,Zone 5 - Ct-des-Neiges/Mt-Royal/Outremont,2,vacant_unit_rent,2023,2023,1364.0,b,ok,1.1.9,rmr-montreal-2023-en.xlsx,zone
Montréal,Zone 14 - Dorval/Lachine/Saint-Pierre,2,vacant_unit_rent,2023,2023,1348.0,d,ok,1.1.9,rmr-montreal-2023-en.xlsx,zone
Montréal,Zone 15 - Baie-d'Urfé/Beaconsfield etc.,2,vacant_unit_rent,2023,2023,1758.0,b,ok,1.1.9,rmr-montreal-2023-en.xlsx,zone
Montréal,Montréal Island (Zones 1-18),2,vacant_unit_rent,2023,2023,1203.0,c,ok,1.1.9,rmr-montreal-2023-en.xlsx,submarket
Montréal,Laval (Zones 19-24),2,vacant_unit_rent,2023,2023,1727.0,c,ok,1.1.9,rmr-montreal-2023-en.xlsx,submarket
Montréal,Montréal CMA,2,vacant_unit_rent,2023,2023,1305.0,c,ok,1.1.9,rmr-montreal-2023-en.xlsx,cma
Montréal,Zone 5 - Ct-des-Neiges/Mt-Royal/Outremont,2,occupied_unit_rent,2023,2023,1221.0,b,ok,1.1.9,rmr-montreal-2023-en.xlsx,zone
Montréal,Zone 14 - Dorval/Lachine/Saint-Pierre,2,occupied_unit_rent,2023,2023,1040.0,c,ok,1.1.9,rmr-montreal-2023-en.xlsx,zone
Montréal,Zone 15 - Baie-d'Urfé/Beaconsfield etc.,2,occupied_unit_rent,2023,2023,1520.0,b,ok,1.1.9,rmr-montreal-2023-en.xlsx,zone
Montréal,Montréal Island (Zones 1-18),2,occupied_unit_rent,2023,2023,1065.0,a,ok,1.1.9,rmr-montreal-2023-en.xlsx,submarket
Montréal,Laval (Zones 19-24),2,occupied_unit_rent,2023,2023,1079.0,a,ok,1.1.9,rmr-montreal-2023-en.xlsx,submarket
Montréal,Montréal CMA,2,occupied_unit_rent,2023,2023,1093.0,a,ok,1.1.9,rmr-montreal-2023-en.xlsx,cma
Montréal,Zone 5 - Ct-des-Neiges/Mt-Royal/Outremont,3+,vacant_unit_rent,2023,2023,2302.0,d,ok,1.1.9,rmr-montreal-2023-en.xlsx,zone
Montréal,Zone 14 - Dorval/Lachine/Saint-Pierre,3+,vacant_unit_rent,2023,2023,,,suppressed,1.1.9,rmr-montreal-2023-en.xlsx,zone
Montréal,Zone 15 - Baie-d'Urfé/Beaconsfield etc.,3+,vacant_unit_rent,2023,2023,,,suppressed,1.1.9,rmr-montreal-2023-en.xlsx,zone
Montréal,Montréal Island (Zones 1-18),3+,vacant_unit_rent,2023,2023,,,suppressed,1.1.9,rmr-montreal-2023-en.xlsx,submarket
Montréal,Laval (Zones 19-24),3+,vacant_unit_rent,2023,2023,,,suppressed,1.1.9,rmr-montreal-2023-en.xlsx,submarket
Montréal,Montréal CMA,3+,vacant_unit_rent,2023,2023,,,suppressed,1.1.9,rmr-montreal-2023-en.xlsx,cma
Montréal,Zone 5 - Ct-des-Neiges/Mt-Royal/Outremont,3+,occupied_unit_rent,2023,2023,1437.0,b,ok,1.1.9,rmr-montreal-2023-en.xlsx,zone
Montréal,Zone 14 - Dorval/Lachine/Saint-Pierre,3+,occupied_unit_rent,2023,2023,1028.0,b,ok,1.1.9,rmr-montreal-2023-en.xlsx,zone
Montréal,Zone 15 - Baie-d'Urfé/Beaconsfield etc.,3+,occupied_unit_rent,2023,2023,1540.0,b,ok,1.1.9,rmr-montreal-2023-en.xlsx,zone
Montréal,Montréal Island (Zones 1-18),3+,occupied_unit_rent,2023,2023,1341.0,a,ok,1.1.9,rmr-montreal-2023-en.xlsx,submarket
Montréal,Laval (Zones 19-24),3+,occupied_unit_rent,2023,2023,1235.0,b,ok,1.1.9,rmr-montreal-2023-en.xlsx,submarket
Montréal,Montréal CMA,3+,occupied_unit_rent,2023,2023,1321.0,a,ok,1.1.9,rmr-montreal-2023-en.xlsx,cma
Montréal,Zone 5 - Ct-des-Neiges/Mt-Royal/Outremont,total,vacant_unit_rent,2023,2023,1317.0,b,ok,1.1.9,rmr-montreal-2023-en.xlsx,zone
Montréal,Zone 14 - Dorval/Lachine/Saint-Pierre,total,vacant_unit_rent,2023,2023,1277.0,c,ok,1.1.9,rmr-montreal-2023-en.xlsx,zone
Montréal,Zone 15 - Baie-d'Urfé/Beaconsfield etc.,total,vacant_unit_rent,2023,2023,1557.0,b,ok,1.1.9,rmr-montreal-2023-en.xlsx,zone
Montréal,Montréal Island (Zones 1-18),total,vacant_unit_rent,2023,2023,1229.0,b,ok,1.1.9,rmr-montreal-2023-en.xlsx,submarket
Montréal,Laval (Zones 19-24),total,vacant_unit_rent,2023,2023,1716.0,c,ok,1.1.9,rmr-montreal-2023-en.xlsx,submarket
Montréal,Montréal CMA,total,vacant_unit_rent,2023,2023,1299.0,b,ok,1.1.9,rmr-montreal-2023-en.xlsx,cma
Montréal,Zone 5 - Ct-des-Neiges/Mt-Royal/Outremont,total,occupied_unit_rent,2023,2023,1139.0,a,ok,1.1.9,rmr-montreal-2023-en.xlsx,zone
Montréal,Zone 14 - Dorval/Lachine/Saint-Pierre,total,occupied_unit_rent,2023,2023,971.0,b,ok,1.1.9,rmr-montreal-2023-en.xlsx,zone
Montréal,Zone 15 - Baie-d'Urfé/Beaconsfield etc.,total,occupied_unit_rent,2023,2023,1381.0,b,ok,1.1.9,rmr-montreal-2023-en.xlsx,zone
Montréal,Montréal Island (Zones 1-18),total,occupied_unit_rent,2023,2023,1048.0,a,ok,1.1.9,rmr-montreal-2023-en.xlsx,submarket
Montréal,Laval (Zones 19-24),total,occupied_unit_rent,2023,2023,1075.0,a,ok,1.1.9,rmr-montreal-2023-en.xlsx,submarket
Montréal,Montréal CMA,total,occupied_unit_rent,2023,2023,1071.0,a,ok,1.1.9,rmr-montreal-2023-en.xlsx,cma
Montréal,Zone 5 - Ct-des-Neiges/Mt-Royal/Outremont,studio,vacancy_rate_pct,2023,2024,1.6,c,ok,1.1.1,rmr-montreal-2024-en.xlsx,zone
Montréal,Zone 14 - Dorval/Lachine/Saint-Pierre,studio,vacancy_rate_pct,2023,2024,,,suppressed,1.1.1,rmr-montreal-2024-en.xlsx,zone
Montréal,Zone 15 - Baie-d'Urfé/Beaconsfield etc.,studio,vacancy_rate_pct,2023,2024,,,suppressed,1.1.1,rmr-montreal-2024-en.xlsx,zone
Montréal,Montréal Island (Zones 1-18),studio,vacancy_rate_pct,2023,2024,2.2,b,ok,1.1.1,rmr-montreal-2024-en.xlsx,submarket
Montréal,Laval (Zones 19-24),studio,vacancy_rate_pct,2023,2024,1.0,a,ok,1.1.1,rmr-montreal-2024-en.xlsx,submarket
Montréal,Montréal CMA,studio,vacancy_rate_pct,2023,2024,2.1,b,ok,1.1.1,rmr-montreal-2024-en.xlsx,cma
Montréal,Zone 5 - Ct-des-Neiges/Mt-Royal/Outremont,studio,vacancy_rate_pct,2024,2024,2.9,c,ok,1.1.1,rmr-montreal-2024-en.xlsx,zone
Montréal,Zone 14 - Dorval/Lachine/Saint-Pierre,studio,vacancy_rate_pct,2024,2024,,,suppressed,1.1.1,rmr-montreal-2024-en.xlsx,zone
Montréal,Zone 15 - Baie-d'Urfé/Beaconsfield etc.,studio,vacancy_rate_pct,2024,2024,0.0,d,ok,1.1.1,rmr-montreal-2024-en.xlsx,zone
Montréal,Montréal Island (Zones 1-18),studio,vacancy_rate_pct,2024,2024,2.4,a,ok,1.1.1,rmr-montreal-2024-en.xlsx,submarket
Montréal,Laval (Zones 19-24),studio,vacancy_rate_pct,2024,2024,0.3,b,ok,1.1.1,rmr-montreal-2024-en.xlsx,submarket
Montréal,Montréal CMA,studio,vacancy_rate_pct,2024,2024,2.3,a,ok,1.1.1,rmr-montreal-2024-en.xlsx,cma
Montréal,Zone 5 - Ct-des-Neiges/Mt-Royal/Outremont,1,vacancy_rate_pct,2023,2024,1.4,a,ok,1.1.1,rmr-montreal-2024-en.xlsx,zone
Montréal,Zone 14 - Dorval/Lachine/Saint-Pierre,1,vacancy_rate_pct,2023,2024,1.3,d,ok,1.1.1,rmr-montreal-2024-en.xlsx,zone
Montréal,Zone 15 - Baie-d'Urfé/Beaconsfield etc.,1,vacancy_rate_pct,2023,2024,1.7,b,ok,1.1.1,rmr-montreal-2024-en.xlsx,zone
Montréal,Montréal Island (Zones 1-18),1,vacancy_rate_pct,2023,2024,1.1,a,ok,1.1.1,rmr-montreal-2024-en.xlsx,submarket
Montréal,Laval (Zones 19-24),1,vacancy_rate_pct,2023,2024,1.9,c,ok,1.1.1,rmr-montreal-2024-en.xlsx,submarket
Montréal,Montréal CMA,1,vacancy_rate_pct,2023,2024,1.2,a,ok,1.1.1,rmr-montreal-2024-en.xlsx,cma
Montréal,Zone 5 - Ct-des-Neiges/Mt-Royal/Outremont,1,vacancy_rate_pct,2024,2024,2.1,c,ok,1.1.1,rmr-montreal-2024-en.xlsx,zone
Montréal,Zone 14 - Dorval/Lachine/Saint-Pierre,1,vacancy_rate_pct,2024,2024,1.5,c,ok,1.1.1,rmr-montreal-2024-en.xlsx,zone
Montréal,Zone 15 - Baie-d'Urfé/Beaconsfield etc.,1,vacancy_rate_pct,2024,2024,2.0,c,ok,1.1.1,rmr-montreal-2024-en.xlsx,zone
Montréal,Montréal Island (Zones 1-18),1,vacancy_rate_pct,2024,2024,1.8,a,ok,1.1.1,rmr-montreal-2024-en.xlsx,submarket
Montréal,Laval (Zones 19-24),1,vacancy_rate_pct,2024,2024,2.0,c,ok,1.1.1,rmr-montreal-2024-en.xlsx,submarket
Montréal,Montréal CMA,1,vacancy_rate_pct,2024,2024,2.0,b,ok,1.1.1,rmr-montreal-2024-en.xlsx,cma
Montréal,Zone 5 - Ct-des-Neiges/Mt-Royal/Outremont,2,vacancy_rate_pct,2023,2024,2.0,c,ok,1.1.1,rmr-montreal-2024-en.xlsx,zone
Montréal,Zone 14 - Dorval/Lachine/Saint-Pierre,2,vacancy_rate_pct,2023,2024,1.0,d,ok,1.1.1,rmr-montreal-2024-en.xlsx,zone
Montréal,Zone 15 - Baie-d'Urfé/Beaconsfield etc.,2,vacancy_rate_pct,2023,2024,2.0,b,ok,1.1.1,rmr-montreal-2024-en.xlsx,zone
Montréal,Montréal Island (Zones 1-18),2,vacancy_rate_pct,2023,2024,1.9,c,ok,1.1.1,rmr-montreal-2024-en.xlsx,submarket
Montréal,Laval (Zones 19-24),2,vacancy_rate_pct,2023,2024,2.3,c,ok,1.1.1,rmr-montreal-2024-en.xlsx,submarket
Montréal,Montréal CMA,2,vacancy_rate_pct,2023,2024,1.7,b,ok,1.1.1,rmr-montreal-2024-en.xlsx,cma
Montréal,Zone 5 - Ct-des-Neiges/Mt-Royal/Outremont,2,vacancy_rate_pct,2024,2024,1.9,c,ok,1.1.1,rmr-montreal-2024-en.xlsx,zone
Montréal,Zone 14 - Dorval/Lachine/Saint-Pierre,2,vacancy_rate_pct,2024,2024,,,suppressed,1.1.1,rmr-montreal-2024-en.xlsx,zone
Montréal,Zone 15 - Baie-d'Urfé/Beaconsfield etc.,2,vacancy_rate_pct,2024,2024,,,suppressed,1.1.1,rmr-montreal-2024-en.xlsx,zone
Montréal,Montréal Island (Zones 1-18),2,vacancy_rate_pct,2024,2024,1.4,a,ok,1.1.1,rmr-montreal-2024-en.xlsx,submarket
Montréal,Laval (Zones 19-24),2,vacancy_rate_pct,2024,2024,2.7,c,ok,1.1.1,rmr-montreal-2024-en.xlsx,submarket
Montréal,Montréal CMA,2,vacancy_rate_pct,2024,2024,1.7,b,ok,1.1.1,rmr-montreal-2024-en.xlsx,cma
Montréal,Zone 5 - Ct-des-Neiges/Mt-Royal/Outremont,3+,vacancy_rate_pct,2023,2024,0.2,b,ok,1.1.1,rmr-montreal-2024-en.xlsx,zone
Montréal,Zone 14 - Dorval/Lachine/Saint-Pierre,3+,vacancy_rate_pct,2023,2024,0.5,b,ok,1.1.1,rmr-montreal-2024-en.xlsx,zone
Montréal,Zone 15 - Baie-d'Urfé/Beaconsfield etc.,3+,vacancy_rate_pct,2023,2024,1.4,d,ok,1.1.1,rmr-montreal-2024-en.xlsx,zone
Montréal,Montréal Island (Zones 1-18),3+,vacancy_rate_pct,2023,2024,,,suppressed,1.1.1,rmr-montreal-2024-en.xlsx,submarket
Montréal,Laval (Zones 19-24),3+,vacancy_rate_pct,2023,2024,,,suppressed,1.1.1,rmr-montreal-2024-en.xlsx,submarket
Montréal,Montréal CMA,3+,vacancy_rate_pct,2023,2024,1.3,d,ok,1.1.1,rmr-montreal-2024-en.xlsx,cma
Montréal,Zone 5 - Ct-des-Neiges/Mt-Royal/Outremont,3+,vacancy_rate_pct,2024,2024,,,suppressed,1.1.1,rmr-montreal-2024-en.xlsx,zone
Montréal,Zone 14 - Dorval/Lachine/Saint-Pierre,3+,vacancy_rate_pct,2024,2024,,,suppressed,1.1.1,rmr-montreal-2024-en.xlsx,zone
Montréal,Zone 15 - Baie-d'Urfé/Beaconsfield etc.,3+,vacancy_rate_pct,2024,2024,0.6,b,ok,1.1.1,rmr-montreal-2024-en.xlsx,zone
Montréal,Montréal Island (Zones 1-18),3+,vacancy_rate_pct,2024,2024,,,suppressed,1.1.1,rmr-montreal-2024-en.xlsx,submarket
Montréal,Laval (Zones 19-24),3+,vacancy_rate_pct,2024,2024,2.2,c,ok,1.1.1,rmr-montreal-2024-en.xlsx,submarket
Montréal,Montréal CMA,3+,vacancy_rate_pct,2024,2024,,,suppressed,1.1.1,rmr-montreal-2024-en.xlsx,cma
Montréal,Zone 5 - Ct-des-Neiges/Mt-Royal/Outremont,total,vacancy_rate_pct,2023,2024,1.4,a,ok,1.1.1,rmr-montreal-2024-en.xlsx,zone
Montréal,Zone 14 - Dorval/Lachine/Saint-Pierre,total,vacancy_rate_pct,2023,2024,1.0,a,ok,1.1.1,rmr-montreal-2024-en.xlsx,zone
Montréal,Zone 15 - Baie-d'Urfé/Beaconsfield etc.,total,vacancy_rate_pct,2023,2024,1.8,b,ok,1.1.1,rmr-montreal-2024-en.xlsx,zone
Montréal,Montréal Island (Zones 1-18),total,vacancy_rate_pct,2023,2024,1.6,b,ok,1.1.1,rmr-montreal-2024-en.xlsx,submarket
Montréal,Laval (Zones 19-24),total,vacancy_rate_pct,2023,2024,2.1,c,ok,1.1.1,rmr-montreal-2024-en.xlsx,submarket
Montréal,Montréal CMA,total,vacancy_rate_pct,2023,2024,1.5,b,ok,1.1.1,rmr-montreal-2024-en.xlsx,cma
Montréal,Zone 5 - Ct-des-Neiges/Mt-Royal/Outremont,total,vacancy_rate_pct,2024,2024,2.1,b,ok,1.1.1,rmr-montreal-2024-en.xlsx,zone
Montréal,Zone 14 - Dorval/Lachine/Saint-Pierre,total,vacancy_rate_pct,2024,2024,,,suppressed,1.1.1,rmr-montreal-2024-en.xlsx,zone
Montréal,Zone 15 - Baie-d'Urfé/Beaconsfield etc.,total,vacancy_rate_pct,2024,2024,,,suppressed,1.1.1,rmr-montreal-2024-en.xlsx,zone
Montréal,Montréal Island (Zones 1-18),total,vacancy_rate_pct,2024,2024,2.0,b,ok,1.1.1,rmr-montreal-2024-en.xlsx,submarket
Montréal,Laval (Zones 19-24),total,vacancy_rate_pct,2024,2024,2.4,c,ok,1.1.1,rmr-montreal-2024-en.xlsx,submarket
Montréal,Montréal CMA,total,vacancy_rate_pct,2024,2024,2.1,b,ok,1.1.1,rmr-montreal-2024-en.xlsx,cma
Montréal,Zone 5 - Ct-des-Neiges/Mt-Royal/Outremont,studio,average_rent,2023,2024,778.0,b,ok,1.1.2,rmr-montreal-2024-en.xlsx,zone
Montréal,Zone 14 - Dorval/Lachine/Saint-Pierre,studio,average_rent,2023,2024,737.0,b,ok,1.1.2,rmr-montreal-2024-en.xlsx,zone
Montréal,Zone 15 - Baie-d'Urfé/Beaconsfield etc.,studio,average_rent,2023,2024,785.0,a,ok,1.1.2,rmr-montreal-2024-en.xlsx,zone
Montréal,Montréal Island (Zones 1-18),studio,average_rent,2023,2024,817.0,a,ok,1.1.2,rmr-montreal-2024-en.xlsx,submarket
Montréal,Laval (Zones 19-24),studio,average_rent,2023,2024,738.0,a,ok,1.1.2,rmr-montreal-2024-en.xlsx,submarket
Montréal,Montréal CMA,studio,average_rent,2023,2024,809.0,a,ok,1.1.2,rmr-montreal-2024-en.xlsx,cma
Montréal,Zone 5 - Ct-des-Neiges/Mt-Royal/Outremont,studio,average_rent,2024,2024,871.0,b,ok,1.1.2,rmr-montreal-2024-en.xlsx,zone
Montréal,Zone 14 - Dorval/Lachine/Saint-Pierre,studio,average_rent,2024,2024,732.0,b,ok,1.1.2,rmr-montreal-2024-en.xlsx,zone
Montréal,Zone 15 - Baie-d'Urfé/Beaconsfield etc.,studio,average_rent,2024,2024,907.0,c,ok,1.1.2,rmr-montreal-2024-en.xlsx,zone
Montréal,Montréal Island (Zones 1-18),studio,average_rent,2024,2024,901.0,a,ok,1.1.2,rmr-montreal-2024-en.xlsx,submarket
Montréal,Laval (Zones 19-24),studio,average_rent,2024,2024,836.0,b,ok,1.1.2,rmr-montreal-2024-en.xlsx,submarket
Montréal,Montréal CMA,studio,average_rent,2024,2024,892.0,a,ok,1.1.2,rmr-montreal-2024-en.xlsx,cma
Montréal,Zone 5 - Ct-des-Neiges/Mt-Royal/Outremont,1,average_rent,2023,2024,977.0,a,ok,1.1.2,rmr-montreal-2024-en.xlsx,zone
Montréal,Zone 14 - Dorval/Lachine/Saint-Pierre,1,average_rent,2023,2024,857.0,a,ok,1.1.2,rmr-montreal-2024-en.xlsx,zone
Montréal,Zone 15 - Baie-d'Urfé/Beaconsfield etc.,1,average_rent,2023,2024,1187.0,a,ok,1.1.2,rmr-montreal-2024-en.xlsx,zone
Montréal,Montréal Island (Zones 1-18),1,average_rent,2023,2024,952.0,a,ok,1.1.2,rmr-montreal-2024-en.xlsx,submarket
Montréal,Laval (Zones 19-24),1,average_rent,2023,2024,1019.0,a,ok,1.1.2,rmr-montreal-2024-en.xlsx,submarket
Montréal,Montréal CMA,1,average_rent,2023,2024,960.0,a,ok,1.1.2,rmr-montreal-2024-en.xlsx,cma
Montréal,Zone 5 - Ct-des-Neiges/Mt-Royal/Outremont,1,average_rent,2024,2024,1049.0,a,ok,1.1.2,rmr-montreal-2024-en.xlsx,zone
Montréal,Zone 14 - Dorval/Lachine/Saint-Pierre,1,average_rent,2024,2024,893.0,a,ok,1.1.2,rmr-montreal-2024-en.xlsx,zone
Montréal,Zone 15 - Baie-d'Urfé/Beaconsfield etc.,1,average_rent,2024,2024,1523.0,c,ok,1.1.2,rmr-montreal-2024-en.xlsx,zone
Montréal,Montréal Island (Zones 1-18),1,average_rent,2024,2024,1043.0,a,ok,1.1.2,rmr-montreal-2024-en.xlsx,submarket
Montréal,Laval (Zones 19-24),1,average_rent,2024,2024,1176.0,a,ok,1.1.2,rmr-montreal-2024-en.xlsx,submarket
Montréal,Montréal CMA,1,average_rent,2024,2024,1051.0,a,ok,1.1.2,rmr-montreal-2024-en.xlsx,cma
Montréal,Zone 5 - Ct-des-Neiges/Mt-Royal/Outremont,2,average_rent,2023,2024,1224.0,b,ok,1.1.2,rmr-montreal-2024-en.xlsx,zone
Montréal,Zone 14 - Dorval/Lachine/Saint-Pierre,2,average_rent,2023,2024,1042.0,c,ok,1.1.2,rmr-montreal-2024-en.xlsx,zone
Montréal,Zone 15 - Baie-d'Urfé/Beaconsfield etc.,2,average_rent,2023,2024,1525.0,b,ok,1.1.2,rmr-montreal-2024-en.xlsx,zone
Montréal,Montréal Island (Zones 1-18),2,average_rent,2023,2024,1067.0,a,ok,1.1.2,rmr-montreal-2024-en.xlsx,submarket
Montréal,Laval (Zones 19-24),2,average_rent,2023,2024,1092.0,a,ok,1.1.2,rmr-montreal-2024-en.xlsx,submarket
Montréal,Montréal CMA,2,average_rent,2023,2024,1096.0,a,ok,1.1.2,rmr-montreal-2024-en.xlsx,cma
Montréal,Zone 5 - Ct-des-Neiges/Mt-Royal/Outremont,2,average_rent,2024,2024,1310.0,a,ok,1.1.2,rmr-montreal-2024-en.xlsx,zone
Montréal,Zone 14 - Dorval/Lachine/Saint-Pierre,2,average_rent,2024,2024,1033.0,b,ok,1.1.2,rmr-montreal-2024-en.xlsx,zone
Montréal,Zone 15 - Baie-d'Urfé/Beaconsfield etc.,2,average_rent,2024,2024,1801.0,c,ok,1.1.2,rmr-montreal-2024-en.xlsx,zone
Montréal,Montréal Island (Zones 1-18),2,average_rent,2024,2024,1145.0,a,ok,1.1.2,rmr-montreal-2024-en.xlsx,submarket
Montréal,Laval (Zones 19-24),2,average_rent,2024,2024,1261.0,b,ok,1.1.2,rmr-montreal-2024-en.xlsx,submarket
Montréal,Montréal CMA,2,average_rent,2024,2024,1176.0,a,ok,1.1.2,rmr-montreal-2024-en.xlsx,cma
Montréal,Zone 5 - Ct-des-Neiges/Mt-Royal/Outremont,3+,average_rent,2023,2024,1439.0,b,ok,1.1.2,rmr-montreal-2024-en.xlsx,zone
Montréal,Zone 14 - Dorval/Lachine/Saint-Pierre,3+,average_rent,2023,2024,1032.0,b,ok,1.1.2,rmr-montreal-2024-en.xlsx,zone
Montréal,Zone 15 - Baie-d'Urfé/Beaconsfield etc.,3+,average_rent,2023,2024,1536.0,b,ok,1.1.2,rmr-montreal-2024-en.xlsx,zone
Montréal,Montréal Island (Zones 1-18),3+,average_rent,2023,2024,1343.0,a,ok,1.1.2,rmr-montreal-2024-en.xlsx,submarket
Montréal,Laval (Zones 19-24),3+,average_rent,2023,2024,1256.0,b,ok,1.1.2,rmr-montreal-2024-en.xlsx,submarket
Montréal,Montréal CMA,3+,average_rent,2023,2024,1323.0,a,ok,1.1.2,rmr-montreal-2024-en.xlsx,cma
Montréal,Zone 5 - Ct-des-Neiges/Mt-Royal/Outremont,3+,average_rent,2024,2024,1794.0,d,ok,1.1.2,rmr-montreal-2024-en.xlsx,zone
Montréal,Zone 14 - Dorval/Lachine/Saint-Pierre,3+,average_rent,2024,2024,,,suppressed,1.1.2,rmr-montreal-2024-en.xlsx,zone
Montréal,Zone 15 - Baie-d'Urfé/Beaconsfield etc.,3+,average_rent,2024,2024,1994.0,d,ok,1.1.2,rmr-montreal-2024-en.xlsx,zone
Montréal,Montréal Island (Zones 1-18),3+,average_rent,2024,2024,1563.0,b,ok,1.1.2,rmr-montreal-2024-en.xlsx,submarket
Montréal,Laval (Zones 19-24),3+,average_rent,2024,2024,1374.0,b,ok,1.1.2,rmr-montreal-2024-en.xlsx,submarket
Montréal,Montréal CMA,3+,average_rent,2024,2024,1488.0,a,ok,1.1.2,rmr-montreal-2024-en.xlsx,cma
Montréal,Zone 5 - Ct-des-Neiges/Mt-Royal/Outremont,total,average_rent,2023,2024,1141.0,a,ok,1.1.2,rmr-montreal-2024-en.xlsx,zone
Montréal,Zone 14 - Dorval/Lachine/Saint-Pierre,total,average_rent,2023,2024,973.0,b,ok,1.1.2,rmr-montreal-2024-en.xlsx,zone
Montréal,Zone 15 - Baie-d'Urfé/Beaconsfield etc.,total,average_rent,2023,2024,1384.0,b,ok,1.1.2,rmr-montreal-2024-en.xlsx,zone
Montréal,Montréal Island (Zones 1-18),total,average_rent,2023,2024,1050.0,a,ok,1.1.2,rmr-montreal-2024-en.xlsx,submarket
Montréal,Laval (Zones 19-24),total,average_rent,2023,2024,1087.0,a,ok,1.1.2,rmr-montreal-2024-en.xlsx,submarket
Montréal,Montréal CMA,total,average_rent,2023,2024,1074.0,a,ok,1.1.2,rmr-montreal-2024-en.xlsx,cma
Montréal,Zone 5 - Ct-des-Neiges/Mt-Royal/Outremont,total,average_rent,2024,2024,1178.0,a,ok,1.1.2,rmr-montreal-2024-en.xlsx,zone
Montréal,Zone 14 - Dorval/Lachine/Saint-Pierre,total,average_rent,2024,2024,979.0,b,ok,1.1.2,rmr-montreal-2024-en.xlsx,zone
Montréal,Zone 15 - Baie-d'Urfé/Beaconsfield etc.,total,average_rent,2024,2024,1691.0,b,ok,1.1.2,rmr-montreal-2024-en.xlsx,zone
Montréal,Montréal Island (Zones 1-18),total,average_rent,2024,2024,1147.0,a,ok,1.1.2,rmr-montreal-2024-en.xlsx,submarket
Montréal,Laval (Zones 19-24),total,average_rent,2024,2024,1244.0,a,ok,1.1.2,rmr-montreal-2024-en.xlsx,submarket
Montréal,Montréal CMA,total,average_rent,2024,2024,1167.0,a,ok,1.1.2,rmr-montreal-2024-en.xlsx,cma
Montréal,Zone 5 - Ct-des-Neiges/Mt-Royal/Outremont,studio,fixed_sample_rent_change_pct,2023,2024,7.7,c,ok,1.1.5,rmr-montreal-2024-en.xlsx,zone
Montréal,Zone 14 - Dorval/Lachine/Saint-Pierre,studio,fixed_sample_rent_change_pct,2023,2024,,,suppressed,1.1.5,rmr-montreal-2024-en.xlsx,zone
Montréal,Zone 15 - Baie-d'Urfé/Beaconsfield etc.,studio,fixed_sample_rent_change_pct,2023,2024,,,suppressed,1.1.5,rmr-montreal-2024-en.xlsx,zone
Montréal,Montréal Island (Zones 1-18),studio,fixed_sample_rent_change_pct,2023,2024,7.8,b,ok,1.1.5,rmr-montreal-2024-en.xlsx,submarket
Montréal,Laval (Zones 19-24),studio,fixed_sample_rent_change_pct,2023,2024,3.7,c,ok,1.1.5,rmr-montreal-2024-en.xlsx,submarket
Montréal,Montréal CMA,studio,fixed_sample_rent_change_pct,2023,2024,7.5,a,ok,1.1.5,rmr-montreal-2024-en.xlsx,cma
Montréal,Zone 5 - Ct-des-Neiges/Mt-Royal/Outremont,studio,fixed_sample_rent_change_pct,2024,2024,,,suppressed,1.1.5,rmr-montreal-2024-en.xlsx,zone
Montréal,Zone 14 - Dorval/Lachine/Saint-Pierre,studio,fixed_sample_rent_change_pct,2024,2024,,,suppressed,1.1.5,rmr-montreal-2024-en.xlsx,zone
Montréal,Zone 15 - Baie-d'Urfé/Beaconsfield etc.,studio,fixed_sample_rent_change_pct,2024,2024,,,suppressed,1.1.5,rmr-montreal-2024-en.xlsx,zone
Montréal,Montréal Island (Zones 1-18),studio,fixed_sample_rent_change_pct,2024,2024,6.2,b,ok,1.1.5,rmr-montreal-2024-en.xlsx,submarket
Montréal,Laval (Zones 19-24),studio,fixed_sample_rent_change_pct,2024,2024,8.3,b,ok,1.1.5,rmr-montreal-2024-en.xlsx,submarket
Montréal,Montréal CMA,studio,fixed_sample_rent_change_pct,2024,2024,6.2,b,ok,1.1.5,rmr-montreal-2024-en.xlsx,cma
Montréal,Zone 5 - Ct-des-Neiges/Mt-Royal/Outremont,1,fixed_sample_rent_change_pct,2023,2024,5.5,c,ok,1.1.5,rmr-montreal-2024-en.xlsx,zone
Montréal,Zone 14 - Dorval/Lachine/Saint-Pierre,1,fixed_sample_rent_change_pct,2023,2024,,,suppressed,1.1.5,rmr-montreal-2024-en.xlsx,zone
Montréal,Zone 15 - Baie-d'Urfé/Beaconsfield etc.,1,fixed_sample_rent_change_pct,2023,2024,5.7,d,ok,1.1.5,rmr-montreal-2024-en.xlsx,zone
Montréal,Montréal Island (Zones 1-18),1,fixed_sample_rent_change_pct,2023,2024,7.4,b,ok,1.1.5,rmr-montreal-2024-en.xlsx,submarket
Montréal,Laval (Zones 19-24),1,fixed_sample_rent_change_pct,2023,2024,,,suppressed,1.1.5,rmr-montreal-2024-en.xlsx,submarket
Montréal,Montréal CMA,1,fixed_sample_rent_change_pct,2023,2024,7.9,b,ok,1.1.5,rmr-montreal-2024-en.xlsx,cma
Montréal,Zone 5 - Ct-des-Neiges/Mt-Royal/Outremont,1,fixed_sample_rent_change_pct,2024,2024,,,suppressed,1.1.5,rmr-montreal-2024-en.xlsx,zone
Montréal,Zone 14 - Dorval/Lachine/Saint-Pierre,1,fixed_sample_rent_change_pct,2024,2024,,,suppressed,1.1.5,rmr-montreal-2024-en.xlsx,zone
Montréal,Zone 15 - Baie-d'Urfé/Beaconsfield etc.,1,fixed_sample_rent_change_pct,2024,2024,7.5,b,ok,1.1.5,rmr-montreal-2024-en.xlsx,zone
Montréal,Montréal Island (Zones 1-18),1,fixed_sample_rent_change_pct,2024,2024,6.7,b,ok,1.1.5,rmr-montreal-2024-en.xlsx,submarket
Montréal,Laval (Zones 19-24),1,fixed_sample_rent_change_pct,2024,2024,5.9,c,ok,1.1.5,rmr-montreal-2024-en.xlsx,submarket
Montréal,Montréal CMA,1,fixed_sample_rent_change_pct,2024,2024,6.5,a,ok,1.1.5,rmr-montreal-2024-en.xlsx,cma
Montréal,Zone 5 - Ct-des-Neiges/Mt-Royal/Outremont,2,fixed_sample_rent_change_pct,2023,2024,4.0,d,ok,1.1.5,rmr-montreal-2024-en.xlsx,zone
Montréal,Zone 14 - Dorval/Lachine/Saint-Pierre,2,fixed_sample_rent_change_pct,2023,2024,,,suppressed,1.1.5,rmr-montreal-2024-en.xlsx,zone
Montréal,Zone 15 - Baie-d'Urfé/Beaconsfield etc.,2,fixed_sample_rent_change_pct,2023,2024,8.2,c,ok,1.1.5,rmr-montreal-2024-en.xlsx,zone
Montréal,Montréal Island (Zones 1-18),2,fixed_sample_rent_change_pct,2023,2024,8.1,b,ok,1.1.5,rmr-montreal-2024-en.xlsx,submarket
Montréal,Laval (Zones 19-24),2,fixed_sample_rent_change_pct,2023,2024,,,suppressed,1.1.5,rmr-montreal-2024-en.xlsx,submarket
Montréal,Montréal CMA,2,fixed_sample_rent_change_pct,2023,2024,7.9,b,ok,1.1.5,rmr-montreal-2024-en.xlsx,cma
Montréal,Zone 5 - Ct-des-Neiges/Mt-Royal/Outremont,2,fixed_sample_rent_change_pct,2024,2024,,,suppressed,1.1.5,rmr-montreal-2024-en.xlsx,zone
Montréal,Zone 14 - Dorval/Lachine/Saint-Pierre,2,fixed_sample_rent_change_pct,2024,2024,,,suppressed,1.1.5,rmr-montreal-2024-en.xlsx,zone
Montréal,Zone 15 - Baie-d'Urfé/Beaconsfield etc.,2,fixed_sample_rent_change_pct,2024,2024,5.4,d,ok,1.1.5,rmr-montreal-2024-en.xlsx,zone
Montréal,Montréal Island (Zones 1-18),2,fixed_sample_rent_change_pct,2024,2024,6.3,b,ok,1.1.5,rmr-montreal-2024-en.xlsx,submarket
Montréal,Laval (Zones 19-24),2,fixed_sample_rent_change_pct,2024,2024,6.1,b,ok,1.1.5,rmr-montreal-2024-en.xlsx,submarket
Montréal,Montréal CMA,2,fixed_sample_rent_change_pct,2024,2024,6.3,b,ok,1.1.5,rmr-montreal-2024-en.xlsx,cma
Montréal,Zone 5 - Ct-des-Neiges/Mt-Royal/Outremont,3+,fixed_sample_rent_change_pct,2023,2024,,,suppressed,1.1.5,rmr-montreal-2024-en.xlsx,zone
Montréal,Zone 14 - Dorval/Lachine/Saint-Pierre,3+,fixed_sample_rent_change_pct,2023,2024,,,not_significant,1.1.5,rmr-montreal-2024-en.xlsx,zone
Montréal,Zone 15 - Baie-d'Urfé/Beaconsfield etc.,3+,fixed_sample_rent_change_pct,2023,2024,,,suppressed,1.1.5,rmr-montreal-2024-en.xlsx,zone
Montréal,Montréal Island (Zones 1-18),3+,fixed_sample_rent_change_pct,2023,2024,6.2,c,ok,1.1.5,rmr-montreal-2024-en.xlsx,submarket
Montréal,Laval (Zones 19-24),3+,fixed_sample_rent_change_pct,2023,2024,,,suppressed,1.1.5,rmr-montreal-2024-en.xlsx,submarket
Montréal,Montréal CMA,3+,fixed_sample_rent_change_pct,2023,2024,6.9,c,ok,1.1.5,rmr-montreal-2024-en.xlsx,cma
Montréal,Zone 5 - Ct-des-Neiges/Mt-Royal/Outremont,3+,fixed_sample_rent_change_pct,2024,2024,4.2,d,ok,1.1.5,rmr-montreal-2024-en.xlsx,zone
Montréal,Zone 14 - Dorval/Lachine/Saint-Pierre,3+,fixed_sample_rent_change_pct,2024,2024,,,not_significant,1.1.5,rmr-montreal-2024-en.xlsx,zone
Montréal,Zone 15 - Baie-d'Urfé/Beaconsfield etc.,3+,fixed_sample_rent_change_pct,2024,2024,,,not_significant,1.1.5,rmr-montreal-2024-en.xlsx,zone
Montréal,Montréal Island (Zones 1-18),3+,fixed_sample_rent_change_pct,2024,2024,5.2,c,ok,1.1.5,rmr-montreal-2024-en.xlsx,submarket
Montréal,Laval (Zones 19-24),3+,fixed_sample_rent_change_pct,2024,2024,5.0,c,ok,1.1.5,rmr-montreal-2024-en.xlsx,submarket
Montréal,Montréal CMA,3+,fixed_sample_rent_change_pct,2024,2024,5.2,b,ok,1.1.5,rmr-montreal-2024-en.xlsx,cma
Montréal,Zone 5 - Ct-des-Neiges/Mt-Royal/Outremont,total,fixed_sample_rent_change_pct,2023,2024,4.7,c,ok,1.1.5,rmr-montreal-2024-en.xlsx,zone
Montréal,Zone 14 - Dorval/Lachine/Saint-Pierre,total,fixed_sample_rent_change_pct,2023,2024,,,suppressed,1.1.5,rmr-montreal-2024-en.xlsx,zone
Montréal,Zone 15 - Baie-d'Urfé/Beaconsfield etc.,total,fixed_sample_rent_change_pct,2023,2024,6.8,c,ok,1.1.5,rmr-montreal-2024-en.xlsx,zone
Montréal,Montréal Island (Zones 1-18),total,fixed_sample_rent_change_pct,2023,2024,7.6,b,ok,1.1.5,rmr-montreal-2024-en.xlsx,submarket
Montréal,Laval (Zones 19-24),total,fixed_sample_rent_change_pct,2023,2024,,,suppressed,1.1.5,rmr-montreal-2024-en.xlsx,submarket
Montréal,Montréal CMA,total,fixed_sample_rent_change_pct,2023,2024,7.7,a,ok,1.1.5,rmr-montreal-2024-en.xlsx,cma
Montréal,Zone 5 - Ct-des-Neiges/Mt-Royal/Outremont,total,fixed_sample_rent_change_pct,2024,2024,6.3,c,ok,1.1.5,rmr-montreal-2024-en.xlsx,zone
Montréal,Zone 14 - Dorval/Lachine/Saint-Pierre,total,fixed_sample_rent_change_pct,2024,2024,,,suppressed,1.1.5,rmr-montreal-2024-en.xlsx,zone
Montréal,Zone 15 - Baie-d'Urfé/Beaconsfield etc.,total,fixed_sample_rent_change_pct,2024,2024,6.0,c,ok,1.1.5,rmr-montreal-2024-en.xlsx,zone
Montréal,Montréal Island (Zones 1-18),total,fixed_sample_rent_change_pct,2024,2024,6.6,b,ok,1.1.5,rmr-montreal-2024-en.xlsx,submarket
Montréal,Laval (Zones 19-24),total,fixed_sample_rent_change_pct,2024,2024,6.3,b,ok,1.1.5,rmr-montreal-2024-en.xlsx,submarket
Montréal,Montréal CMA,total,fixed_sample_rent_change_pct,2024,2024,6.4,a,ok,1.1.5,rmr-montreal-2024-en.xlsx,cma
Montréal,Zone 5 - Ct-des-Neiges/Mt-Royal/Outremont,studio,turnover_rate_pct,2023,2024,,,suppressed,1.1.6,rmr-montreal-2024-en.xlsx,zone
Montréal,Zone 14 - Dorval/Lachine/Saint-Pierre,studio,turnover_rate_pct,2023,2024,,,suppressed,1.1.6,rmr-montreal-2024-en.xlsx,zone
Montréal,Zone 15 - Baie-d'Urfé/Beaconsfield etc.,studio,turnover_rate_pct,2023,2024,,,suppressed,1.1.6,rmr-montreal-2024-en.xlsx,zone
Montréal,Montréal Island (Zones 1-18),studio,turnover_rate_pct,2023,2024,18.1,a,ok,1.1.6,rmr-montreal-2024-en.xlsx,submarket
Montréal,Laval (Zones 19-24),studio,turnover_rate_pct,2023,2024,9.8,c,ok,1.1.6,rmr-montreal-2024-en.xlsx,submarket
Montréal,Montréal CMA,studio,turnover_rate_pct,2023,2024,17.5,a,ok,1.1.6,rmr-montreal-2024-en.xlsx,cma
Montréal,Zone 5 - Ct-des-Neiges/Mt-Royal/Outremont,studio,turnover_rate_pct,2024,2024,,,suppressed,1.1.6,rmr-montreal-2024-en.xlsx,zone
Montréal,Zone 14 - Dorval/Lachine/Saint-Pierre,studio,turnover_rate_pct,2024,2024,,,suppressed,1.1.6,rmr-montreal-2024-en.xlsx,zone
Montréal,Zone 15 - Baie-d'Urfé/Beaconsfield etc.,studio,turnover_rate_pct,2024,2024,,,suppressed,1.1.6,rmr-montreal-2024-en.xlsx,zone
Montréal,Montréal Island (Zones 1-18),studio,turnover_rate_pct,2024,2024,15.4,d,ok,1.1.6,rmr-montreal-2024-en.xlsx,submarket
Montréal,Laval (Zones 19-24),studio,turnover_rate_pct,2024,2024,12.7,d,ok,1.1.6,rmr-montreal-2024-en.xlsx,submarket
Montréal,Montréal CMA,studio,turnover_rate_pct,2024,2024,15.2,d,ok,1.1.6,rmr-montreal-2024-en.xlsx,cma
Montréal,Zone 5 - Ct-des-Neiges/Mt-Royal/Outremont,1,turnover_rate_pct,2023,2024,,,suppressed,1.1.6,rmr-montreal-2024-en.xlsx,zone
Montréal,Zone 14 - Dorval/Lachine/Saint-Pierre,1,turnover_rate_pct,2023,2024,,,suppressed,1.1.6,rmr-montreal-2024-en.xlsx,zone
Montréal,Zone 15 - Baie-d'Urfé/Beaconsfield etc.,1,turnover_rate_pct,2023,2024,14.7,a,ok,1.1.6,rmr-montreal-2024-en.xlsx,zone
Montréal,Montréal Island (Zones 1-18),1,turnover_rate_pct,2023,2024,11.3,c,ok,1.1.6,rmr-montreal-2024-en.xlsx,submarket
Montréal,Laval (Zones 19-24),1,turnover_rate_pct,2023,2024,12.9,c,ok,1.1.6,rmr-montreal-2024-en.xlsx,submarket
Montréal,Montréal CMA,1,turnover_rate_pct,2023,2024,11.2,c,ok,1.1.6,rmr-montreal-2024-en.xlsx,cma
Montréal,Zone 5 - Ct-des-Neiges/Mt-Royal/Outremont,1,turnover_rate_pct,2024,2024,9.8,b,ok,1.1.6,rmr-montreal-2024-en.xlsx,zone
Montréal,Zone 14 - Dorval/Lachine/Saint-Pierre,1,turnover_rate_pct,2024,2024,8.6,c,ok,1.1.6,rmr-montreal-2024-en.xlsx,zone
Montréal,Zone 15 - Baie-d'Urfé/Beaconsfield etc.,1,turnover_rate_pct,2024,2024,,,suppressed,1.1.6,rmr-montreal-2024-en.xlsx,zone
Montréal,Montréal Island (Zones 1-18),1,turnover_rate_pct,2024,2024,11.7,c,ok,1.1.6,rmr-montreal-2024-en.xlsx,submarket
Montréal,Laval (Zones 19-24),1,turnover_rate_pct,2024,2024,14.3,c,ok,1.1.6,rmr-montreal-2024-en.xlsx,submarket
Montréal,Montréal CMA,1,turnover_rate_pct,2024,2024,11.9,c,ok,1.1.6,rmr-montreal-2024-en.xlsx,cma
Montréal,Zone 5 - Ct-des-Neiges/Mt-Royal/Outremont,2,turnover_rate_pct,2023,2024,,,suppressed,1.1.6,rmr-montreal-2024-en.xlsx,zone
Montréal,Zone 14 - Dorval/Lachine/Saint-Pierre,2,turnover_rate_pct,2023,2024,,,suppressed,1.1.6,rmr-montreal-2024-en.xlsx,zone
Montréal,Zone 15 - Baie-d'Urfé/Beaconsfield etc.,2,turnover_rate_pct,2023,2024,12.6,c,ok,1.1.6,rmr-montreal-2024-en.xlsx,zone
Montréal,Montréal Island (Zones 1-18),2,turnover_rate_pct,2023,2024,8.7,c,ok,1.1.6,rmr-montreal-2024-en.xlsx,submarket
Montréal,Laval (Zones 19-24),2,turnover_rate_pct,2023,2024,8.6,b,ok,1.1.6,rmr-montreal-2024-en.xlsx,submarket
Montréal,Montréal CMA,2,turnover_rate_pct,2023,2024,8.5,b,ok,1.1.6,rmr-montreal-2024-en.xlsx,cma
Montréal,Zone 5 - Ct-des-Neiges/Mt-Royal/Outremont,2,turnover_rate_pct,2024,2024,8.9,c,ok,1.1.6,rmr-montreal-2024-en.xlsx,zone
Montréal,Zone 14 - Dorval/Lachine/Saint-Pierre,2,turnover_rate_pct,2024,2024,,,suppressed,1.1.6,rmr-montreal-2024-en.xlsx,zone
Montréal,Zone 15 - Baie-d'Urfé/Beaconsfield etc.,2,turnover_rate_pct,2024,2024,,,suppressed,1.1.6,rmr-montreal-2024-en.xlsx,zone
Montréal,Montréal Island (Zones 1-18),2,turnover_rate_pct,2024,2024,10.7,c,ok,1.1.6,rmr-montreal-2024-en.xlsx,submarket
Montréal,Laval (Zones 19-24),2,turnover_rate_pct,2024,2024,9.8,b,ok,1.1.6,rmr-montreal-2024-en.xlsx,submarket
Montréal,Montréal CMA,2,turnover_rate_pct,2024,2024,10.4,c,ok,1.1.6,rmr-montreal-2024-en.xlsx,cma
Montréal,Zone 5 - Ct-des-Neiges/Mt-Royal/Outremont,3+,turnover_rate_pct,2023,2024,2.9,c,ok,1.1.6,rmr-montreal-2024-en.xlsx,zone
Montréal,Zone 14 - Dorval/Lachine/Saint-Pierre,3+,turnover_rate_pct,2023,2024,,,suppressed,1.1.6,rmr-montreal-2024-en.xlsx,zone
Montréal,Zone 15 - Baie-d'Urfé/Beaconsfield etc.,3+,turnover_rate_pct,2023,2024,12.1,d,ok,1.1.6,rmr-montreal-2024-en.xlsx,zone
Montréal,Montréal Island (Zones 1-18),3+,turnover_rate_pct,2023,2024,,,suppressed,1.1.6,rmr-montreal-2024-en.xlsx,submarket
Montréal,Laval (Zones 19-24),3+,turnover_rate_pct,2023,2024,4.8,d,ok,1.1.6,rmr-montreal-2024-en.xlsx,submarket
Montréal,Montréal CMA,3+,turnover_rate_pct,2023,2024,6.7,c,ok,1.1.6,rmr-montreal-2024-en.xlsx,cma
Montréal,Zone 5 - Ct-des-Neiges/Mt-Royal/Outremont,3+,turnover_rate_pct,2024,2024,,,suppressed,1.1.6,rmr-montreal-2024-en.xlsx,zone
Montréal,Zone 14 - Dorval/Lachine/Saint-Pierre,3+,turnover_rate_pct,2024,2024,,,suppressed,1.1.6,rmr-montreal-2024-en.xlsx,zone
Montréal,Zone 15 - Baie-d'Urfé/Beaconsfield etc.,3+,turnover_rate_pct,2024,2024,,,suppressed,1.1.6,rmr-montreal-2024-en.xlsx,zone
Montréal,Montréal Island (Zones 1-18),3+,turnover_rate_pct,2024,2024,,,suppressed,1.1.6,rmr-montreal-2024-en.xlsx,submarket
Montréal,Laval (Zones 19-24),3+,turnover_rate_pct,2024,2024,9.4,c,ok,1.1.6,rmr-montreal-2024-en.xlsx,submarket
Montréal,Montréal CMA,3+,turnover_rate_pct,2024,2024,9.6,c,ok,1.1.6,rmr-montreal-2024-en.xlsx,cma
Montréal,Zone 5 - Ct-des-Neiges/Mt-Royal/Outremont,total,turnover_rate_pct,2023,2024,11.5,d,ok,1.1.6,rmr-montreal-2024-en.xlsx,zone
Montréal,Zone 14 - Dorval/Lachine/Saint-Pierre,total,turnover_rate_pct,2023,2024,8.4,c,ok,1.1.6,rmr-montreal-2024-en.xlsx,zone
Montréal,Zone 15 - Baie-d'Urfé/Beaconsfield etc.,total,turnover_rate_pct,2023,2024,13.6,a,ok,1.1.6,rmr-montreal-2024-en.xlsx,zone
Montréal,Montréal Island (Zones 1-18),total,turnover_rate_pct,2023,2024,10.0,b,ok,1.1.6,rmr-montreal-2024-en.xlsx,submarket
Montréal,Laval (Zones 19-24),total,turnover_rate_pct,2023,2024,9.1,b,ok,1.1.6,rmr-montreal-2024-en.xlsx,submarket
Montréal,Montréal CMA,total,turnover_rate_pct,2023,2024,9.6,a,ok,1.1.6,rmr-montreal-2024-en.xlsx,cma
Montréal,Zone 5 - Ct-des-Neiges/Mt-Royal/Outremont,total,turnover_rate_pct,2024,2024,9.8,b,ok,1.1.6,rmr-montreal-2024-en.xlsx,zone
Montréal,Zone 14 - Dorval/Lachine/Saint-Pierre,total,turnover_rate_pct,2024,2024,10.4,d,ok,1.1.6,rmr-montreal-2024-en.xlsx,zone
Montréal,Zone 15 - Baie-d'Urfé/Beaconsfield etc.,total,turnover_rate_pct,2024,2024,,,suppressed,1.1.6,rmr-montreal-2024-en.xlsx,zone
Montréal,Montréal Island (Zones 1-18),total,turnover_rate_pct,2024,2024,11.5,a,ok,1.1.6,rmr-montreal-2024-en.xlsx,submarket
Montréal,Laval (Zones 19-24),total,turnover_rate_pct,2024,2024,10.9,c,ok,1.1.6,rmr-montreal-2024-en.xlsx,submarket
Montréal,Montréal CMA,total,turnover_rate_pct,2024,2024,11.1,a,ok,1.1.6,rmr-montreal-2024-en.xlsx,cma
Montréal,Zone 5 - Ct-des-Neiges/Mt-Royal/Outremont,studio,vacant_unit_rent,2024,2024,1083.0,c,ok,1.1.9,rmr-montreal-2024-en.xlsx,zone
Montréal,Zone 14 - Dorval/Lachine/Saint-Pierre,studio,vacant_unit_rent,2024,2024,,,suppressed,1.1.9,rmr-montreal-2024-en.xlsx,zone
Montréal,Zone 15 - Baie-d'Urfé/Beaconsfield etc.,studio,vacant_unit_rent,2024,2024,,,suppressed,1.1.9,rmr-montreal-2024-en.xlsx,zone
Montréal,Montréal Island (Zones 1-18),studio,vacant_unit_rent,2024,2024,1102.0,b,ok,1.1.9,rmr-montreal-2024-en.xlsx,submarket
Montréal,Laval (Zones 19-24),studio,vacant_unit_rent,2024,2024,,,suppressed,1.1.9,rmr-montreal-2024-en.xlsx,submarket
Montréal,Montréal CMA,studio,vacant_unit_rent,2024,2024,1086.0,b,ok,1.1.9,rmr-montreal-2024-en.xlsx,cma
Montréal,Zone 5 - Ct-des-Neiges/Mt-Royal/Outremont,studio,occupied_unit_rent,2024,2024,865.0,b,ok,1.1.9,rmr-montreal-2024-en.xlsx,zone
Montréal,Zone 14 - Dorval/Lachine/Saint-Pierre,studio,occupied_unit_rent,2024,2024,729.0,b,ok,1.1.9,rmr-montreal-2024-en.xlsx,zone
Montréal,Zone 15 - Baie-d'Urfé/Beaconsfield etc.,studio,occupied_unit_rent,2024,2024,907.0,c,ok,1.1.9,rmr-montreal-2024-en.xlsx,zone
Montréal,Montréal Island (Zones 1-18),studio,occupied_unit_rent,2024,2024,897.0,a,ok,1.1.9,rmr-montreal-2024-en.xlsx,submarket
Montréal,Laval (Zones 19-24),studio,occupied_unit_rent,2024,2024,836.0,b,ok,1.1.9,rmr-montreal-2024-en.xlsx,submarket
Montréal,Montréal CMA,studio,occupied_unit_rent,2024,2024,888.0,a,ok,1.1.9,rmr-montreal-2024-en.xlsx,cma
Montréal,Zone 5 - Ct-des-Neiges/Mt-Royal/Outremont,1,vacant_unit_rent,2024,2024,1273.0,b,ok,1.1.9,rmr-montreal-2024-en.xlsx,zone
Montréal,Zone 14 - Dorval/Lachine/Saint-Pierre,1,vacant_unit_rent,2024,2024,1328.0,b,ok,1.1.9,rmr-montreal-2024-en.xlsx,zone
Montréal,Zone 15 - Baie-d'Urfé/Beaconsfield etc.,1,vacant_unit_rent,2024,2024,1765.0,d,ok,1.1.9,rmr-montreal-2024-en.xlsx,zone
Montréal,Montréal Island (Zones 1-18),1,vacant_unit_rent,2024,2024,1455.0,b,ok,1.1.9,rmr-montreal-2024-en.xlsx,submarket
Montréal,Laval (Zones 19-24),1,vacant_unit_rent,2024,2024,1555.0,b,ok,1.1.9,rmr-montreal-2024-en.xlsx,submarket
Montréal,Montréal CMA,1,vacant_unit_rent,2024,2024,1453.0,b,ok,1.1.9,rmr-montreal-2024-en.xlsx,cma
Montréal,Zone 5 - Ct-des-Neiges/Mt-Royal/Outremont,1,occupied_unit_rent,2024,2024,1045.0,a,ok,1.1.9,rmr-montreal-2024-en.xlsx,zone
Montréal,Zone 14 - Dorval/Lachine/Saint-Pierre,1,occupied_unit_rent,2024,2024,888.0,a,ok,1.1.9,rmr-montreal-2024-en.xlsx,zone
Montréal,Zone 15 - Baie-d'Urfé/Beaconsfield etc.,1,occupied_unit_rent,2024,2024,1518.0,c,ok,1.1.9,rmr-montreal-2024-en.xlsx,zone
Montréal,Montréal Island (Zones 1-18),1,occupied_unit_rent,2024,2024,1037.0,a,ok,1.1.9,rmr-montreal-2024-en.xlsx,submarket
Montréal,Laval (Zones 19-24),1,occupied_unit_rent,2024,2024,1168.0,a,ok,1.1.9,rmr-montreal-2024-en.xlsx,submarket
Montréal,Montréal CMA,1,occupied_unit_rent,2024,2024,1044.0,a,ok,1.1.9,rmr-montreal-2024-en.xlsx,cma
Montréal,Zone 5 - Ct-des-Neiges/Mt-Royal/Outremont,2,vacant_unit_rent,2024,2024,1709.0,c,ok,1.1.9,rmr-montreal-2024-en.xlsx,zone
Montréal,Zone 14 - Dorval/Lachine/Saint-Pierre,2,vacant_unit_rent,2024,2024,,,suppressed,1.1.9,rmr-montreal-2024-en.xlsx,zone
Montréal,Zone 15 - Baie-d'Urfé/Beaconsfield etc.,2,vacant_unit_rent,2024,2024,,,suppressed,1.1.9,rmr-montreal-2024-en.xlsx,zone
Montréal,Montréal Island (Zones 1-18),2,vacant_unit_rent,2024,2024,1693.0,c,ok,1.1.9,rmr-montreal-2024-en.xlsx,submarket
Montréal,Laval (Zones 19-24),2,vacant_unit_rent,2024,2024,2040.0,c,ok,1.1.9,rmr-montreal-2024-en.xlsx,submarket
Montréal,Montréal CMA,2,vacant_unit_rent,2024,2024,1790.0,b,ok,1.1.9,rmr-montreal-2024-en.xlsx,cma
Montréal,Zone 5 - Ct-des-Neiges/Mt-Royal/Outremont,2,occupied_unit_rent,2024,2024,1304.0,a,ok,1.1.9,rmr-montreal-2024-en.xlsx,zone
Montréal,Zone 14 - Dorval/Lachine/Saint-Pierre,2,occupied_unit_rent,2024,2024,1038.0,b,ok,1.1.9,rmr-montreal-2024-en.xlsx,zone
Montréal,Zone 15 - Baie-d'Urfé/Beaconsfield etc.,2,occupied_unit_rent,2024,2024,1767.0,b,ok,1.1.9,rmr-montreal-2024-en.xlsx,zone
Montréal,Montréal Island (Zones 1-18),2,occupied_unit_rent,2024,2024,1138.0,a,ok,1.1.9,rmr-montreal-2024-en.xlsx,submarket
Montréal,Laval (Zones 19-24),2,occupied_unit_rent,2024,2024,1240.0,a,ok,1.1.9,rmr-montreal-2024-en.xlsx,submarket
Montréal,Montréal CMA,2,occupied_unit_rent,2024,2024,1166.0,a,ok,1.1.9,rmr-montreal-2024-en.xlsx,cma
Montréal,Zone 5 - Ct-des-Neiges/Mt-Royal/Outremont,3+,vacant_unit_rent,2024,2024,2453.0,d,ok,1.1.9,rmr-montreal-2024-en.xlsx,zone
Montréal,Zone 14 - Dorval/Lachine/Saint-Pierre,3+,vacant_unit_rent,2024,2024,,,suppressed,1.1.9,rmr-montreal-2024-en.xlsx,zone
Montréal,Zone 15 - Baie-d'Urfé/Beaconsfield etc.,3+,vacant_unit_rent,2024,2024,,,suppressed,1.1.9,rmr-montreal-2024-en.xlsx,zone
Montréal,Montréal Island (Zones 1-18),3+,vacant_unit_rent,2024,2024,2082.0,d,ok,1.1.9,rmr-montreal-2024-en.xlsx,submarket
Montréal,Laval (Zones 19-24),3+,vacant_unit_rent,2024,2024,2519.0,c,ok,1.1.9,rmr-montreal-2024-en.xlsx,submarket
Montréal,Montréal CMA,3+,vacant_unit_rent,2024,2024,1932.0,d,ok,1.1.9,rmr-montreal-2024-en.xlsx,cma
Montréal,Zone 5 - Ct-des-Neiges/Mt-Royal/Outremont,3+,occupied_unit_rent,2024,2024,1789.0,d,ok,1.1.9,rmr-montreal-2024-en.xlsx,zone
Montréal,Zone 14 - Dorval/Lachine/Saint-Pierre,3+,occupied_unit_rent,2024,2024,,,suppressed,1.1.9,rmr-montreal-2024-en.xlsx,zone
Montréal,Zone 15 - Baie-d'Urfé/Beaconsfield etc.,3+,occupied_unit_rent,2024,2024,1991.0,d,ok,1.1.9,rmr-montreal-2024-en.xlsx,zone
Montréal,Montréal Island (Zones 1-18),3+,occupied_unit_rent,2024,2024,1550.0,b,ok,1.1.9,rmr-montreal-2024-en.xlsx,submarket
Montréal,Laval (Zones 19-24),3+,occupied_unit_rent,2024,2024,1356.0,b,ok,1.1.9,rmr-montreal-2024-en.xlsx,submarket
Montréal,Montréal CMA,3+,occupied_unit_rent,2024,2024,1478.0,a,ok,1.1.9,rmr-montreal-2024-en.xlsx,cma
Montréal,Zone 5 - Ct-des-Neiges/Mt-Royal/Outremont,total,vacant_unit_rent,2024,2024,1428.0,b,ok,1.1.9,rmr-montreal-2024-en.xlsx,zone
Montréal,Zone 14 - Dorval/Lachine/Saint-Pierre,total,vacant_unit_rent,2024,2024,,,suppressed,1.1.9,rmr-montreal-2024-en.xlsx,zone
Montréal,Zone 15 - Baie-d'Urfé/Beaconsfield etc.,total,vacant_unit_rent,2024,2024,,,suppressed,1.1.9,rmr-montreal-2024-en.xlsx,zone
Montréal,Montréal Island (Zones 1-18),total,vacant_unit_rent,2024,2024,1629.0,c,ok,1.1.9,rmr-montreal-2024-en.xlsx,submarket
Montréal,Laval (Zones 19-24),total,vacant_unit_rent,2024,2024,1976.0,c,ok,1.1.9,rmr-montreal-2024-en.xlsx,submarket
Montréal,Montréal CMA,total,vacant_unit_rent,2024,2024,1662.0,b,ok,1.1.9,rmr-montreal-2024-en.xlsx,cma
Montréal,Zone 5 - Ct-des-Neiges/Mt-Royal/Outremont,total,occupied_unit_rent,2024,2024,1173.0,a,ok,1.1.9,rmr-montreal-2024-en.xlsx,zone
Montréal,Zone 14 - Dorval/Lachine/Saint-Pierre,total,occupied_unit_rent,2024,2024,976.0,b,ok,1.1.9,rmr-montreal-2024-en.xlsx,zone
Montréal,Zone 15 - Baie-d'Urfé/Beaconsfield etc.,total,occupied_unit_rent,2024,2024,1670.0,b,ok,1.1.9,rmr-montreal-2024-en.xlsx,zone
Montréal,Montréal Island (Zones 1-18),total,occupied_unit_rent,2024,2024,1140.0,a,ok,1.1.9,rmr-montreal-2024-en.xlsx,submarket
Montréal,Laval (Zones 19-24),total,occupied_unit_rent,2024,2024,1227.0,a,ok,1.1.9,rmr-montreal-2024-en.xlsx,submarket
Montréal,Montréal CMA,total,occupied_unit_rent,2024,2024,1158.0,a,ok,1.1.9,rmr-montreal-2024-en.xlsx,cma
Montréal,Zone 5 - Ct-des-Neiges/Mt-Royal/Outremont,studio,vacancy_rate_pct,2024,2025,2.9,c,ok,1.1.1,rmr-montreal-2025-en.xlsx,zone
Montréal,Zone 14 - Dorval/Lachine/Saint-Pierre,studio,vacancy_rate_pct,2024,2025,,,suppressed,1.1.1,rmr-montreal-2025-en.xlsx,zone
Montréal,Zone 15 - Baie-d'Urfé/Beaconsfield etc.,studio,vacancy_rate_pct,2024,2025,0.0,d,ok,1.1.1,rmr-montreal-2025-en.xlsx,zone
Montréal,Montréal Island (Zones 1-18),studio,vacancy_rate_pct,2024,2025,2.4,a,ok,1.1.1,rmr-montreal-2025-en.xlsx,submarket
Montréal,Laval (Zones 19-24),studio,vacancy_rate_pct,2024,2025,0.3,b,ok,1.1.1,rmr-montreal-2025-en.xlsx,submarket
Montréal,Montréal CMA,studio,vacancy_rate_pct,2024,2025,2.3,a,ok,1.1.1,rmr-montreal-2025-en.xlsx,cma
Montréal,Zone 5 - Ct-des-Neiges/Mt-Royal/Outremont,studio,vacancy_rate_pct,2025,2025,4.1,d,ok,1.1.1,rmr-montreal-2025-en.xlsx,zone
Montréal,Zone 14 - Dorval/Lachine/Saint-Pierre,studio,vacancy_rate_pct,2025,2025,,,suppressed,1.1.1,rmr-montreal-2025-en.xlsx,zone
Montréal,Zone 15 - Baie-d'Urfé/Beaconsfield etc.,studio,vacancy_rate_pct,2025,2025,0.0,d,ok,1.1.1,rmr-montreal-2025-en.xlsx,zone
Montréal,Montréal Island (Zones 1-18),studio,vacancy_rate_pct,2025,2025,3.6,b,ok,1.1.1,rmr-montreal-2025-en.xlsx,submarket
Montréal,Laval (Zones 19-24),studio,vacancy_rate_pct,2025,2025,1.1,a,ok,1.1.1,rmr-montreal-2025-en.xlsx,submarket
Montréal,Montréal CMA,studio,vacancy_rate_pct,2025,2025,3.4,b,ok,1.1.1,rmr-montreal-2025-en.xlsx,cma
Montréal,Zone 5 - Ct-des-Neiges/Mt-Royal/Outremont,1,vacancy_rate_pct,2024,2025,2.1,c,ok,1.1.1,rmr-montreal-2025-en.xlsx,zone
Montréal,Zone 14 - Dorval/Lachine/Saint-Pierre,1,vacancy_rate_pct,2024,2025,1.5,c,ok,1.1.1,rmr-montreal-2025-en.xlsx,zone
Montréal,Zone 15 - Baie-d'Urfé/Beaconsfield etc.,1,vacancy_rate_pct,2024,2025,2.0,c,ok,1.1.1,rmr-montreal-2025-en.xlsx,zone
Montréal,Montréal Island (Zones 1-18),1,vacancy_rate_pct,2024,2025,1.8,a,ok,1.1.1,rmr-montreal-2025-en.xlsx,submarket
Montréal,Laval (Zones 19-24),1,vacancy_rate_pct,2024,2025,2.0,c,ok,1.1.1,rmr-montreal-2025-en.xlsx,submarket
Montréal,Montréal CMA,1,vacancy_rate_pct,2024,2025,2.0,b,ok,1.1.1,rmr-montreal-2025-en.xlsx,cma
Montréal,Zone 5 - Ct-des-Neiges/Mt-Royal/Outremont,1,vacancy_rate_pct,2025,2025,3.2,d,ok,1.1.1,rmr-montreal-2025-en.xlsx,zone
Montréal,Zone 14 - Dorval/Lachine/Saint-Pierre,1,vacancy_rate_pct,2025,2025,5.3,d,ok,1.1.1,rmr-montreal-2025-en.xlsx,zone
Montréal,Zone 15 - Baie-d'Urfé/Beaconsfield etc.,1,vacancy_rate_pct,2025,2025,2.4,c,ok,1.1.1,rmr-montreal-2025-en.xlsx,zone
Montréal,Montréal Island (Zones 1-18),1,vacancy_rate_pct,2025,2025,3.3,c,ok,1.1.1,rmr-montreal-2025-en.xlsx,submarket
Montréal,Laval (Zones 19-24),1,vacancy_rate_pct,2025,2025,3.1,b,ok,1.1.1,rmr-montreal-2025-en.xlsx,submarket
Montréal,Montréal CMA,1,vacancy_rate_pct,2025,2025,3.2,b,ok,1.1.1,rmr-montreal-2025-en.xlsx,cma
Montréal,Zone 5 - Ct-des-Neiges/Mt-Royal/Outremont,2,vacancy_rate_pct,2024,2025,1.9,c,ok,1.1.1,rmr-montreal-2025-en.xlsx,zone
Montréal,Zone 14 - Dorval/Lachine/Saint-Pierre,2,vacancy_rate_pct,2024,2025,,,suppressed,1.1.1,rmr-montreal-2025-en.xlsx,zone
Montréal,Zone 15 - Baie-d'Urfé/Beaconsfield etc.,2,vacancy_rate_pct,2024,2025,,,suppressed,1.1.1,rmr-montreal-2025-en.xlsx,zone
Montréal,Montréal Island (Zones 1-18),2,vacancy_rate_pct,2024,2025,1.4,a,ok,1.1.1,rmr-montreal-2025-en.xlsx,submarket
Montréal,Laval (Zones 19-24),2,vacancy_rate_pct,2024,2025,2.7,c,ok,1.1.1,rmr-montreal-2025-en.xlsx,submarket
Montréal,Montréal CMA,2,vacancy_rate_pct,2024,2025,1.7,b,ok,1.1.1,rmr-montreal-2025-en.xlsx,cma
Montréal,Zone 5 - Ct-des-Neiges/Mt-Royal/Outremont,2,vacancy_rate_pct,2025,2025,2.1,c,ok,1.1.1,rmr-montreal-2025-en.xlsx,zone
Montréal,Zone 14 - Dorval/Lachine/Saint-Pierre,2,vacancy_rate_pct,2025,2025,3.1,d,ok,1.1.1,rmr-montreal-2025-en.xlsx,zone
Montréal,Zone 15 - Baie-d'Urfé/Beaconsfield etc.,2,vacancy_rate_pct,2025,2025,,,suppressed,1.1.1,rmr-montreal-2025-en.xlsx,zone
Montréal,Montréal Island (Zones 1-18),2,vacancy_rate_pct,2025,2025,3.0,b,ok,1.1.1,rmr-montreal-2025-en.xlsx,submarket
Montréal,Laval (Zones 19-24),2,vacancy_rate_pct,2025,2025,3.6,c,ok,1.1.1,rmr-montreal-2025-en.xlsx,submarket
Montréal,Montréal CMA,2,vacancy_rate_pct,2025,2025,2.9,a,ok,1.1.1,rmr-montreal-2025-en.xlsx,cma
Montréal,Zone 5 - Ct-des-Neiges/Mt-Royal/Outremont,3+,vacancy_rate_pct,2024,2025,,,suppressed,1.1.1,rmr-montreal-2025-en.xlsx,zone
Montréal,Zone 14 - Dorval/Lachine/Saint-Pierre,3+,vacancy_rate_pct,2024,2025,,,suppressed,1.1.1,rmr-montreal-2025-en.xlsx,zone
Montréal,Zone 15 - Baie-d'Urfé/Beaconsfield etc.,3+,vacancy_rate_pct,2024,2025,0.6,b,ok,1.1.1,rmr-montreal-2025-en.xlsx,zone
Montréal,Montréal Island (Zones 1-18),3+,vacancy_rate_pct,2024,2025,,,suppressed,1.1.1,rmr-montreal-2025-en.xlsx,submarket
Montréal,Laval (Zones 19-24),3+,vacancy_rate_pct,2024,2025,2.2,c,ok,1.1.1,rmr-montreal-2025-en.xlsx,submarket
Montréal,Montréal CMA,3+,vacancy_rate_pct,2024,2025,,,suppressed,1.1.1,rmr-montreal-2025-en.xlsx,cma
Montréal,Zone 5 - Ct-des-Neiges/Mt-Royal/Outremont,3+,vacancy_rate_pct,2025,2025,,,suppressed,1.1.1,rmr-montreal-2025-en.xlsx,zone
Montréal,Zone 14 - Dorval/Lachine/Saint-Pierre,3+,vacancy_rate_pct,2025,2025,,,suppressed,1.1.1,rmr-montreal-2025-en.xlsx,zone
Montréal,Zone 15 - Baie-d'Urfé/Beaconsfield etc.,3+,vacancy_rate_pct,2025,2025,,,suppressed,1.1.1,rmr-montreal-2025-en.xlsx,zone
Montréal,Montréal Island (Zones 1-18),3+,vacancy_rate_pct,2025,2025,2.3,c,ok,1.1.1,rmr-montreal-2025-en.xlsx,submarket
Montréal,Laval (Zones 19-24),3+,vacancy_rate_pct,2025,2025,3.8,d,ok,1.1.1,rmr-montreal-2025-en.xlsx,submarket
Montréal,Montréal CMA,3+,vacancy_rate_pct,2025,2025,2.1,b,ok,1.1.1,rmr-montreal-2025-en.xlsx,cma
Montréal,Zone 5 - Ct-des-Neiges/Mt-Royal/Outremont,total,vacancy_rate_pct,2024,2025,2.1,b,ok,1.1.1,rmr-montreal-2025-en.xlsx,zone
Montréal,Zone 14 - Dorval/Lachine/Saint-Pierre,total,vacancy_rate_pct,2024,2025,,,suppressed,1.1.1,rmr-montreal-2025-en.xlsx,zone
Montréal,Zone 15 - Baie-d'Urfé/Beaconsfield etc.,total,vacancy_rate_pct,2024,2025,,,suppressed,1.1.1,rmr-montreal-2025-en.xlsx,zone
Montréal,Montréal Island (Zones 1-18),total,vacancy_rate_pct,2024,2025,2.0,b,ok,1.1.1,rmr-montreal-2025-en.xlsx,submarket
Montréal,Laval (Zones 19-24),total,vacancy_rate_pct,2024,2025,2.4,c,ok,1.1.1,rmr-montreal-2025-en.xlsx,submarket
Montréal,Montréal CMA,total,vacancy_rate_pct,2024,2025,2.1,b,ok,1.1.1,rmr-montreal-2025-en.xlsx,cma
Montréal,Zone 5 - Ct-des-Neiges/Mt-Royal/Outremont,total,vacancy_rate_pct,2025,2025,2.9,c,ok,1.1.1,rmr-montreal-2025-en.xlsx,zone
Montréal,Zone 14 - Dorval/Lachine/Saint-Pierre,total,vacancy_rate_pct,2025,2025,4.3,d,ok,1.1.1,rmr-montreal-2025-en.xlsx,zone
Montréal,Zone 15 - Baie-d'Urfé/Beaconsfield etc.,total,vacancy_rate_pct,2025,2025,4.3,d,ok,1.1.1,rmr-montreal-2025-en.xlsx,zone
Montréal,Montréal Island (Zones 1-18),total,vacancy_rate_pct,2025,2025,3.1,b,ok,1.1.1,rmr-montreal-2025-en.xlsx,submarket
Montréal,Laval (Zones 19-24),total,vacancy_rate_pct,2025,2025,3.4,c,ok,1.1.1,rmr-montreal-2025-en.xlsx,submarket
Montréal,Montréal CMA,total,vacancy_rate_pct,2025,2025,2.9,a,ok,1.1.1,rmr-montreal-2025-en.xlsx,cma
Montréal,Zone 5 - Ct-des-Neiges/Mt-Royal/Outremont,studio,average_rent,2024,2025,871.0,b,ok,1.1.2,rmr-montreal-2025-en.xlsx,zone
Montréal,Zone 14 - Dorval/Lachine/Saint-Pierre,studio,average_rent,2024,2025,732.0,b,ok,1.1.2,rmr-montreal-2025-en.xlsx,zone
Montréal,Zone 15 - Baie-d'Urfé/Beaconsfield etc.,studio,average_rent,2024,2025,907.0,c,ok,1.1.2,rmr-montreal-2025-en.xlsx,zone
Montréal,Montréal Island (Zones 1-18),studio,average_rent,2024,2025,901.0,a,ok,1.1.2,rmr-montreal-2025-en.xlsx,submarket
Montréal,Laval (Zones 19-24),studio,average_rent,2024,2025,836.0,b,ok,1.1.2,rmr-montreal-2025-en.xlsx,submarket
Montréal,Montréal CMA,studio,average_rent,2024,2025,892.0,a,ok,1.1.2,rmr-montreal-2025-en.xlsx,cma
Montréal,Zone 5 - Ct-des-Neiges/Mt-Royal/Outremont,studio,average_rent,2025,2025,976.0,b,ok,1.1.2,rmr-montreal-2025-en.xlsx,zone
Montréal,Zone 14 - Dorval/Lachine/Saint-Pierre,studio,average_rent,2025,2025,880.0,c,ok,1.1.2,rmr-montreal-2025-en.xlsx,zone
Montréal,Zone 15 - Baie-d'Urfé/Beaconsfield etc.,studio,average_rent,2025,2025,851.0,b,ok,1.1.2,rmr-montreal-2025-en.xlsx,zone
Montréal,Montréal Island (Zones 1-18),studio,average_rent,2025,2025,1011.0,a,ok,1.1.2,rmr-montreal-2025-en.xlsx,submarket
Montréal,Laval (Zones 19-24),studio,average_rent,2025,2025,963.0,b,ok,1.1.2,rmr-montreal-2025-en.xlsx,submarket
Montréal,Montréal CMA,studio,average_rent,2025,2025,1005.0,a,ok,1.1.2,rmr-montreal-2025-en.xlsx,cma
Montréal,Zone 5 - Ct-des-Neiges/Mt-Royal/Outremont,1,average_rent,2024,2025,1049.0,a,ok,1.1.2,rmr-montreal-2025-en.xlsx,zone
Montréal,Zone 14 - Dorval/Lachine/Saint-Pierre,1,average_rent,2024,2025,893.0,a,ok,1.1.2,rmr-montreal-2025-en.xlsx,zone
Montréal,Zone 15 - Baie-d'Urfé/Beaconsfield etc.,1,average_rent,2024,2025,1523.0,c,ok,1.1.2,rmr-montreal-2025-en.xlsx,zone
Montréal,Montréal Island (Zones 1-18),1,average_rent,2024,2025,1043.0,a,ok,1.1.2,rmr-montreal-2025-en.xlsx,submarket
Montréal,Laval (Zones 19-24),1,average_rent,2024,2025,1176.0,a,ok,1.1.2,rmr-montreal-2025-en.xlsx,submarket
Montréal,Montréal CMA,1,average_rent,2024,2025,1051.0,a,ok,1.1.2,rmr-montreal-2025-en.xlsx,cma
Montréal,Zone 5 - Ct-des-Neiges/Mt-Royal/Outremont,1,average_rent,2025,2025,1146.0,b,ok,1.1.2,rmr-montreal-2025-en.xlsx,zone
Montréal,Zone 14 - Dorval/Lachine/Saint-Pierre,1,average_rent,2025,2025,978.0,a,ok,1.1.2,rmr-montreal-2025-en.xlsx,zone
Montréal,Zone 15 - Baie-d'Urfé/Beaconsfield etc.,1,average_rent,2025,2025,1451.0,a,ok,1.1.2,rmr-montreal-2025-en.xlsx,zone
Montréal,Montréal Island (Zones 1-18),1,average_rent,2025,2025,1119.0,a,ok,1.1.2,rmr-montreal-2025-en.xlsx,submarket
Montréal,Laval (Zones 19-24),1,average_rent,2025,2025,1246.0,a,ok,1.1.2,rmr-montreal-2025-en.xlsx,submarket
Montréal,Montréal CMA,1,average_rent,2025,2025,1131.0,a,ok,1.1.2,rmr-montreal-2025-en.xlsx,cma
Montréal,Zone 5 - Ct-des-Neiges/Mt-Royal/Outremont,2,average_rent,2024,2025,1310.0,a,ok,1.1.2,rmr-montreal-2025-en.xlsx,zone
Montréal,Zone 14 - Dorval/Lachine/Saint-Pierre,2,average_rent,2024,2025,1033.0,b,ok,1.1.2,rmr-montreal-2025-en.xlsx,zone
Montréal,Zone 15 - Baie-d'Urfé/Beaconsfield etc.,2,average_rent,2024,2025,1801.0,c,ok,1.1.2,rmr-montreal-2025-en.xlsx,zone
Montréal,Montréal Island (Zones 1-18),2,average_rent,2024,2025,1145.0,a,ok,1.1.2,rmr-montreal-2025-en.xlsx,submarket
Montréal,Laval (Zones 19-24),2,average_rent,2024,2025,1261.0,b,ok,1.1.2,rmr-montreal-2025-en.xlsx,submarket
Montréal,Montréal CMA,2,average_rent,2024,2025,1176.0,a,ok,1.1.2,rmr-montreal-2025-en.xlsx,cma
Montréal,Zone 5 - Ct-des-Neiges/Mt-Royal/Outremont,2,average_rent,2025,2025,1415.0,b,ok,1.1.2,rmr-montreal-2025-en.xlsx,zone
Montréal,Zone 14 - Dorval/Lachine/Saint-Pierre,2,average_rent,2025,2025,1138.0,b,ok,1.1.2,rmr-montreal-2025-en.xlsx,zone
Montréal,Zone 15 - Baie-d'Urfé/Beaconsfield etc.,2,average_rent,2025,2025,1773.0,b,ok,1.1.2,rmr-montreal-2025-en.xlsx,zone
Montréal,Montréal Island (Zones 1-18),2,average_rent,2025,2025,1361.0,a,ok,1.1.2,rmr-montreal-2025-en.xlsx,submarket
Montréal,Laval (Zones 19-24),2,average_rent,2025,2025,1362.0,a,ok,1.1.2,rmr-montreal-2025-en.xlsx,submarket
Montréal,Montréal CMA,2,average_rent,2025,2025,1346.0,a,ok,1.1.2,rmr-montreal-2025-en.xlsx,cma
Montréal,Zone 5 - Ct-des-Neiges/Mt-Royal/Outremont,3+,average_rent,2024,2025,1794.0,d,ok,1.1.2,rmr-montreal-2025-en.xlsx,zone
Montréal,Zone 14 - Dorval/Lachine/Saint-Pierre,3+,average_rent,2024,2025,,,suppressed,1.1.2,rmr-montreal-2025-en.xlsx,zone
Montréal,Zone 15 - Baie-d'Urfé/Beaconsfield etc.,3+,average_rent,2024,2025,1994.0,d,ok,1.1.2,rmr-montreal-2025-en.xlsx,zone
Montréal,Montréal Island (Zones 1-18),3+,average_rent,2024,2025,1563.0,b,ok,1.1.2,rmr-montreal-2025-en.xlsx,submarket
Montréal,Laval (Zones 19-24),3+,average_rent,2024,2025,1374.0,b,ok,1.1.2,rmr-montreal-2025-en.xlsx,submarket
Montréal,Montréal CMA,3+,average_rent,2024,2025,1488.0,a,ok,1.1.2,rmr-montreal-2025-en.xlsx,cma
Montréal,Zone 5 - Ct-des-Neiges/Mt-Royal/Outremont,3+,average_rent,2025,2025,1949.0,d,ok,1.1.2,rmr-montreal-2025-en.xlsx,zone
Montréal,Zone 14 - Dorval/Lachine/Saint-Pierre,3+,average_rent,2025,2025,,,suppressed,1.1.2,rmr-montreal-2025-en.xlsx,zone
Montréal,Zone 15 - Baie-d'Urfé/Beaconsfield etc.,3+,average_rent,2025,2025,1970.0,d,ok,1.1.2,rmr-montreal-2025-en.xlsx,zone
Montréal,Montréal Island (Zones 1-18),3+,average_rent,2025,2025,1703.0,b,ok,1.1.2,rmr-montreal-2025-en.xlsx,submarket
Montréal,Laval (Zones 19-24),3+,average_rent,2025,2025,1563.0,b,ok,1.1.2,rmr-montreal-2025-en.xlsx,submarket
Montréal,Montréal CMA,3+,average_rent,2025,2025,1626.0,a,ok,1.1.2,rmr-montreal-2025-en.xlsx,cma
Montréal,Zone 5 - Ct-des-Neiges/Mt-Royal/Outremont,total,average_rent,2024,2025,1178.0,a,ok,1.1.2,rmr-montreal-2025-en.xlsx,zone
Montréal,Zone 14 - Dorval/Lachine/Saint-Pierre,total,average_rent,2024,2025,979.0,b,ok,1.1.2,rmr-montreal-2025-en.xlsx,zone
Montréal,Zone 15 - Baie-d'Urfé/Beaconsfield etc.,total,average_rent,2024,2025,1691.0,b,ok,1.1.2,rmr-montreal-2025-en.xlsx,zone
Montréal,Montréal Island (Zones 1-18),total,average_rent,2024,2025,1147.0,a,ok,1.1.2,rmr-montreal-2025-en.xlsx,submarket
Montréal,Laval (Zones 19-24),total,average_rent,2024,2025,1244.0,a,ok,1.1.2,rmr-montreal-2025-en.xlsx,submarket
Montréal,Montréal CMA,total,average_rent,2024,2025,1167.0,a,ok,1.1.2,rmr-montreal-2025-en.xlsx,cma
Montréal,Zone 5 - Ct-des-Neiges/Mt-Royal/Outremont,total,average_rent,2025,2025,1272.0,b,ok,1.1.2,rmr-montreal-2025-en.xlsx,zone
Montréal,Zone 14 - Dorval/Lachine/Saint-Pierre,total,average_rent,2025,2025,1137.0,b,ok,1.1.2,rmr-montreal-2025-en.xlsx,zone
Montréal,Zone 15 - Baie-d'Urfé/Beaconsfield etc.,total,average_rent,2025,2025,1650.0,b,ok,1.1.2,rmr-montreal-2025-en.xlsx,zone
Montréal,Montréal Island (Zones 1-18),total,average_rent,2025,2025,1283.0,a,ok,1.1.2,rmr-montreal-2025-en.xlsx,submarket
Montréal,Laval (Zones 19-24),total,average_rent,2025,2025,1347.0,a,ok,1.1.2,rmr-montreal-2025-en.xlsx,submarket
Montréal,Montréal CMA,total,average_rent,2025,2025,1290.0,a,ok,1.1.2,rmr-montreal-2025-en.xlsx,cma
Montréal,Zone 5 - Ct-des-Neiges/Mt-Royal/Outremont,studio,fixed_sample_rent_change_pct,2024,2025,,,suppressed,1.1.5,rmr-montreal-2025-en.xlsx,zone
Montréal,Zone 14 - Dorval/Lachine/Saint-Pierre,studio,fixed_sample_rent_change_pct,2024,2025,,,suppressed,1.1.5,rmr-montreal-2025-en.xlsx,zone
Montréal,Zone 15 - Baie-d'Urfé/Beaconsfield etc.,studio,fixed_sample_rent_change_pct,2024,2025,,,suppressed,1.1.5,rmr-montreal-2025-en.xlsx,zone
Montréal,Montréal Island (Zones 1-18),studio,fixed_sample_rent_change_pct,2024,2025,6.2,b,ok,1.1.5,rmr-montreal-2025-en.xlsx,submarket
Montréal,Laval (Zones 19-24),studio,fixed_sample_rent_change_pct,2024,2025,8.3,b,ok,1.1.5,rmr-montreal-2025-en.xlsx,submarket
Montréal,Montréal CMA,studio,fixed_sample_rent_change_pct,2024,2025,6.2,b,ok,1.1.5,rmr-montreal-2025-en.xlsx,cma
Montréal,Zone 5 - Ct-des-Neiges/Mt-Royal/Outremont,studio,fixed_sample_rent_change_pct,2025,2025,,,suppressed,1.1.5,rmr-montreal-2025-en.xlsx,zone
Montréal,Zone 14 - Dorval/Lachine/Saint-Pierre,studio,fixed_sample_rent_change_pct,2025,2025,,,not_significant,1.1.5,rmr-montreal-2025-en.xlsx,zone
Montréal,Zone 15 - Baie-d'Urfé/Beaconsfield etc.,studio,fixed_sample_rent_change_pct,2025,2025,,,not_significant,1.1.5,rmr-montreal-2025-en.xlsx,zone
Montréal,Montréal Island (Zones 1-18),studio,fixed_sample_rent_change_pct,2025,2025,7.6,b,ok,1.1.5,rmr-montreal-2025-en.xlsx,submarket
Montréal,Laval (Zones 19-24),studio,fixed_sample_rent_change_pct,2025,2025,6.5,b,ok,1.1.5,rmr-montreal-2025-en.xlsx,submarket
Montréal,Montréal CMA,studio,fixed_sample_rent_change_pct,2025,2025,7.4,b,ok,1.1.5,rmr-montreal-2025-en.xlsx,cma
Montréal,Zone 5 - Ct-des-Neiges/Mt-Royal/Outremont,1,fixed_sample_rent_change_pct,2024,2025,,,suppressed,1.1.5,rmr-montreal-2025-en.xlsx,zone
Montréal,Zone 14 - Dorval/Lachine/Saint-Pierre,1,fixed_sample_rent_change_pct,2024,2025,,,suppressed,1.1.5,rmr-montreal-2025-en.xlsx,zone
Montréal,Zone 15 - Baie-d'Urfé/Beaconsfield etc.,1,fixed_sample_rent_change_pct,2024,2025,7.5,b,ok,1.1.5,rmr-montreal-2025-en.xlsx,zone
Montréal,Montréal Island (Zones 1-18),1,fixed_sample_rent_change_pct,2024,2025,6.7,b,ok,1.1.5,rmr-montreal-2025-en.xlsx,submarket
Montréal,Laval (Zones 19-24),1,fixed_sample_rent_change_pct,2024,2025,5.9,c,ok,1.1.5,rmr-montreal-2025-en.xlsx,submarket
Montréal,Montréal CMA,1,fixed_sample_rent_change_pct,2024,2025,6.5,a,ok,1.1.5,rmr-montreal-2025-en.xlsx,cma
Montréal,Zone 5 - Ct-des-Neiges/Mt-Royal/Outremont,1,fixed_sample_rent_change_pct,2025,2025,,,suppressed,1.1.5,rmr-montreal-2025-en.xlsx,zone
Montréal,Zone 14 - Dorval/Lachine/Saint-Pierre,1,fixed_sample_rent_change_pct,2025,2025,4.7,d,ok,1.1.5,rmr-montreal-2025-en.xlsx,zone
Montréal,Zone 15 - Baie-d'Urfé/Beaconsfield etc.,1,fixed_sample_rent_change_pct,2025,2025,3.7,d,ok,1.1.5,rmr-montreal-2025-en.xlsx,zone
Montréal,Montréal Island (Zones 1-18),1,fixed_sample_rent_change_pct,2025,2025,7.7,b,ok,1.1.5,rmr-montreal-2025-en.xlsx,submarket
Montréal,Laval (Zones 19-24),1,fixed_sample_rent_change_pct,2025,2025,6.7,b,ok,1.1.5,rmr-montreal-2025-en.xlsx,submarket
Montréal,Montréal CMA,1,fixed_sample_rent_change_pct,2025,2025,7.1,a,ok,1.1.5,rmr-montreal-2025-en.xlsx,cma
Montréal,Zone 5 - Ct-des-Neiges/Mt-Royal/Outremont,2,fixed_sample_rent_change_pct,2024,2025,,,suppressed,1.1.5,rmr-montreal-2025-en.xlsx,zone
Montréal,Zone 14 - Dorval/Lachine/Saint-Pierre,2,fixed_sample_rent_change_pct,2024,2025,,,suppressed,1.1.5,rmr-montreal-2025-en.xlsx,zone
Montréal,Zone 15 - Baie-d'Urfé/Beaconsfield etc.,2,fixed_sample_rent_change_pct,2024,2025,5.4,d,ok,1.1.5,rmr-montreal-2025-en.xlsx,zone
Montréal,Montréal Island (Zones 1-18),2,fixed_sample_rent_change_pct,2024,2025,6.3,b,ok,1.1.5,rmr-montreal-2025-en.xlsx,submarket
Montréal,Laval (Zones 19-24),2,fixed_sample_rent_change_pct,2024,2025,6.1,b,ok,1.1.5,rmr-montreal-2025-en.xlsx,submarket
Montréal,Montréal CMA,2,fixed_sample_rent_change_pct,2024,2025,6.3,b,ok,1.1.5,rmr-montreal-2025-en.xlsx,cma
Montréal,Zone 5 - Ct-des-Neiges/Mt-Royal/Outremont,2,fixed_sample_rent_change_pct,2025,2025,,,suppressed,1.1.5,rmr-montreal-2025-en.xlsx,zone
Montréal,Zone 14 - Dorval/Lachine/Saint-Pierre,2,fixed_sample_rent_change_pct,2025,2025,,,suppressed,1.1.5,rmr-montreal-2025-en.xlsx,zone
Montréal,Zone 15 - Baie-d'Urfé/Beaconsfield etc.,2,fixed_sample_rent_change_pct,2025,2025,4.7,d,ok,1.1.5,rmr-montreal-2025-en.xlsx,zone
Montréal,Montréal Island (Zones 1-18),2,fixed_sample_rent_change_pct,2025,2025,7.4,b,ok,1.1.5,rmr-montreal-2025-en.xlsx,submarket
Montréal,Laval (Zones 19-24),2,fixed_sample_rent_change_pct,2025,2025,7.9,b,ok,1.1.5,rmr-montreal-2025-en.xlsx,submarket
Montréal,Montréal CMA,2,fixed_sample_rent_change_pct,2025,2025,7.2,a,ok,1.1.5,rmr-montreal-2025-en.xlsx,cma
Montréal,Zone 5 - Ct-des-Neiges/Mt-Royal/Outremont,3+,fixed_sample_rent_change_pct,2024,2025,4.2,d,ok,1.1.5,rmr-montreal-2025-en.xlsx,zone
Montréal,Zone 14 - Dorval/Lachine/Saint-Pierre,3+,fixed_sample_rent_change_pct,2024,2025,,,not_significant,1.1.5,rmr-montreal-2025-en.xlsx,zone
Montréal,Zone 15 - Baie-d'Urfé/Beaconsfield etc.,3+,fixed_sample_rent_change_pct,2024,2025,,,not_significant,1.1.5,rmr-montreal-2025-en.xlsx,zone
Montréal,Montréal Island (Zones 1-18),3+,fixed_sample_rent_change_pct,2024,2025,5.2,c,ok,1.1.5,rmr-montreal-2025-en.xlsx,submarket
Montréal,Laval (Zones 19-24),3+,fixed_sample_rent_change_pct,2024,2025,5.0,c,ok,1.1.5,rmr-montreal-2025-en.xlsx,submarket
Montréal,Montréal CMA,3+,fixed_sample_rent_change_pct,2024,2025,5.2,b,ok,1.1.5,rmr-montreal-2025-en.xlsx,cma
Montréal,Zone 5 - Ct-des-Neiges/Mt-Royal/Outremont,3+,fixed_sample_rent_change_pct,2025,2025,,,suppressed,1.1.5,rmr-montreal-2025-en.xlsx,zone
Montréal,Zone 14 - Dorval/Lachine/Saint-Pierre,3+,fixed_sample_rent_change_pct,2025,2025,,,not_significant,1.1.5,rmr-montreal-2025-en.xlsx,zone
Montréal,Zone 15 - Baie-d'Urfé/Beaconsfield etc.,3+,fixed_sample_rent_change_pct,2025,2025,,,suppressed,1.1.5,rmr-montreal-2025-en.xlsx,zone
Montréal,Montréal Island (Zones 1-18),3+,fixed_sample_rent_change_pct,2025,2025,6.5,c,ok,1.1.5,rmr-montreal-2025-en.xlsx,submarket
Montréal,Laval (Zones 19-24),3+,fixed_sample_rent_change_pct,2025,2025,7.7,b,ok,1.1.5,rmr-montreal-2025-en.xlsx,submarket
Montréal,Montréal CMA,3+,fixed_sample_rent_change_pct,2025,2025,6.7,b,ok,1.1.5,rmr-montreal-2025-en.xlsx,cma
Montréal,Zone 5 - Ct-des-Neiges/Mt-Royal/Outremont,total,fixed_sample_rent_change_pct,2024,2025,6.3,c,ok,1.1.5,rmr-montreal-2025-en.xlsx,zone
Montréal,Zone 14 - Dorval/Lachine/Saint-Pierre,total,fixed_sample_rent_change_pct,2024,2025,,,suppressed,1.1.5,rmr-montreal-2025-en.xlsx,zone
Montréal,Zone 15 - Baie-d'Urfé/Beaconsfield etc.,total,fixed_sample_rent_change_pct,2024,2025,6.0,c,ok,1.1.5,rmr-montreal-2025-en.xlsx,zone
Montréal,Montréal Island (Zones 1-18),total,fixed_sample_rent_change_pct,2024,2025,6.6,b,ok,1.1.5,rmr-montreal-2025-en.xlsx,submarket
Montréal,Laval (Zones 19-24),total,fixed_sample_rent_change_pct,2024,2025,6.3,b,ok,1.1.5,rmr-montreal-2025-en.xlsx,submarket
Montréal,Montréal CMA,total,fixed_sample_rent_change_pct,2024,2025,6.4,a,ok,1.1.5,rmr-montreal-2025-en.xlsx,cma
Montréal,Zone 5 - Ct-des-Neiges/Mt-Royal/Outremont,total,fixed_sample_rent_change_pct,2025,2025,,,suppressed,1.1.5,rmr-montreal-2025-en.xlsx,zone
Montréal,Zone 14 - Dorval/Lachine/Saint-Pierre,total,fixed_sample_rent_change_pct,2025,2025,6.1,c,ok,1.1.5,rmr-montreal-2025-en.xlsx,zone
Montréal,Zone 15 - Baie-d'Urfé/Beaconsfield etc.,total,fixed_sample_rent_change_pct,2025,2025,4.8,d,ok,1.1.5,rmr-montreal-2025-en.xlsx,zone
Montréal,Montréal Island (Zones 1-18),total,fixed_sample_rent_change_pct,2025,2025,7.8,a,ok,1.1.5,rmr-montreal-2025-en.xlsx,submarket
Montréal,Laval (Zones 19-24),total,fixed_sample_rent_change_pct,2025,2025,8.0,b,ok,1.1.5,rmr-montreal-2025-en.xlsx,submarket
Montréal,Montréal CMA,total,fixed_sample_rent_change_pct,2025,2025,7.4,a,ok,1.1.5,rmr-montreal-2025-en.xlsx,cma
Montréal,Zone 5 - Ct-des-Neiges/Mt-Royal/Outremont,studio,turnover_rate_pct,2024,2025,,,suppressed,1.1.6,rmr-montreal-2025-en.xlsx,zone
Montréal,Zone 14 - Dorval/Lachine/Saint-Pierre,studio,turnover_rate_pct,2024,2025,,,suppressed,1.1.6,rmr-montreal-2025-en.xlsx,zone
Montréal,Zone 15 - Baie-d'Urfé/Beaconsfield etc.,studio,turnover_rate_pct,2024,2025,,,suppressed,1.1.6,rmr-montreal-2025-en.xlsx,zone
Montréal,Montréal Island (Zones 1-18),studio,turnover_rate_pct,2024,2025,15.4,d,ok,1.1.6,rmr-montreal-2025-en.xlsx,submarket
Montréal,Laval (Zones 19-24),studio,turnover_rate_pct,2024,2025,12.7,d,ok,1.1.6,rmr-montreal-2025-en.xlsx,submarket
Montréal,Montréal CMA,studio,turnover_rate_pct,2024,2025,15.2,d,ok,1.1.6,rmr-montreal-2025-en.xlsx,cma
Montréal,Zone 5 - Ct-des-Neiges/Mt-Royal/Outremont,studio,turnover_rate_pct,2025,2025,,,suppressed,1.1.6,rmr-montreal-2025-en.xlsx,zone
Montréal,Zone 14 - Dorval/Lachine/Saint-Pierre,studio,turnover_rate_pct,2025,2025,,,suppressed,1.1.6,rmr-montreal-2025-en.xlsx,zone
Montréal,Zone 15 - Baie-d'Urfé/Beaconsfield etc.,studio,turnover_rate_pct,2025,2025,,,suppressed,1.1.6,rmr-montreal-2025-en.xlsx,zone
Montréal,Montréal Island (Zones 1-18),studio,turnover_rate_pct,2025,2025,14.1,c,ok,1.1.6,rmr-montreal-2025-en.xlsx,submarket
Montréal,Laval (Zones 19-24),studio,turnover_rate_pct,2025,2025,10.1,d,ok,1.1.6,rmr-montreal-2025-en.xlsx,submarket
Montréal,Montréal CMA,studio,turnover_rate_pct,2025,2025,14.2,c,ok,1.1.6,rmr-montreal-2025-en.xlsx,cma
Montréal,Zone 5 - Ct-des-Neiges/Mt-Royal/Outremont,1,turnover_rate_pct,2024,2025,9.8,b,ok,1.1.6,rmr-montreal-2025-en.xlsx,zone
Montréal,Zone 14 - Dorval/Lachine/Saint-Pierre,1,turnover_rate_pct,2024,2025,8.6,c,ok,1.1.6,rmr-montreal-2025-en.xlsx,zone
Montréal,Zone 15 - Baie-d'Urfé/Beaconsfield etc.,1,turnover_rate_pct,2024,2025,,,suppressed,1.1.6,rmr-montreal-2025-en.xlsx,zone
Montréal,Montréal Island (Zones 1-18),1,turnover_rate_pct,2024,2025,11.7,c,ok,1.1.6,rmr-montreal-2025-en.xlsx,submarket
Montréal,Laval (Zones 19-24),1,turnover_rate_pct,2024,2025,14.3,c,ok,1.1.6,rmr-montreal-2025-en.xlsx,submarket
Montréal,Montréal CMA,1,turnover_rate_pct,2024,2025,11.9,c,ok,1.1.6,rmr-montreal-2025-en.xlsx,cma
Montréal,Zone 5 - Ct-des-Neiges/Mt-Royal/Outremont,1,turnover_rate_pct,2025,2025,,,suppressed,1.1.6,rmr-montreal-2025-en.xlsx,zone
Montréal,Zone 14 - Dorval/Lachine/Saint-Pierre,1,turnover_rate_pct,2025,2025,,,suppressed,1.1.6,rmr-montreal-2025-en.xlsx,zone
Montréal,Zone 15 - Baie-d'Urfé/Beaconsfield etc.,1,turnover_rate_pct,2025,2025,,,suppressed,1.1.6,rmr-montreal-2025-en.xlsx,zone
Montréal,Montréal Island (Zones 1-18),1,turnover_rate_pct,2025,2025,9.0,b,ok,1.1.6,rmr-montreal-2025-en.xlsx,submarket
Montréal,Laval (Zones 19-24),1,turnover_rate_pct,2025,2025,12.8,a,ok,1.1.6,rmr-montreal-2025-en.xlsx,submarket
Montréal,Montréal CMA,1,turnover_rate_pct,2025,2025,9.6,b,ok,1.1.6,rmr-montreal-2025-en.xlsx,cma
Montréal,Zone 5 - Ct-des-Neiges/Mt-Royal/Outremont,2,turnover_rate_pct,2024,2025,8.9,c,ok,1.1.6,rmr-montreal-2025-en.xlsx,zone
Montréal,Zone 14 - Dorval/Lachine/Saint-Pierre,2,turnover_rate_pct,2024,2025,,,suppressed,1.1.6,rmr-montreal-2025-en.xlsx,zone
Montréal,Zone 15 - Baie-d'Urfé/Beaconsfield etc.,2,turnover_rate_pct,2024,2025,,,suppressed,1.1.6,rmr-montreal-2025-en.xlsx,zone
Montréal,Montréal Island (Zones 1-18),2,turnover_rate_pct,2024,2025,10.7,c,ok,1.1.6,rmr-montreal-2025-en.xlsx,submarket
Montréal,Laval (Zones 19-24),2,turnover_rate_pct,2024,2025,9.8,b,ok,1.1.6,rmr-montreal-2025-en.xlsx,submarket
Montréal,Montréal CMA,2,turnover_rate_pct,2024,2025,10.4,c,ok,1.1.6,rmr-montreal-2025-en.xlsx,cma
Montréal,Zone 5 - Ct-des-Neiges/Mt-Royal/Outremont,2,turnover_rate_pct,2025,2025,5.9,d,ok,1.1.6,rmr-montreal-2025-en.xlsx,zone
Montréal,Zone 14 - Dorval/Lachine/Saint-Pierre,2,turnover_rate_pct,2025,2025,,,suppressed,1.1.6,rmr-montreal-2025-en.xlsx,zone
Montréal,Zone 15 - Baie-d'Urfé/Beaconsfield etc.,2,turnover_rate_pct,2025,2025,,,suppressed,1.1.6,rmr-montreal-2025-en.xlsx,zone
Montréal,Montréal Island (Zones 1-18),2,turnover_rate_pct,2025,2025,9.2,c,ok,1.1.6,rmr-montreal-2025-en.xlsx,submarket
Montréal,Laval (Zones 19-24),2,turnover_rate_pct,2025,2025,10.1,c,ok,1.1.6,rmr-montreal-2025-en.xlsx,submarket
Montréal,Montréal CMA,2,turnover_rate_pct,2025,2025,9.2,b,ok,1.1.6,rmr-montreal-2025-en.xlsx,cma
Montréal,Zone 5 - Ct-des-Neiges/Mt-Royal/Outremont,3+,turnover_rate_pct,2024,2025,,,suppressed,1.1.6,rmr-montreal-2025-en.xlsx,zone
Montréal,Zone 14 - Dorval/Lachine/Saint-Pierre,3+,turnover_rate_pct,2024,2025,,,suppressed,1.1.6,rmr-montreal-2025-en.xlsx,zone
Montréal,Zone 15 - Baie-d'Urfé/Beaconsfield etc.,3+,turnover_rate_pct,2024,2025,,,suppressed,1.1.6,rmr-montreal-2025-en.xlsx,zone
Montréal,Montréal Island (Zones 1-18),3+,turnover_rate_pct,2024,2025,,,suppressed,1.1.6,rmr-montreal-2025-en.xlsx,submarket
Montréal,Laval (Zones 19-24),3+,turnover_rate_pct,2024,2025,9.4,c,ok,1.1.6,rmr-montreal-2025-en.xlsx,submarket
Montréal,Montréal CMA,3+,turnover_rate_pct,2024,2025,9.6,c,ok,1.1.6,rmr-montreal-2025-en.xlsx,cma
Montréal,Zone 5 - Ct-des-Neiges/Mt-Royal/Outremont,3+,turnover_rate_pct,2025,2025,,,suppressed,1.1.6,rmr-montreal-2025-en.xlsx,zone
Montréal,Zone 14 - Dorval/Lachine/Saint-Pierre,3+,turnover_rate_pct,2025,2025,,,suppressed,1.1.6,rmr-montreal-2025-en.xlsx,zone
Montréal,Zone 15 - Baie-d'Urfé/Beaconsfield etc.,3+,turnover_rate_pct,2025,2025,,,suppressed,1.1.6,rmr-montreal-2025-en.xlsx,zone
Montréal,Montréal Island (Zones 1-18),3+,turnover_rate_pct,2025,2025,,,suppressed,1.1.6,rmr-montreal-2025-en.xlsx,submarket
Montréal,Laval (Zones 19-24),3+,turnover_rate_pct,2025,2025,9.1,c,ok,1.1.6,rmr-montreal-2025-en.xlsx,submarket
Montréal,Montréal CMA,3+,turnover_rate_pct,2025,2025,6.9,c,ok,1.1.6,rmr-montreal-2025-en.xlsx,cma
Montréal,Zone 5 - Ct-des-Neiges/Mt-Royal/Outremont,total,turnover_rate_pct,2024,2025,9.8,b,ok,1.1.6,rmr-montreal-2025-en.xlsx,zone
Montréal,Zone 14 - Dorval/Lachine/Saint-Pierre,total,turnover_rate_pct,2024,2025,10.4,d,ok,1.1.6,rmr-montreal-2025-en.xlsx,zone
Montréal,Zone 15 - Baie-d'Urfé/Beaconsfield etc.,total,turnover_rate_pct,2024,2025,,,suppressed,1.1.6,rmr-montreal-2025-en.xlsx,zone
Montréal,Montréal Island (Zones 1-18),total,turnover_rate_pct,2024,2025,11.5,a,ok,1.1.6,rmr-montreal-2025-en.xlsx,submarket
Montréal,Laval (Zones 19-24),total,turnover_rate_pct,2024,2025,10.9,c,ok,1.1.6,rmr-montreal-2025-en.xlsx,submarket
Montréal,Montréal CMA,total,turnover_rate_pct,2024,2025,11.1,a,ok,1.1.6,rmr-montreal-2025-en.xlsx,cma
Montréal,Zone 5 - Ct-des-Neiges/Mt-Royal/Outremont,total,turnover_rate_pct,2025,2025,7.6,c,ok,1.1.6,rmr-montreal-2025-en.xlsx,zone
Montréal,Zone 14 - Dorval/Lachine/Saint-Pierre,total,turnover_rate_pct,2025,2025,7.1,c,ok,1.1.6,rmr-montreal-2025-en.xlsx,zone
Montréal,Zone 15 - Baie-d'Urfé/Beaconsfield etc.,total,turnover_rate_pct,2025,2025,,,suppressed,1.1.6,rmr-montreal-2025-en.xlsx,zone
Montréal,Montréal Island (Zones 1-18),total,turnover_rate_pct,2025,2025,9.3,b,ok,1.1.6,rmr-montreal-2025-en.xlsx,submarket
Montréal,Laval (Zones 19-24),total,turnover_rate_pct,2025,2025,10.6,c,ok,1.1.6,rmr-montreal-2025-en.xlsx,submarket
Montréal,Montréal CMA,total,turnover_rate_pct,2025,2025,9.4,a,ok,1.1.6,rmr-montreal-2025-en.xlsx,cma
Montréal,Zone 5 - Ct-des-Neiges/Mt-Royal/Outremont,studio,vacant_unit_rent,2025,2025,,,suppressed,1.1.9,rmr-montreal-2025-en.xlsx,zone
Montréal,Zone 14 - Dorval/Lachine/Saint-Pierre,studio,vacant_unit_rent,2025,2025,,,suppressed,1.1.9,rmr-montreal-2025-en.xlsx,zone
Montréal,Zone 15 - Baie-d'Urfé/Beaconsfield etc.,studio,vacant_unit_rent,2025,2025,,,suppressed,1.1.9,rmr-montreal-2025-en.xlsx,zone
Montréal,Montréal Island (Zones 1-18),studio,vacant_unit_rent,2025,2025,1091.0,b,ok,1.1.9,rmr-montreal-2025-en.xlsx,submarket
Montréal,Laval (Zones 19-24),studio,vacant_unit_rent,2025,2025,1071.0,d,ok,1.1.9,rmr-montreal-2025-en.xlsx,submarket
Montréal,Montréal CMA,studio,vacant_unit_rent,2025,2025,1082.0,b,ok,1.1.9,rmr-montreal-2025-en.xlsx,cma
Montréal,Zone 5 - Ct-des-Neiges/Mt-Royal/Outremont,studio,occupied_unit_rent,2025,2025,976.0,b,ok,1.1.9,rmr-montreal-2025-en.xlsx,zone
Montréal,Zone 14 - Dorval/Lachine/Saint-Pierre,studio,occupied_unit_rent,2025,2025,880.0,c,ok,1.1.9,rmr-montreal-2025-en.xlsx,zone
Montréal,Zone 15 - Baie-d'Urfé/Beaconsfield etc.,studio,occupied_unit_rent,2025,2025,851.0,b,ok,1.1.9,rmr-montreal-2025-en.xlsx,zone
Montréal,Montréal Island (Zones 1-18),studio,occupied_unit_rent,2025,2025,1009.0,a,ok,1.1.9,rmr-montreal-2025-en.xlsx,submarket
Montréal,Laval (Zones 19-24),studio,occupied_unit_rent,2025,2025,962.0,b,ok,1.1.9,rmr-montreal-2025-en.xlsx,submarket
Montréal,Montréal CMA,studio,occupied_unit_rent,2025,2025,1003.0,a,ok,1.1.9,rmr-montreal-2025-en.xlsx,cma
Montréal,Zone 5 - Ct-des-Neiges/Mt-Royal/Outremont,1,vacant_unit_rent,2025,2025,1351.0,b,ok,1.1.9,rmr-montreal-2025-en.xlsx,zone
Montréal,Zone 14 - Dorval/Lachine/Saint-Pierre,1,vacant_unit_rent,2025,2025,1050.0,c,ok,1.1.9,rmr-montreal-2025-en.xlsx,zone
Montréal,Zone 15 - Baie-d'Urfé/Beaconsfield etc.,1,vacant_unit_rent,2025,2025,,,suppressed,1.1.9,rmr-montreal-2025-en.xlsx,zone
Montréal,Montréal Island (Zones 1-18),1,vacant_unit_rent,2025,2025,1305.0,c,ok,1.1.9,rmr-montreal-2025-en.xlsx,submarket
Montréal,Laval (Zones 19-24),1,vacant_unit_rent,2025,2025,1405.0,b,ok,1.1.9,rmr-montreal-2025-en.xlsx,submarket
Montréal,Montréal CMA,1,vacant_unit_rent,2025,2025,1344.0,b,ok,1.1.9,rmr-montreal-2025-en.xlsx,cma
Montréal,Zone 5 - Ct-des-Neiges/Mt-Royal/Outremont,1,occupied_unit_rent,2025,2025,1141.0,b,ok,1.1.9,rmr-montreal-2025-en.xlsx,zone
Montréal,Zone 14 - Dorval/Lachine/Saint-Pierre,1,occupied_unit_rent,2025,2025,974.0,a,ok,1.1.9,rmr-montreal-2025-en.xlsx,zone
Montréal,Zone 15 - Baie-d'Urfé/Beaconsfield etc.,1,occupied_unit_rent,2025,2025,1442.0,a,ok,1.1.9,rmr-montreal-2025-en.xlsx,zone
Montréal,Montréal Island (Zones 1-18),1,occupied_unit_rent,2025,2025,1113.0,a,ok,1.1.9,rmr-montreal-2025-en.xlsx,submarket
Montréal,Laval (Zones 19-24),1,occupied_unit_rent,2025,2025,1242.0,a,ok,1.1.9,rmr-montreal-2025-en.xlsx,submarket
Montréal,Montréal CMA,1,occupied_unit_rent,2025,2025,1124.0,a,ok,1.1.9,rmr-montreal-2025-en.xlsx,cma
Montréal,Zone 5 - Ct-des-Neiges/Mt-Royal/Outremont,2,vacant_unit_rent,2025,2025,1660.0,b,ok,1.1.9,rmr-montreal-2025-en.xlsx,zone
Montréal,Zone 14 - Dorval/Lachine/Saint-Pierre,2,vacant_unit_rent,2025,2025,,,suppressed,1.1.9,rmr-montreal-2025-en.xlsx,zone
Montréal,Zone 15 - Baie-d'Urfé/Beaconsfield etc.,2,vacant_unit_rent,2025,2025,2112.0,c,ok,1.1.9,rmr-montreal-2025-en.xlsx,zone
Montréal,Montréal Island (Zones 1-18),2,vacant_unit_rent,2025,2025,1815.0,c,ok,1.1.9,rmr-montreal-2025-en.xlsx,submarket
Montréal,Laval (Zones 19-24),2,vacant_unit_rent,2025,2025,2008.0,b,ok,1.1.9,rmr-montreal-2025-en.xlsx,submarket
Montréal,Montréal CMA,2,vacant_unit_rent,2025,2025,1817.0,b,ok,1.1.9,rmr-montreal-2025-en.xlsx,cma
Montréal,Zone 5 - Ct-des-Neiges/Mt-Royal/Outremont,2,occupied_unit_rent,2025,2025,1412.0,b,ok,1.1.9,rmr-montreal-2025-en.xlsx,zone
Montréal,Zone 14 - Dorval/Lachine/Saint-Pierre,2,occupied_unit_rent,2025,2025,1131.0,b,ok,1.1.9,rmr-montreal-2025-en.xlsx,zone
Montréal,Zone 15 - Baie-d'Urfé/Beaconsfield etc.,2,occupied_unit_rent,2025,2025,1756.0,b,ok,1.1.9,rmr-montreal-2025-en.xlsx,zone
Montréal,Montréal Island (Zones 1-18),2,occupied_unit_rent,2025,2025,1349.0,a,ok,1.1.9,rmr-montreal-2025-en.xlsx,submarket
Montréal,Laval (Zones 19-24),2,occupied_unit_rent,2025,2025,1338.0,a,ok,1.1.9,rmr-montreal-2025-en.xlsx,submarket
Montréal,Montréal CMA,2,occupied_unit_rent,2025,2025,1333.0,a,ok,1.1.9,rmr-montreal-2025-en.xlsx,cma
Montréal,Zone 5 - Ct-des-Neiges/Mt-Royal/Outremont,3+,vacant_unit_rent,2025,2025,1938.0,c,ok,1.1.9,rmr-montreal-2025-en.xlsx,zone
Montréal,Zone 14 - Dorval/Lachine/Saint-Pierre,3+,vacant_unit_rent,2025,2025,,,suppressed,1.1.9,rmr-montreal-2025-en.xlsx,zone
Montréal,Zone 15 - Baie-d'Urfé/Beaconsfield etc.,3+,vacant_unit_rent,2025,2025,2928.0,b,ok,1.1.9,rmr-montreal-2025-en.xlsx,zone
Montréal,Montréal Island (Zones 1-18),3+,vacant_unit_rent,2025,2025,2138.0,c,ok,1.1.9,rmr-montreal-2025-en.xlsx,submarket
Montréal,Laval (Zones 19-24),3+,vacant_unit_rent,2025,2025,2625.0,c,ok,1.1.9,rmr-montreal-2025-en.xlsx,submarket
Montréal,Montréal CMA,3+,vacant_unit_rent,2025,2025,2141.0,b,ok,1.1.9,rmr-montreal-2025-en.xlsx,cma
Montréal,Zone 5 - Ct-des-Neiges/Mt-Royal/Outremont,3+,occupied_unit_rent,2025,2025,1949.0,d,ok,1.1.9,rmr-montreal-2025-en.xlsx,zone
Montréal,Zone 14 - Dorval/Lachine/Saint-Pierre,3+,occupied_unit_rent,2025,2025,,,suppressed,1.1.9,rmr-montreal-2025-en.xlsx,zone
Montréal,Zone 15 - Baie-d'Urfé/Beaconsfield etc.,3+,occupied_unit_rent,2025,2025,1900.0,d,ok,1.1.9,rmr-montreal-2025-en.xlsx,zone
Montréal,Montréal Island (Zones 1-18),3+,occupied_unit_rent,2025,2025,1693.0,b,ok,1.1.9,rmr-montreal-2025-en.xlsx,submarket
Montréal,Laval (Zones 19-24),3+,occupied_unit_rent,2025,2025,1520.0,b,ok,1.1.9,rmr-montreal-2025-en.xlsx,submarket
Montréal,Montréal CMA,3+,occupied_unit_rent,2025,2025,1614.0,a,ok,1.1.9,rmr-montreal-2025-en.xlsx,cma
Montréal,Zone 5 - Ct-des-Neiges/Mt-Royal/Outremont,total,vacant_unit_rent,2025,2025,1359.0,b,ok,1.1.9,rmr-montreal-2025-en.xlsx,zone
Montréal,Zone 14 - Dorval/Lachine/Saint-Pierre,total,vacant_unit_rent,2025,2025,,,suppressed,1.1.9,rmr-montreal-2025-en.xlsx,zone
Montréal,Zone 15 - Baie-d'Urfé/Beaconsfield etc.,total,vacant_unit_rent,2025,2025,2207.0,b,ok,1.1.9,rmr-montreal-2025-en.xlsx,zone
Montréal,Montréal Island (Zones 1-18),total,vacant_unit_rent,2025,2025,1573.0,b,ok,1.1.9,rmr-montreal-2025-en.xlsx,submarket
Montréal,Laval (Zones 19-24),total,vacant_unit_rent,2025,2025,1959.0,b,ok,1.1.9,rmr-montreal-2025-en.xlsx,submarket
Montréal,Montréal CMA,total,vacant_unit_rent,2025,2025,1628.0,b,ok,1.1.9,rmr-montreal-2025-en.xlsx,cma
Montréal,Zone 5 - Ct-des-Neiges/Mt-Royal/Outremont,total,occupied_unit_rent,2025,2025,1271.0,b,ok,1.1.9,rmr-montreal-2025-en.xlsx,zone
Montréal,Zone 14 - Dorval/Lachine/Saint-Pierre,total,occupied_unit_rent,2025,2025,1117.0,b,ok,1.1.9,rmr-montreal-2025-en.xlsx,zone
Montréal,Zone 15 - Baie-d'Urfé/Beaconsfield etc.,total,occupied_unit_rent,2025,2025,1628.0,a,ok,1.1.9,rmr-montreal-2025-en.xlsx,zone
Montréal,Montréal Island (Zones 1-18),total,occupied_unit_rent,2025,2025,1275.0,a,ok,1.1.9,rmr-montreal-2025-en.xlsx,submarket
Montréal,Laval (Zones 19-24),total,occupied_unit_rent,2025,2025,1326.0,a,ok,1.1.9,rmr-montreal-2025-en.xlsx,submarket
Montréal,Montréal CMA,total,occupied_unit_rent,2025,2025,1281.0,a,ok,1.1.9,rmr-montreal-2025-en.xlsx,cma
Ottawa,Zone 1 - Downtown,studio,vacancy_rate_pct,2018,2019,1.3,a,ok,1.1.1,rmr-ottawa-2019-en.xlsx,zone
Ottawa,Former City of Ottawa (Zones 1-9),studio,vacancy_rate_pct,2018,2019,1.3,a,ok,1.1.1,rmr-ottawa-2019-en.xlsx,submarket
Ottawa,Ottawa CMA,studio,vacancy_rate_pct,2018,2019,1.3,a,ok,1.1.1,rmr-ottawa-2019-en.xlsx,cma
Ottawa,Zone 1 - Downtown,studio,vacancy_rate_pct,2019,2019,2.6,c,ok,1.1.1,rmr-ottawa-2019-en.xlsx,zone
Ottawa,Former City of Ottawa (Zones 1-9),studio,vacancy_rate_pct,2019,2019,2.2,b,ok,1.1.1,rmr-ottawa-2019-en.xlsx,submarket
Ottawa,Ottawa CMA,studio,vacancy_rate_pct,2019,2019,2.2,a,ok,1.1.1,rmr-ottawa-2019-en.xlsx,cma
Ottawa,Zone 1 - Downtown,1,vacancy_rate_pct,2018,2019,1.7,b,ok,1.1.1,rmr-ottawa-2019-en.xlsx,zone
Ottawa,Former City of Ottawa (Zones 1-9),1,vacancy_rate_pct,2018,2019,1.3,a,ok,1.1.1,rmr-ottawa-2019-en.xlsx,submarket
Ottawa,Ottawa CMA,1,vacancy_rate_pct,2018,2019,1.5,a,ok,1.1.1,rmr-ottawa-2019-en.xlsx,cma
Ottawa,Zone 1 - Downtown,1,vacancy_rate_pct,2019,2019,2.3,b,ok,1.1.1,rmr-ottawa-2019-en.xlsx,zone
Ottawa,Former City of Ottawa (Zones 1-9),1,vacancy_rate_pct,2019,2019,1.7,a,ok,1.1.1,rmr-ottawa-2019-en.xlsx,submarket
Ottawa,Ottawa CMA,1,vacancy_rate_pct,2019,2019,1.7,a,ok,1.1.1,rmr-ottawa-2019-en.xlsx,cma
Ottawa,Zone 1 - Downtown,2,vacancy_rate_pct,2018,2019,1.0,a,ok,1.1.1,rmr-ottawa-2019-en.xlsx,zone
Ottawa,Former City of Ottawa (Zones 1-9),2,vacancy_rate_pct,2018,2019,1.8,a,ok,1.1.1,rmr-ottawa-2019-en.xlsx,submarket
Ottawa,Ottawa CMA,2,vacancy_rate_pct,2018,2019,1.8,a,ok,1.1.1,rmr-ottawa-2019-en.xlsx,cma
Ottawa,Zone 1 - Downtown,2,vacancy_rate_pct,2019,2019,3.3,c,ok,1.1.1,rmr-ottawa-2019-en.xlsx,zone
Ottawa,Former City of Ottawa (Zones 1-9),2,vacancy_rate_pct,2019,2019,1.8,a,ok,1.1.1,rmr-ottawa-2019-en.xlsx,submarket
Ottawa,Ottawa CMA,2,vacancy_rate_pct,2019,2019,1.9,a,ok,1.1.1,rmr-ottawa-2019-en.xlsx,cma
Ottawa,Zone 1 - Downtown,3+,vacancy_rate_pct,2018,2019,,,suppressed,1.1.1,rmr-ottawa-2019-en.xlsx,zone
Ottawa,Former City of Ottawa (Zones 1-9),3+,vacancy_rate_pct,2018,2019,0.8,a,ok,1.1.1,rmr-ottawa-2019-en.xlsx,submarket
Ottawa,Ottawa CMA,3+,vacancy_rate_pct,2018,2019,1.5,a,ok,1.1.1,rmr-ottawa-2019-en.xlsx,cma
Ottawa,Zone 1 - Downtown,3+,vacancy_rate_pct,2019,2019,,,suppressed,1.1.1,rmr-ottawa-2019-en.xlsx,zone
Ottawa,Former City of Ottawa (Zones 1-9),3+,vacancy_rate_pct,2019,2019,1.7,c,ok,1.1.1,rmr-ottawa-2019-en.xlsx,submarket
Ottawa,Ottawa CMA,3+,vacancy_rate_pct,2019,2019,1.9,b,ok,1.1.1,rmr-ottawa-2019-en.xlsx,cma
Ottawa,Zone 1 - Downtown,total,vacancy_rate_pct,2018,2019,1.4,a,ok,1.1.1,rmr-ottawa-2019-en.xlsx,zone
Ottawa,Former City of Ottawa (Zones 1-9),total,vacancy_rate_pct,2018,2019,1.5,a,ok,1.1.1,rmr-ottawa-2019-en.xlsx,submarket
Ottawa,Ottawa CMA,total,vacancy_rate_pct,2018,2019,1.6,a,ok,1.1.1,rmr-ottawa-2019-en.xlsx,cma
Ottawa,Zone 1 - Downtown,total,vacancy_rate_pct,2019,2019,2.6,a,ok,1.1.1,rmr-ottawa-2019-en.xlsx,zone
Ottawa,Former City of Ottawa (Zones 1-9),total,vacancy_rate_pct,2019,2019,1.8,a,ok,1.1.1,rmr-ottawa-2019-en.xlsx,submarket
Ottawa,Ottawa CMA,total,vacancy_rate_pct,2019,2019,1.8,a,ok,1.1.1,rmr-ottawa-2019-en.xlsx,cma
Ottawa,Zone 1 - Downtown,studio,average_rent,2018,2019,931.0,a,ok,1.1.2,rmr-ottawa-2019-en.xlsx,zone
Ottawa,Former City of Ottawa (Zones 1-9),studio,average_rent,2018,2019,886.0,a,ok,1.1.2,rmr-ottawa-2019-en.xlsx,submarket
Ottawa,Ottawa CMA,studio,average_rent,2018,2019,881.0,a,ok,1.1.2,rmr-ottawa-2019-en.xlsx,cma
Ottawa,Zone 1 - Downtown,studio,average_rent,2019,2019,932.0,a,ok,1.1.2,rmr-ottawa-2019-en.xlsx,zone
Ottawa,Former City of Ottawa (Zones 1-9),studio,average_rent,2019,2019,935.0,a,ok,1.1.2,rmr-ottawa-2019-en.xlsx,submarket
Ottawa,Ottawa CMA,studio,average_rent,2019,2019,933.0,a,ok,1.1.2,rmr-ottawa-2019-en.xlsx,cma
Ottawa,Zone 1 - Downtown,1,average_rent,2018,2019,1183.0,a,ok,1.1.2,rmr-ottawa-2019-en.xlsx,zone
Ottawa,Former City of Ottawa (Zones 1-9),1,average_rent,2018,2019,1092.0,a,ok,1.1.2,rmr-ottawa-2019-en.xlsx,submarket
Ottawa,Ottawa CMA,1,average_rent,2018,2019,1088.0,a,ok,1.1.2,rmr-ottawa-2019-en.xlsx,cma
Ottawa,Zone 1 - Downtown,1,average_rent,2019,2019,1289.0,a,ok,1.1.2,rmr-ottawa-2019-en.xlsx,zone
Ottawa,Former City of Ottawa (Zones 1-9),1,average_rent,2019,2019,1178.0,a,ok,1.1.2,rmr-ottawa-2019-en.xlsx,submarket
Ottawa,Ottawa CMA,1,average_rent,2019,2019,1178.0,a,ok,1.1.2,rmr-ottawa-2019-en.xlsx,cma
Ottawa,Zone 1 - Downtown,2,average_rent,2018,2019,1583.0,a,ok,1.1.2,rmr-ottawa-2019-en.xlsx,zone
Ottawa,Former City of Ottawa (Zones 1-9),2,average_rent,2018,2019,1332.0,a,ok,1.1.2,rmr-ottawa-2019-en.xlsx,submarket
Ottawa,Ottawa CMA,2,average_rent,2018,2019,1301.0,a,ok,1.1.2,rmr-ottawa-2019-en.xlsx,cma
Ottawa,Zone 1 - Downtown,2,average_rent,2019,2019,1798.0,b,ok,1.1.2,rmr-ottawa-2019-en.xlsx,zone
Ottawa,Former City of Ottawa (Zones 1-9),2,average_rent,2019,2019,1438.0,a,ok,1.1.2,rmr-ottawa-2019-en.xlsx,submarket
Ottawa,Ottawa CMA,2,average_rent,2019,2019,1410.0,a,ok,1.1.2,rmr-ottawa-2019-en.xlsx,cma
Ottawa,Zone 1 - Downtown,3+,average_rent,2018,2019,1708.0,b,ok,1.1.2,rmr-ottawa-2019-en.xlsx,zone
Ottawa,Former City of Ottawa (Zones 1-9),3+,average_rent,2018,2019,1658.0,a,ok,1.1.2,rmr-ottawa-2019-en.xlsx,submarket
Ottawa,Ottawa CMA,3+,average_rent,2018,2019,1584.0,a,ok,1.1.2,rmr-ottawa-2019-en.xlsx,cma
Ottawa,Zone 1 - Downtown,3+,average_rent,2019,2019,1668.0,b,ok,1.1.2,rmr-ottawa-2019-en.xlsx,zone
Ottawa,Former City of Ottawa (Zones 1-9),3+,average_rent,2019,2019,1954.0,b,ok,1.1.2,rmr-ottawa-2019-en.xlsx,submarket
Ottawa,Ottawa CMA,3+,average_rent,2019,2019,1819.0,b,ok,1.1.2,rmr-ottawa-2019-en.xlsx,cma
Ottawa,Zone 1 - Downtown,total,average_rent,2018,2019,1251.0,a,ok,1.1.2,rmr-ottawa-2019-en.xlsx,zone
Ottawa,Former City of Ottawa (Zones 1-9),total,average_rent,2018,2019,1177.0,a,ok,1.1.2,rmr-ottawa-2019-en.xlsx,submarket
Ottawa,Ottawa CMA,total,average_rent,2018,2019,1174.0,a,ok,1.1.2,rmr-ottawa-2019-en.xlsx,cma
Ottawa,Zone 1 - Downtown,total,average_rent,2019,2019,1387.0,b,ok,1.1.2,rmr-ottawa-2019-en.xlsx,zone
Ottawa,Former City of Ottawa (Zones 1-9),total,average_rent,2019,2019,1284.0,a,ok,1.1.2,rmr-ottawa-2019-en.xlsx,submarket
Ottawa,Ottawa CMA,total,average_rent,2019,2019,1281.0,a,ok,1.1.2,rmr-ottawa-2019-en.xlsx,cma
Ottawa,Zone 1 - Downtown,studio,fixed_sample_rent_change_pct,2018,2019,9.0,c,ok,1.1.5,rmr-ottawa-2019-en.xlsx,zone
Ottawa,Former City of Ottawa (Zones 1-9),studio,fixed_sample_rent_change_pct,2018,2019,5.4,b,ok,1.1.5,rmr-ottawa-2019-en.xlsx,submarket
Ottawa,Ottawa CMA,studio,fixed_sample_rent_change_pct,2018,2019,5.2,b,ok,1.1.5,rmr-ottawa-2019-en.xlsx,cma
Ottawa,Zone 1 - Downtown,studio,fixed_sample_rent_change_pct,2019,2019,,,suppressed,1.1.5,rmr-ottawa-2019-en.xlsx,zone
Ottawa,Former City of Ottawa (Zones 1-9),studio,fixed_sample_rent_change_pct,2019,2019,6.4,b,ok,1.1.5,rmr-ottawa-2019-en.xlsx,submarket
Ottawa,Ottawa CMA,studio,fixed_sample_rent_change_pct,2019,2019,6.8,b,ok,1.1.5,rmr-ottawa-2019-en.xlsx,cma
Ottawa,Zone 1 - Downtown,1,fixed_sample_rent_change_pct,2018,2019,9.2,b,ok,1.1.5,rmr-ottawa-2019-en.xlsx,zone
Ottawa,Former City of Ottawa (Zones 1-9),1,fixed_sample_rent_change_pct,2018,2019,6.5,a,ok,1.1.5,rmr-ottawa-2019-en.xlsx,submarket
Ottawa,Ottawa CMA,1,fixed_sample_rent_change_pct,2018,2019,5.9,a,ok,1.1.5,rmr-ottawa-2019-en.xlsx,cma
Ottawa,Zone 1 - Downtown,1,fixed_sample_rent_change_pct,2019,2019,9.4,c,ok,1.1.5,rmr-ottawa-2019-en.xlsx,zone
Ottawa,Former City of Ottawa (Zones 1-9),1,fixed_sample_rent_change_pct,2019,2019,8.2,b,ok,1.1.5,rmr-ottawa-2019-en.xlsx,submarket
Ottawa,Ottawa CMA,1,fixed_sample_rent_change_pct,2019,2019,8.1,a,ok,1.1.5,rmr-ottawa-2019-en.xlsx,cma
Ottawa,Zone 1 - Downtown,2,fixed_sample_rent_change_pct,2018,2019,8.1,c,ok,1.1.5,rmr-ottawa-2019-en.xlsx,zone
Ottawa,Former City of Ottawa (Zones 1-9),2,fixed_sample_rent_change_pct,2018,2019,6.1,b,ok,1.1.5,rmr-ottawa-2019-en.xlsx,submarket
Ottawa,Ottawa CMA,2,fixed_sample_rent_change_pct,2018,2019,5.8,b,ok,1.1.5,rmr-ottawa-2019-en.xlsx,cma
Ottawa,Zone 1 - Downtown,2,fixed_sample_rent_change_pct,2019,2019,10.3,d,ok,1.1.5,rmr-ottawa-2019-en.xlsx,zone
Ottawa,Former City of Ottawa (Zones 1-9),2,fixed_sample_rent_change_pct,2019,2019,8.0,b,ok,1.1.5,rmr-ottawa-2019-en.xlsx,submarket
Ottawa,Ottawa CMA,2,fixed_sample_rent_change_pct,2019,2019,8.0,a,ok,1.1.5,rmr-ottawa-2019-en.xlsx,cma
Ottawa,Zone 1 - Downtown,3+,fixed_sample_rent_change_pct,2018,2019,,,not_significant,1.1.5,rmr-ottawa-2019-en.xlsx,zone
Ottawa,Former City of Ottawa (Zones 1-9),3+,fixed_sample_rent_change_pct,2018,2019,,,suppressed,1.1.5,rmr-ottawa-2019-en.xlsx,submarket
Ottawa,Ottawa CMA,3+,fixed_sample_rent_change_pct,2018,2019,,,suppressed,1.1.5,rmr-ottawa-2019-en.xlsx,cma
Ottawa,Zone 1 - Downtown,3+,fixed_sample_rent_change_pct,2019,2019,,,suppressed,1.1.5,rmr-ottawa-2019-en.xlsx,zone
Ottawa,Former City of Ottawa (Zones 1-9),3+,fixed_sample_rent_change_pct,2019,2019,5.7,c,ok,1.1.5,rmr-ottawa-2019-en.xlsx,submarket
Ottawa,Ottawa CMA,3+,fixed_sample_rent_change_pct,2019,2019,5.6,b,ok,1.1.5,rmr-ottawa-2019-en.xlsx,cma
Ottawa,Zone 1 - Downtown,total,fixed_sample_rent_change_pct,2018,2019,9.4,b,ok,1.1.5,rmr-ottawa-2019-en.xlsx,zone
Ottawa,Former City of Ottawa (Zones 1-9),total,fixed_sample_rent_change_pct,2018,2019,6.1,a,ok,1.1.5,rmr-ottawa-2019-en.xlsx,submarket
Ottawa,Ottawa CMA,total,fixed_sample_rent_change_pct,2018,2019,5.6,a,ok,1.1.5,rmr-ottawa-2019-en.xlsx,cma
Ottawa,Zone 1 - Downtown,total,fixed_sample_rent_change_pct,2019,2019,8.9,c,ok,1.1.5,rmr-ottawa-2019-en.xlsx,zone
Ottawa,Former City of Ottawa (Zones 1-9),total,fixed_sample_rent_change_pct,2019,2019,8.0,a,ok,1.1.5,rmr-ottawa-2019-en.xlsx,submarket
Ottawa,Ottawa CMA,total,fixed_sample_rent_change_pct,2019,2019,8.2,a,ok,1.1.5,rmr-ottawa-2019-en.xlsx,cma
Ottawa,Zone 1 - Downtown,studio,turnover_rate_pct,2018,2019,21.7,d,ok,1.1.6,rmr-ottawa-2019-en.xlsx,zone
Ottawa,Former City of Ottawa (Zones 1-9),studio,turnover_rate_pct,2018,2019,23.7,a,ok,1.1.6,rmr-ottawa-2019-en.xlsx,submarket
Ottawa,Ottawa CMA,studio,turnover_rate_pct,2018,2019,24.0,d,ok,1.1.6,rmr-ottawa-2019-en.xlsx,cma
Ottawa,Zone 1 - Downtown,studio,turnover_rate_pct,2019,2019,19.9,d,ok,1.1.6,rmr-ottawa-2019-en.xlsx,zone
Ottawa,Former City of Ottawa (Zones 1-9),studio,turnover_rate_pct,2019,2019,20.1,a,ok,1.1.6,rmr-ottawa-2019-en.xlsx,submarket
Ottawa,Ottawa CMA,studio,turnover_rate_pct,2019,2019,20.7,a,ok,1.1.6,rmr-ottawa-2019-en.xlsx,cma
Ottawa,Zone 1 - Downtown,1,turnover_rate_pct,2018,2019,19.7,a,ok,1.1.6,rmr-ottawa-2019-en.xlsx,zone
Ottawa,Former City of Ottawa (Zones 1-9),1,turnover_rate_pct,2018,2019,20.0,a,ok,1.1.6,rmr-ottawa-2019-en.xlsx,submarket
Ottawa,Ottawa CMA,1,turnover_rate_pct,2018,2019,20.3,a,ok,1.1.6,rmr-ottawa-2019-en.xlsx,cma
Ottawa,Zone 1 - Downtown,1,turnover_rate_pct,2019,2019,17.5,d,ok,1.1.6,rmr-ottawa-2019-en.xlsx,zone
Ottawa,Former City of Ottawa (Zones 1-9),1,turnover_rate_pct,2019,2019,17.4,a,ok,1.1.6,rmr-ottawa-2019-en.xlsx,submarket
Ottawa,Ottawa CMA,1,turnover_rate_pct,2019,2019,17.8,a,ok,1.1.6,rmr-ottawa-2019-en.xlsx,cma
Ottawa,Zone 1 - Downtown,2,turnover_rate_pct,2018,2019,16.3,d,ok,1.1.6,rmr-ottawa-2019-en.xlsx,zone
Ottawa,Former City of Ottawa (Zones 1-9),2,turnover_rate_pct,2018,2019,19.9,a,ok,1.1.6,rmr-ottawa-2019-en.xlsx,submarket
Ottawa,Ottawa CMA,2,turnover_rate_pct,2018,2019,18.8,a,ok,1.1.6,rmr-ottawa-2019-en.xlsx,cma
Ottawa,Zone 1 - Downtown,2,turnover_rate_pct,2019,2019,14.4,c,ok,1.1.6,rmr-ottawa-2019-en.xlsx,zone
Ottawa,Former City of Ottawa (Zones 1-9),2,turnover_rate_pct,2019,2019,17.0,a,ok,1.1.6,rmr-ottawa-2019-en.xlsx,submarket
Ottawa,Ottawa CMA,2,turnover_rate_pct,2019,2019,17.1,a,ok,1.1.6,rmr-ottawa-2019-en.xlsx,cma
Ottawa,Zone 1 - Downtown,3+,turnover_rate_pct,2018,2019,,,suppressed,1.1.6,rmr-ottawa-2019-en.xlsx,zone
Ottawa,Former City of Ottawa (Zones 1-9),3+,turnover_rate_pct,2018,2019,22.1,d,ok,1.1.6,rmr-ottawa-2019-en.xlsx,submarket
Ottawa,Ottawa CMA,3+,turnover_rate_pct,2018,2019,26.4,d,ok,1.1.6,rmr-ottawa-2019-en.xlsx,cma
Ottawa,Zone 1 - Downtown,3+,turnover_rate_pct,2019,2019,,,suppressed,1.1.6,rmr-ottawa-2019-en.xlsx,zone
Ottawa,Former City of Ottawa (Zones 1-9),3+,turnover_rate_pct,2019,2019,16.8,d,ok,1.1.6,rmr-ottawa-2019-en.xlsx,submarket
Ottawa,Ottawa CMA,3+,turnover_rate_pct,2019,2019,,,suppressed,1.1.6,rmr-ottawa-2019-en.xlsx,cma
Ottawa,Zone 1 - Downtown,total,turnover_rate_pct,2018,2019,19.2,a,ok,1.1.6,rmr-ottawa-2019-en.xlsx,zone
Ottawa,Former City of Ottawa (Zones 1-9),total,turnover_rate_pct,2018,2019,20.4,a,ok,1.1.6,rmr-ottawa-2019-en.xlsx,submarket
Ottawa,Ottawa CMA,total,turnover_rate_pct,2018,2019,20.3,a,ok,1.1.6,rmr-ottawa-2019-en.xlsx,cma
Ottawa,Zone 1 - Downtown,total,turnover_rate_pct,2019,2019,17.1,d,ok,1.1.6,rmr-ottawa-2019-en.xlsx,zone
Ottawa,Former City of Ottawa (Zones 1-9),total,turnover_rate_pct,2019,2019,17.5,a,ok,1.1.6,rmr-ottawa-2019-en.xlsx,submarket
Ottawa,Ottawa CMA,total,turnover_rate_pct,2019,2019,17.9,a,ok,1.1.6,rmr-ottawa-2019-en.xlsx,cma
Ottawa,Zone 1 - Downtown,studio,vacancy_rate_pct,2019,2020,2.6,c,ok,1.1.1,rmr-ottawa-2020-en.xlsx,zone
Ottawa,Former City of Ottawa (Zones 1-9),studio,vacancy_rate_pct,2019,2020,2.2,b,ok,1.1.1,rmr-ottawa-2020-en.xlsx,submarket
Ottawa,Ottawa CMA,studio,vacancy_rate_pct,2019,2020,2.2,a,ok,1.1.1,rmr-ottawa-2020-en.xlsx,cma
Ottawa,Zone 1 - Downtown,studio,vacancy_rate_pct,2020,2020,3.6,d,ok,1.1.1,rmr-ottawa-2020-en.xlsx,zone
Ottawa,Former City of Ottawa (Zones 1-9),studio,vacancy_rate_pct,2020,2020,3.3,b,ok,1.1.1,rmr-ottawa-2020-en.xlsx,submarket
Ottawa,Ottawa CMA,studio,vacancy_rate_pct,2020,2020,3.1,b,ok,1.1.1,rmr-ottawa-2020-en.xlsx,cma
Ottawa,Zone 1 - Downtown,1,vacancy_rate_pct,2019,2020,2.4,b,ok,1.1.1,rmr-ottawa-2020-en.xlsx,zone
Ottawa,Former City of Ottawa (Zones 1-9),1,vacancy_rate_pct,2019,2020,1.7,a,ok,1.1.1,rmr-ottawa-2020-en.xlsx,submarket
Ottawa,Ottawa CMA,1,vacancy_rate_pct,2019,2020,1.7,a,ok,1.1.1,rmr-ottawa-2020-en.xlsx,cma
Ottawa,Zone 1 - Downtown,1,vacancy_rate_pct,2020,2020,6.5,c,ok,1.1.1,rmr-ottawa-2020-en.xlsx,zone
Ottawa,Former City of Ottawa (Zones 1-9),1,vacancy_rate_pct,2020,2020,4.1,a,ok,1.1.1,rmr-ottawa-2020-en.xlsx,submarket
Ottawa,Ottawa CMA,1,vacancy_rate_pct,2020,2020,3.9,a,ok,1.1.1,rmr-ottawa-2020-en.xlsx,cma
Ottawa,Zone 1 - Downtown,2,vacancy_rate_pct,2019,2020,3.4,c,ok,1.1.1,rmr-ottawa-2020-en.xlsx,zone
Ottawa,Former City of Ottawa (Zones 1-9),2,vacancy_rate_pct,2019,2020,1.8,a,ok,1.1.1,rmr-ottawa-2020-en.xlsx,submarket
Ottawa,Ottawa CMA,2,vacancy_rate_pct,2019,2020,1.9,a,ok,1.1.1,rmr-ottawa-2020-en.xlsx,cma
Ottawa,Zone 1 - Downtown,2,vacancy_rate_pct,2020,2020,2.8,b,ok,1.1.1,rmr-ottawa-2020-en.xlsx,zone
Ottawa,Former City of Ottawa (Zones 1-9),2,vacancy_rate_pct,2020,2020,4.2,c,ok,1.1.1,rmr-ottawa-2020-en.xlsx,submarket
Ottawa,Ottawa CMA,2,vacancy_rate_pct,2020,2020,3.7,b,ok,1.1.1,rmr-ottawa-2020-en.xlsx,cma
Ottawa,Zone 1 - Downtown,3+,vacancy_rate_pct,2019,2020,,,suppressed,1.1.1,rmr-ottawa-2020-en.xlsx,zone
Ottawa,Former City of Ottawa (Zones 1-9),3+,vacancy_rate_pct,2019,2020,1.7,c,ok,1.1.1,rmr-ottawa-2020-en.xlsx,submarket
Ottawa,Ottawa CMA,3+,vacancy_rate_pct,2019,2020,1.9,b,ok,1.1.1,rmr-ottawa-2020-en.xlsx,cma
Ottawa,Zone 1 - Downtown,3+,vacancy_rate_pct,2020,2020,,,suppressed,1.1.1,rmr-ottawa-2020-en.xlsx,zone
Ottawa,Former City of Ottawa (Zones 1-9),3+,vacancy_rate_pct,2020,2020,3.9,c,ok,1.1.1,rmr-ottawa-2020-en.xlsx,submarket
Ottawa,Ottawa CMA,3+,vacancy_rate_pct,2020,2020,,,suppressed,1.1.1,rmr-ottawa-2020-en.xlsx,cma
Ottawa,Zone 1 - Downtown,total,vacancy_rate_pct,2019,2020,2.6,a,ok,1.1.1,rmr-ottawa-2020-en.xlsx,zone
Ottawa,Former City of Ottawa (Zones 1-9),total,vacancy_rate_pct,2019,2020,1.8,a,ok,1.1.1,rmr-ottawa-2020-en.xlsx,submarket
Ottawa,Ottawa CMA,total,vacancy_rate_pct,2019,2020,1.8,a,ok,1.1.1,rmr-ottawa-2020-en.xlsx,cma
Ottawa,Zone 1 - Downtown,total,vacancy_rate_pct,2020,2020,5.3,b,ok,1.1.1,rmr-ottawa-2020-en.xlsx,zone
Ottawa,Former City of Ottawa (Zones 1-9),total,vacancy_rate_pct,2020,2020,4.0,b,ok,1.1.1,rmr-ottawa-2020-en.xlsx,submarket
Ottawa,Ottawa CMA,total,vacancy_rate_pct,2020,2020,3.9,b,ok,1.1.1,rmr-ottawa-2020-en.xlsx,cma
Ottawa,Zone 1 - Downtown,studio,average_rent,2019,2020,932.0,a,ok,1.1.2,rmr-ottawa-2020-en.xlsx,zone
Ottawa,Former City of Ottawa (Zones 1-9),studio,average_rent,2019,2020,934.0,a,ok,1.1.2,rmr-ottawa-2020-en.xlsx,submarket
Ottawa,Ottawa CMA,studio,average_rent,2019,2020,933.0,a,ok,1.1.2,rmr-ottawa-2020-en.xlsx,cma
Ottawa,Zone 1 - Downtown,studio,average_rent,2020,2020,1037.0,a,ok,1.1.2,rmr-ottawa-2020-en.xlsx,zone
Ottawa,Former City of Ottawa (Zones 1-9),studio,average_rent,2020,2020,1000.0,a,ok,1.1.2,rmr-ottawa-2020-en.xlsx,submarket
Ottawa,Ottawa CMA,studio,average_rent,2020,2020,1000.0,a,ok,1.1.2,rmr-ottawa-2020-en.xlsx,cma
Ottawa,Zone 1 - Downtown,1,average_rent,2019,2020,1245.0,a,ok,1.1.2,rmr-ottawa-2020-en.xlsx,zone
Ottawa,Former City of Ottawa (Zones 1-9),1,average_rent,2019,2020,1177.0,a,ok,1.1.2,rmr-ottawa-2020-en.xlsx,submarket
Ottawa,Ottawa CMA,1,average_rent,2019,2020,1178.0,a,ok,1.1.2,rmr-ottawa-2020-en.xlsx,cma
Ottawa,Zone 1 - Downtown,1,average_rent,2020,2020,1284.0,a,ok,1.1.2,rmr-ottawa-2020-en.xlsx,zone
Ottawa,Former City of Ottawa (Zones 1-9),1,average_rent,2020,2020,1235.0,a,ok,1.1.2,rmr-ottawa-2020-en.xlsx,submarket
Ottawa,Ottawa CMA,1,average_rent,2020,2020,1244.0,a,ok,1.1.2,rmr-ottawa-2020-en.xlsx,cma
Ottawa,Zone 1 - Downtown,2,average_rent,2019,2020,1720.0,b,ok,1.1.2,rmr-ottawa-2020-en.xlsx,zone
Ottawa,Former City of Ottawa (Zones 1-9),2,average_rent,2019,2020,1438.0,a,ok,1.1.2,rmr-ottawa-2020-en.xlsx,submarket
Ottawa,Ottawa CMA,2,average_rent,2019,2020,1410.0,a,ok,1.1.2,rmr-ottawa-2020-en.xlsx,cma
Ottawa,Zone 1 - Downtown,2,average_rent,2020,2020,1646.0,a,ok,1.1.2,rmr-ottawa-2020-en.xlsx,zone
Ottawa,Former City of Ottawa (Zones 1-9),2,average_rent,2020,2020,1521.0,a,ok,1.1.2,rmr-ottawa-2020-en.xlsx,submarket
Ottawa,Ottawa CMA,2,average_rent,2020,2020,1517.0,a,ok,1.1.2,rmr-ottawa-2020-en.xlsx,cma
Ottawa,Zone 1 - Downtown,3+,average_rent,2019,2020,1668.0,b,ok,1.1.2,rmr-ottawa-2020-en.xlsx,zone
Ottawa,Former City of Ottawa (Zones 1-9),3+,average_rent,2019,2020,1957.0,b,ok,1.1.2,rmr-ottawa-2020-en.xlsx,submarket
Ottawa,Ottawa CMA,3+,average_rent,2019,2020,1819.0,b,ok,1.1.2,rmr-ottawa-2020-en.xlsx,cma
Ottawa,Zone 1 - Downtown,3+,average_rent,2020,2020,1825.0,b,ok,1.1.2,rmr-ottawa-2020-en.xlsx,zone
Ottawa,Former City of Ottawa (Zones 1-9),3+,average_rent,2020,2020,1948.0,b,ok,1.1.2,rmr-ottawa-2020-en.xlsx,submarket
Ottawa,Ottawa CMA,3+,average_rent,2020,2020,1851.0,b,ok,1.1.2,rmr-ottawa-2020-en.xlsx,cma
Ottawa,Zone 1 - Downtown,total,average_rent,2019,2020,1336.0,a,ok,1.1.2,rmr-ottawa-2020-en.xlsx,zone
Ottawa,Former City of Ottawa (Zones 1-9),total,average_rent,2019,2020,1284.0,a,ok,1.1.2,rmr-ottawa-2020-en.xlsx,submarket
Ottawa,Ottawa CMA,total,average_rent,2019,2020,1281.0,a,ok,1.1.2,rmr-ottawa-2020-en.xlsx,cma
Ottawa,Zone 1 - Downtown,total,average_rent,2020,2020,1339.0,a,ok,1.1.2,rmr-ottawa-2020-en.xlsx,zone
Ottawa,Former City of Ottawa (Zones 1-9),total,average_rent,2020,2020,1340.0,a,ok,1.1.2,rmr-ottawa-2020-en.xlsx,submarket
Ottawa,Ottawa CMA,total,average_rent,2020,2020,1358.0,a,ok,1.1.2,rmr-ottawa-2020-en.xlsx,cma
Ottawa,Zone 1 - Downtown,studio,fixed_sample_rent_change_pct,2019,2020,,,suppressed,1.1.5,rmr-ottawa-2020-en.xlsx,zone
Ottawa,Former City of Ottawa (Zones 1-9),studio,fixed_sample_rent_change_pct,2019,2020,6.4,b,ok,1.1.5,rmr-ottawa-2020-en.xlsx,submarket
Ottawa,Ottawa CMA,studio,fixed_sample_rent_change_pct,2019,2020,6.8,b,ok,1.1.5,rmr-ottawa-2020-en.xlsx,cma
Ottawa,Zone 1 - Downtown,studio,fixed_sample_rent_change_pct,2020,2020,,,suppressed,1.1.5,rmr-ottawa-2020-en.xlsx,zone
Ottawa,Former City of Ottawa (Zones 1-9),studio,fixed_sample_rent_change_pct,2020,2020,7.7,c,ok,1.1.5,rmr-ottawa-2020-en.xlsx,submarket
Ottawa,Ottawa CMA,studio,fixed_sample_rent_change_pct,2020,2020,7.2,c,ok,1.1.5,rmr-ottawa-2020-en.xlsx,cma
Ottawa,Zone 1 - Downtown,1,fixed_sample_rent_change_pct,2019,2020,,,suppressed,1.1.5,rmr-ottawa-2020-en.xlsx,zone
Ottawa,Former City of Ottawa (Zones 1-9),1,fixed_sample_rent_change_pct,2019,2020,8.2,b,ok,1.1.5,rmr-ottawa-2020-en.xlsx,submarket
Ottawa,Ottawa CMA,1,fixed_sample_rent_change_pct,2019,2020,8.1,a,ok,1.1.5,rmr-ottawa-2020-en.xlsx,cma
Ottawa,Zone 1 - Downtown,1,fixed_sample_rent_change_pct,2020,2020,4.9,d,ok,1.1.5,rmr-ottawa-2020-en.xlsx,zone
Ottawa,Former City of Ottawa (Zones 1-9),1,fixed_sample_rent_change_pct,2020,2020,5.8,b,ok,1.1.5,rmr-ottawa-2020-en.xlsx,submarket
Ottawa,Ottawa CMA,1,fixed_sample_rent_change_pct,2020,2020,5.4,b,ok,1.1.5,rmr-ottawa-2020-en.xlsx,cma
Ottawa,Zone 1 - Downtown,2,fixed_sample_rent_change_pct,2019,2020,,,suppressed,1.1.5,rmr-ottawa-2020-en.xlsx,zone
Ottawa,Former City of Ottawa (Zones 1-9),2,fixed_sample_rent_change_pct,2019,2020,8.0,b,ok,1.1.5,rmr-ottawa-2020-en.xlsx,submarket
Ottawa,Ottawa CMA,2,fixed_sample_rent_change_pct,2019,2020,8.0,a,ok,1.1.5,rmr-ottawa-2020-en.xlsx,cma
Ottawa,Zone 1 - Downtown,2,fixed_sample_rent_change_pct,2020,2020,4.6,d,ok,1.1.5,rmr-ottawa-2020-en.xlsx,zone
Ottawa,Former City of Ottawa (Zones 1-9),2,fixed_sample_rent_change_pct,2020,2020,5.5,b,ok,1.1.5,rmr-ottawa-2020-en.xlsx,submarket
Ottawa,Ottawa CMA,2,fixed_sample_rent_change_pct,2020,2020,5.2,b,ok,1.1.5,rmr-ottawa-2020-en.xlsx,cma
Ottawa,Zone 1 - Downtown,3+,fixed_sample_rent_change_pct,2019,2020,,,suppressed,1.1.5,rmr-ottawa-2020-en.xlsx,zone
Ottawa,Former City of Ottawa (Zones 1-9),3+,fixed_sample_rent_change_pct,2019,2020,5.7,c,ok,1.1.5,rmr-ottawa-2020-en.xlsx,submarket
Ottawa,Ottawa CMA,3+,fixed_sample_rent_change_pct,2019,2020,5.6,b,ok,1.1.5,rmr-ottawa-2020-en.xlsx,cma
Ottawa,Zone 1 - Downtown,3+,fixed_sample_rent_change_pct,2020,2020,,,not_significant,1.1.5,rmr-ottawa-2020-en.xlsx,zone
Ottawa,Former City of Ottawa (Zones 1-9),3+,fixed_sample_rent_change_pct,2020,2020,2.8,c,ok,1.1.5,rmr-ottawa-2020-en.xlsx,submarket
Ottawa,Ottawa CMA,3+,fixed_sample_rent_change_pct,2020,2020,2.5,b,ok,1.1.5,rmr-ottawa-2020-en.xlsx,cma
Ottawa,Zone 1 - Downtown,total,fixed_sample_rent_change_pct,2019,2020,8.1,c,ok,1.1.5,rmr-ottawa-2020-en.xlsx,zone
Ottawa,Former City of Ottawa (Zones 1-9),total,fixed_sample_rent_change_pct,2019,2020,8.0,b,ok,1.1.5,rmr-ottawa-2020-en.xlsx,submarket
Ottawa,Ottawa CMA,total,fixed_sample_rent_change_pct,2019,2020,8.2,a,ok,1.1.5,rmr-ottawa-2020-en.xlsx,cma
Ottawa,Zone 1 - Downtown,total,fixed_sample_rent_change_pct,2020,2020,4.2,d,ok,1.1.5,rmr-ottawa-2020-en.xlsx,zone
Ottawa,Former City of Ottawa (Zones 1-9),total,fixed_sample_rent_change_pct,2020,2020,4.9,b,ok,1.1.5,rmr-ottawa-2020-en.xlsx,submarket
Ottawa,Ottawa CMA,total,fixed_sample_rent_change_pct,2020,2020,4.5,a,ok,1.1.5,rmr-ottawa-2020-en.xlsx,cma
Ottawa,Zone 1 - Downtown,studio,turnover_rate_pct,2019,2020,19.9,d,ok,1.1.6,rmr-ottawa-2020-en.xlsx,zone
Ottawa,Former City of Ottawa (Zones 1-9),studio,turnover_rate_pct,2019,2020,19.8,a,ok,1.1.6,rmr-ottawa-2020-en.xlsx,submarket
Ottawa,Ottawa CMA,studio,turnover_rate_pct,2019,2020,20.7,a,ok,1.1.6,rmr-ottawa-2020-en.xlsx,cma
Ottawa,Zone 1 - Downtown,studio,turnover_rate_pct,2020,2020,11.2,d,ok,1.1.6,rmr-ottawa-2020-en.xlsx,zone
Ottawa,Former City of Ottawa (Zones 1-9),studio,turnover_rate_pct,2020,2020,15.7,d,ok,1.1.6,rmr-ottawa-2020-en.xlsx,submarket
Ottawa,Ottawa CMA,studio,turnover_rate_pct,2020,2020,18.3,d,ok,1.1.6,rmr-ottawa-2020-en.xlsx,cma
Ottawa,Zone 1 - Downtown,1,turnover_rate_pct,2019,2020,17.4,d,ok,1.1.6,rmr-ottawa-2020-en.xlsx,zone
Ottawa,Former City of Ottawa (Zones 1-9),1,turnover_rate_pct,2019,2020,17.3,a,ok,1.1.6,rmr-ottawa-2020-en.xlsx,submarket
Ottawa,Ottawa CMA,1,turnover_rate_pct,2019,2020,17.8,a,ok,1.1.6,rmr-ottawa-2020-en.xlsx,cma
Ottawa,Zone 1 - Downtown,1,turnover_rate_pct,2020,2020,15.2,d,ok,1.1.6,rmr-ottawa-2020-en.xlsx,zone
Ottawa,Former City of Ottawa (Zones 1-9),1,turnover_rate_pct,2020,2020,12.3,a,ok,1.1.6,rmr-ottawa-2020-en.xlsx,submarket
Ottawa,Ottawa CMA,1,turnover_rate_pct,2020,2020,16.7,a,ok,1.1.6,rmr-ottawa-2020-en.xlsx,cma
Ottawa,Zone 1 - Downtown,2,turnover_rate_pct,2019,2020,14.4,c,ok,1.1.6,rmr-ottawa-2020-en.xlsx,zone
Ottawa,Former City of Ottawa (Zones 1-9),2,turnover_rate_pct,2019,2020,16.9,a,ok,1.1.6,rmr-ottawa-2020-en.xlsx,submarket
Ottawa,Ottawa CMA,2,turnover_rate_pct,2019,2020,17.1,a,ok,1.1.6,rmr-ottawa-2020-en.xlsx,cma
Ottawa,Zone 1 - Downtown,2,turnover_rate_pct,2020,2020,12.1,d,ok,1.1.6,rmr-ottawa-2020-en.xlsx,zone
Ottawa,Former City of Ottawa (Zones 1-9),2,turnover_rate_pct,2020,2020,13.8,a,ok,1.1.6,rmr-ottawa-2020-en.xlsx,submarket
Ottawa,Ottawa CMA,2,turnover_rate_pct,2020,2020,18.8,d,ok,1.1.6,rmr-ottawa-2020-en.xlsx,cma
Ottawa,Zone 1 - Downtown,3+,turnover_rate_pct,2019,2020,,,suppressed,1.1.6,rmr-ottawa-2020-en.xlsx,zone
Ottawa,Former City of Ottawa (Zones 1-9),3+,turnover_rate_pct,2019,2020,17.0,d,ok,1.1.6,rmr-ottawa-2020-en.xlsx,submarket
Ottawa,Ottawa CMA,3+,turnover_rate_pct,2019,2020,,,suppressed,1.1.6,rmr-ottawa-2020-en.xlsx,cma
Ottawa,Zone 1 - Downtown,3+,turnover_rate_pct,2020,2020,,,suppressed,1.1.6,rmr-ottawa-2020-en.xlsx,zone
Ottawa,Former City of Ottawa (Zones 1-9),3+,turnover_rate_pct,2020,2020,,,suppressed,1.1.6,rmr-ottawa-2020-en.xlsx,submarket
Ottawa,Ottawa CMA,3+,turnover_rate_pct,2020,2020,,,suppressed,1.1.6,rmr-ottawa-2020-en.xlsx,cma
Ottawa,Zone 1 - Downtown,total,turnover_rate_pct,2019,2020,17.0,a,ok,1.1.6,rmr-ottawa-2020-en.xlsx,zone
Ottawa,Former City of Ottawa (Zones 1-9),total,turnover_rate_pct,2019,2020,17.4,a,ok,1.1.6,rmr-ottawa-2020-en.xlsx,submarket
Ottawa,Ottawa CMA,total,turnover_rate_pct,2019,2020,17.9,a,ok,1.1.6,rmr-ottawa-2020-en.xlsx,cma
Ottawa,Zone 1 - Downtown,total,turnover_rate_pct,2020,2020,14.2,c,ok,1.1.6,rmr-ottawa-2020-en.xlsx,zone
Ottawa,Former City of Ottawa (Zones 1-9),total,turnover_rate_pct,2020,2020,13.3,a,ok,1.1.6,rmr-ottawa-2020-en.xlsx,submarket
Ottawa,Ottawa CMA,total,turnover_rate_pct,2020,2020,17.9,a,ok,1.1.6,rmr-ottawa-2020-en.xlsx,cma
Ottawa,Zone 1 - Downtown,studio,vacant_unit_rent,2020,2020,1021.0,b,ok,1.1.9,rmr-ottawa-2020-en.xlsx,zone
Ottawa,Former City of Ottawa (Zones 1-9),studio,vacant_unit_rent,2020,2020,1124.0,a,ok,1.1.9,rmr-ottawa-2020-en.xlsx,submarket
Ottawa,Ottawa CMA,studio,vacant_unit_rent,2020,2020,1121.0,a,ok,1.1.9,rmr-ottawa-2020-en.xlsx,cma
Ottawa,Zone 1 - Downtown,studio,occupied_unit_rent,2020,2020,1037.0,a,ok,1.1.9,rmr-ottawa-2020-en.xlsx,zone
Ottawa,Former City of Ottawa (Zones 1-9),studio,occupied_unit_rent,2020,2020,996.0,a,ok,1.1.9,rmr-ottawa-2020-en.xlsx,submarket
Ottawa,Ottawa CMA,studio,occupied_unit_rent,2020,2020,996.0,a,ok,1.1.9,rmr-ottawa-2020-en.xlsx,cma
Ottawa,Zone 1 - Downtown,1,vacant_unit_rent,2020,2020,1315.0,b,ok,1.1.9,rmr-ottawa-2020-en.xlsx,zone
Ottawa,Former City of Ottawa (Zones 1-9),1,vacant_unit_rent,2020,2020,1384.0,a,ok,1.1.9,rmr-ottawa-2020-en.xlsx,submarket
Ottawa,Ottawa CMA,1,vacant_unit_rent,2020,2020,1381.0,a,ok,1.1.9,rmr-ottawa-2020-en.xlsx,cma
Ottawa,Zone 1 - Downtown,1,occupied_unit_rent,2020,2020,1282.0,a,ok,1.1.9,rmr-ottawa-2020-en.xlsx,zone
Ottawa,Former City of Ottawa (Zones 1-9),1,occupied_unit_rent,2020,2020,1229.0,a,ok,1.1.9,rmr-ottawa-2020-en.xlsx,submarket
Ottawa,Ottawa CMA,1,occupied_unit_rent,2020,2020,1238.0,a,ok,1.1.9,rmr-ottawa-2020-en.xlsx,cma
Ottawa,Zone 1 - Downtown,2,vacant_unit_rent,2020,2020,1625.0,b,ok,1.1.9,rmr-ottawa-2020-en.xlsx,zone
Ottawa,Former City of Ottawa (Zones 1-9),2,vacant_unit_rent,2020,2020,1905.0,b,ok,1.1.9,rmr-ottawa-2020-en.xlsx,submarket
Ottawa,Ottawa CMA,2,vacant_unit_rent,2020,2020,1931.0,b,ok,1.1.9,rmr-ottawa-2020-en.xlsx,cma
Ottawa,Zone 1 - Downtown,2,occupied_unit_rent,2020,2020,1647.0,a,ok,1.1.9,rmr-ottawa-2020-en.xlsx,zone
Ottawa,Former City of Ottawa (Zones 1-9),2,occupied_unit_rent,2020,2020,1504.0,a,ok,1.1.9,rmr-ottawa-2020-en.xlsx,submarket
Ottawa,Ottawa CMA,2,occupied_unit_rent,2020,2020,1502.0,a,ok,1.1.9,rmr-ottawa-2020-en.xlsx,cma
Ottawa,Zone 1 - Downtown,3+,vacant_unit_rent,2020,2020,1967.0,b,ok,1.1.9,rmr-ottawa-2020-en.xlsx,zone
Ottawa,Former City of Ottawa (Zones 1-9),3+,vacant_unit_rent,2020,2020,1990.0,b,ok,1.1.9,rmr-ottawa-2020-en.xlsx,submarket
Ottawa,Ottawa CMA,3+,vacant_unit_rent,2020,2020,1976.0,b,ok,1.1.9,rmr-ottawa-2020-en.xlsx,cma
Ottawa,Zone 1 - Downtown,3+,occupied_unit_rent,2020,2020,1813.0,b,ok,1.1.9,rmr-ottawa-2020-en.xlsx,zone
Ottawa,Former City of Ottawa (Zones 1-9),3+,occupied_unit_rent,2020,2020,1947.0,b,ok,1.1.9,rmr-ottawa-2020-en.xlsx,submarket
Ottawa,Ottawa CMA,3+,occupied_unit_rent,2020,2020,1842.0,b,ok,1.1.9,rmr-ottawa-2020-en.xlsx,cma
Ottawa,Zone 1 - Downtown,total,vacant_unit_rent,2020,2020,1349.0,b,ok,1.1.9,rmr-ottawa-2020-en.xlsx,zone
Ottawa,Former City of Ottawa (Zones 1-9),total,vacant_unit_rent,2020,2020,1578.0,b,ok,1.1.9,rmr-ottawa-2020-en.xlsx,submarket
Ottawa,Ottawa CMA,total,vacant_unit_rent,2020,2020,1617.0,a,ok,1.1.9,rmr-ottawa-2020-en.xlsx,cma
Ottawa,Zone 1 - Downtown,total,occupied_unit_rent,2020,2020,1338.0,a,ok,1.1.9,rmr-ottawa-2020-en.xlsx,zone
Ottawa,Former City of Ottawa (Zones 1-9),total,occupied_unit_rent,2020,2020,1330.0,a,ok,1.1.9,rmr-ottawa-2020-en.xlsx,submarket
Ottawa,Ottawa CMA,total,occupied_unit_rent,2020,2020,1347.0,a,ok,1.1.9,rmr-ottawa-2020-en.xlsx,cma
Ottawa,Zone 1 - Downtown,studio,vacancy_rate_pct,2020,2021,3.6,d,ok,1.1.1,rmr-ottawa-2021-en.xlsx,zone
Ottawa,Former City of Ottawa (Zones 1-9),studio,vacancy_rate_pct,2020,2021,3.3,b,ok,1.1.1,rmr-ottawa-2021-en.xlsx,submarket
Ottawa,Ottawa CMA,studio,vacancy_rate_pct,2020,2021,3.1,b,ok,1.1.1,rmr-ottawa-2021-en.xlsx,cma
Ottawa,Zone 1 - Downtown,studio,vacancy_rate_pct,2021,2021,3.6,d,ok,1.1.1,rmr-ottawa-2021-en.xlsx,zone
Ottawa,Former City of Ottawa (Zones 1-9),studio,vacancy_rate_pct,2021,2021,2.8,b,ok,1.1.1,rmr-ottawa-2021-en.xlsx,submarket
Ottawa,Ottawa CMA,studio,vacancy_rate_pct,2021,2021,2.8,b,ok,1.1.1,rmr-ottawa-2021-en.xlsx,cma
Ottawa,Zone 1 - Downtown,1,vacancy_rate_pct,2020,2021,6.5,c,ok,1.1.1,rmr-ottawa-2021-en.xlsx,zone
Ottawa,Former City of Ottawa (Zones 1-9),1,vacancy_rate_pct,2020,2021,4.1,a,ok,1.1.1,rmr-ottawa-2021-en.xlsx,submarket
Ottawa,Ottawa CMA,1,vacancy_rate_pct,2020,2021,3.9,a,ok,1.1.1,rmr-ottawa-2021-en.xlsx,cma
Ottawa,Zone 1 - Downtown,1,vacancy_rate_pct,2021,2021,3.1,d,ok,1.1.1,rmr-ottawa-2021-en.xlsx,zone
Ottawa,Former City of Ottawa (Zones 1-9),1,vacancy_rate_pct,2021,2021,3.5,b,ok,1.1.1,rmr-ottawa-2021-en.xlsx,submarket
Ottawa,Ottawa CMA,1,vacancy_rate_pct,2021,2021,3.5,b,ok,1.1.1,rmr-ottawa-2021-en.xlsx,cma
Ottawa,Zone 1 - Downtown,2,vacancy_rate_pct,2020,2021,2.8,b,ok,1.1.1,rmr-ottawa-2021-en.xlsx,zone
Ottawa,Former City of Ottawa (Zones 1-9),2,vacancy_rate_pct,2020,2021,4.2,c,ok,1.1.1,rmr-ottawa-2021-en.xlsx,submarket
Ottawa,Ottawa CMA,2,vacancy_rate_pct,2020,2021,3.7,b,ok,1.1.1,rmr-ottawa-2021-en.xlsx,cma
Ottawa,Zone 1 - Downtown,2,vacancy_rate_pct,2021,2021,2.2,c,ok,1.1.1,rmr-ottawa-2021-en.xlsx,zone
Ottawa,Former City of Ottawa (Zones 1-9),2,vacancy_rate_pct,2021,2021,3.7,c,ok,1.1.1,rmr-ottawa-2021-en.xlsx,submarket
Ottawa,Ottawa CMA,2,vacancy_rate_pct,2021,2021,3.4,c,ok,1.1.1,rmr-ottawa-2021-en.xlsx,cma
Ottawa,Zone 1 - Downtown,3+,vacancy_rate_pct,2020,2021,,,suppressed,1.1.1,rmr-ottawa-2021-en.xlsx,zone
Ottawa,Former City of Ottawa (Zones 1-9),3+,vacancy_rate_pct,2020,2021,3.9,c,ok,1.1.1,rmr-ottawa-2021-en.xlsx,submarket
Ottawa,Ottawa CMA,3+,vacancy_rate_pct,2020,2021,,,suppressed,1.1.1,rmr-ottawa-2021-en.xlsx,cma
Ottawa,Zone 1 - Downtown,3+,vacancy_rate_pct,2021,2021,,,suppressed,1.1.1,rmr-ottawa-2021-en.xlsx,zone
Ottawa,Former City of Ottawa (Zones 1-9),3+,vacancy_rate_pct,2021,2021,3.9,d,ok,1.1.1,rmr-ottawa-2021-en.xlsx,submarket
Ottawa,Ottawa CMA,3+,vacancy_rate_pct,2021,2021,3.2,c,ok,1.1.1,rmr-ottawa-2021-en.xlsx,cma
Ottawa,Zone 1 - Downtown,total,vacancy_rate_pct,2020,2021,5.3,b,ok,1.1.1,rmr-ottawa-2021-en.xlsx,zone
Ottawa,Former City of Ottawa (Zones 1-9),total,vacancy_rate_pct,2020,2021,4.0,b,ok,1.1.1,rmr-ottawa-2021-en.xlsx,submarket
Ottawa,Ottawa CMA,total,vacancy_rate_pct,2020,2021,3.9,b,ok,1.1.1,rmr-ottawa-2021-en.xlsx,cma
Ottawa,Zone 1 - Downtown,total,vacancy_rate_pct,2021,2021,3.2,c,ok,1.1.1,rmr-ottawa-2021-en.xlsx,zone
Ottawa,Former City of Ottawa (Zones 1-9),total,vacancy_rate_pct,2021,2021,3.5,b,ok,1.1.1,rmr-ottawa-2021-en.xlsx,submarket
Ottawa,Ottawa CMA,total,vacancy_rate_pct,2021,2021,3.4,b,ok,1.1.1,rmr-ottawa-2021-en.xlsx,cma
Ottawa,Zone 1 - Downtown,studio,average_rent,2020,2021,1037.0,a,ok,1.1.2,rmr-ottawa-2021-en.xlsx,zone
Ottawa,Former City of Ottawa (Zones 1-9),studio,average_rent,2020,2021,1000.0,a,ok,1.1.2,rmr-ottawa-2021-en.xlsx,submarket
Ottawa,Ottawa CMA,studio,average_rent,2020,2021,1000.0,a,ok,1.1.2,rmr-ottawa-2021-en.xlsx,cma
Ottawa,Zone 1 - Downtown,studio,average_rent,2021,2021,1061.0,a,ok,1.1.2,rmr-ottawa-2021-en.xlsx,zone
Ottawa,Former City of Ottawa (Zones 1-9),studio,average_rent,2021,2021,1042.0,a,ok,1.1.2,rmr-ottawa-2021-en.xlsx,submarket
Ottawa,Ottawa CMA,studio,average_rent,2021,2021,1059.0,a,ok,1.1.2,rmr-ottawa-2021-en.xlsx,cma
Ottawa,Zone 1 - Downtown,1,average_rent,2020,2021,1284.0,a,ok,1.1.2,rmr-ottawa-2021-en.xlsx,zone
Ottawa,Former City of Ottawa (Zones 1-9),1,average_rent,2020,2021,1235.0,a,ok,1.1.2,rmr-ottawa-2021-en.xlsx,submarket
Ottawa,Ottawa CMA,1,average_rent,2020,2021,1244.0,a,ok,1.1.2,rmr-ottawa-2021-en.xlsx,cma
Ottawa,Zone 1 - Downtown,1,average_rent,2021,2021,1309.0,a,ok,1.1.2,rmr-ottawa-2021-en.xlsx,zone
Ottawa,Former City of Ottawa (Zones 1-9),1,average_rent,2021,2021,1260.0,a,ok,1.1.2,rmr-ottawa-2021-en.xlsx,submarket
Ottawa,Ottawa CMA,1,average_rent,2021,2021,1280.0,a,ok,1.1.2,rmr-ottawa-2021-en.xlsx,cma
Ottawa,Zone 1 - Downtown,2,average_rent,2020,2021,1646.0,a,ok,1.1.2,rmr-ottawa-2021-en.xlsx,zone
Ottawa,Former City of Ottawa (Zones 1-9),2,average_rent,2020,2021,1521.0,a,ok,1.1.2,rmr-ottawa-2021-en.xlsx,submarket
Ottawa,Ottawa CMA,2,average_rent,2020,2021,1517.0,a,ok,1.1.2,rmr-ottawa-2021-en.xlsx,cma
Ottawa,Zone 1 - Downtown,2,average_rent,2021,2021,1654.0,a,ok,1.1.2,rmr-ottawa-2021-en.xlsx,zone
Ottawa,Former City of Ottawa (Zones 1-9),2,average_rent,2021,2021,1533.0,a,ok,1.1.2,rmr-ottawa-2021-en.xlsx,submarket
Ottawa,Ottawa CMA,2,average_rent,2021,2021,1550.0,a,ok,1.1.2,rmr-ottawa-2021-en.xlsx,cma
Ottawa,Zone 1 - Downtown,3+,average_rent,2020,2021,1825.0,b,ok,1.1.2,rmr-ottawa-2021-en.xlsx,zone
Ottawa,Former City of Ottawa (Zones 1-9),3+,average_rent,2020,2021,1948.0,b,ok,1.1.2,rmr-ottawa-2021-en.xlsx,submarket
Ottawa,Ottawa CMA,3+,average_rent,2020,2021,1851.0,b,ok,1.1.2,rmr-ottawa-2021-en.xlsx,cma
Ottawa,Zone 1 - Downtown,3+,average_rent,2021,2021,1988.0,b,ok,1.1.2,rmr-ottawa-2021-en.xlsx,zone
Ottawa,Former City of Ottawa (Zones 1-9),3+,average_rent,2021,2021,1983.0,b,ok,1.1.2,rmr-ottawa-2021-en.xlsx,submarket
Ottawa,Ottawa CMA,3+,average_rent,2021,2021,1881.0,a,ok,1.1.2,rmr-ottawa-2021-en.xlsx,cma
Ottawa,Zone 1 - Downtown,total,average_rent,2020,2021,1339.0,a,ok,1.1.2,rmr-ottawa-2021-en.xlsx,zone
Ottawa,Former City of Ottawa (Zones 1-9),total,average_rent,2020,2021,1340.0,a,ok,1.1.2,rmr-ottawa-2021-en.xlsx,submarket
Ottawa,Ottawa CMA,total,average_rent,2020,2021,1358.0,a,ok,1.1.2,rmr-ottawa-2021-en.xlsx,cma
Ottawa,Zone 1 - Downtown,total,average_rent,2021,2021,1367.0,a,ok,1.1.2,rmr-ottawa-2021-en.xlsx,zone
Ottawa,Former City of Ottawa (Zones 1-9),total,average_rent,2021,2021,1369.0,a,ok,1.1.2,rmr-ottawa-2021-en.xlsx,submarket
Ottawa,Ottawa CMA,total,average_rent,2021,2021,1402.0,a,ok,1.1.2,rmr-ottawa-2021-en.xlsx,cma
Ottawa,Zone 1 - Downtown,studio,fixed_sample_rent_change_pct,2020,2021,,,suppressed,1.1.5,rmr-ottawa-2021-en.xlsx,zone
Ottawa,Former City of Ottawa (Zones 1-9),studio,fixed_sample_rent_change_pct,2020,2021,7.7,c,ok,1.1.5,rmr-ottawa-2021-en.xlsx,submarket
Ottawa,Ottawa CMA,studio,fixed_sample_rent_change_pct,2020,2021,7.2,c,ok,1.1.5,rmr-ottawa-2021-en.xlsx,cma
Ottawa,Zone 1 - Downtown,studio,fixed_sample_rent_change_pct,2021,2021,,,not_significant,1.1.5,rmr-ottawa-2021-en.xlsx,zone
Ottawa,Former City of Ottawa (Zones 1-9),studio,fixed_sample_rent_change_pct,2021,2021,1.8,c,ok,1.1.5,rmr-ottawa-2021-en.xlsx,submarket
Ottawa,Ottawa CMA,studio,fixed_sample_rent_change_pct,2021,2021,1.7,c,ok,1.1.5,rmr-ottawa-2021-en.xlsx,cma
Ottawa,Zone 1 - Downtown,1,fixed_sample_rent_change_pct,2020,2021,4.9,d,ok,1.1.5,rmr-ottawa-2021-en.xlsx,zone
Ottawa,Former City of Ottawa (Zones 1-9),1,fixed_sample_rent_change_pct,2020,2021,5.8,b,ok,1.1.5,rmr-ottawa-2021-en.xlsx,submarket
Ottawa,Ottawa CMA,1,fixed_sample_rent_change_pct,2020,2021,5.4,b,ok,1.1.5,rmr-ottawa-2021-en.xlsx,cma
Ottawa,Zone 1 - Downtown,1,fixed_sample_rent_change_pct,2021,2021,,,not_significant,1.1.5,rmr-ottawa-2021-en.xlsx,zone
Ottawa,Former City of Ottawa (Zones 1-9),1,fixed_sample_rent_change_pct,2021,2021,2.1,b,ok,1.1.5,rmr-ottawa-2021-en.xlsx,submarket
Ottawa,Ottawa CMA,1,fixed_sample_rent_change_pct,2021,2021,2.3,b,ok,1.1.5,rmr-ottawa-2021-en.xlsx,cma
Ottawa,Zone 1 - Downtown,2,fixed_sample_rent_change_pct,2020,2021,4.6,d,ok,1.1.5,rmr-ottawa-2021-en.xlsx,zone
Ottawa,Former City of Ottawa (Zones 1-9),2,fixed_sample_rent_change_pct,2020,2021,5.5,b,ok,1.1.5,rmr-ottawa-2021-en.xlsx,submarket
Ottawa,Ottawa CMA,2,fixed_sample_rent_change_pct,2020,2021,5.2,b,ok,1.1.5,rmr-ottawa-2021-en.xlsx,cma
Ottawa,Zone 1 - Downtown,2,fixed_sample_rent_change_pct,2021,2021,,,not_significant,1.1.5,rmr-ottawa-2021-en.xlsx,zone
Ottawa,Former City of Ottawa (Zones 1-9),2,fixed_sample_rent_change_pct,2021,2021,0.9,d,ok,1.1.5,rmr-ottawa-2021-en.xlsx,submarket
Ottawa,Ottawa CMA,2,fixed_sample_rent_change_pct,2021,2021,1.3,a,ok,1.1.5,rmr-ottawa-2021-en.xlsx,cma
Ottawa,Zone 1 - Downtown,3+,fixed_sample_rent_change_pct,2020,2021,,,not_significant,1.1.5,rmr-ottawa-2021-en.xlsx,zone
Ottawa,Former City of Ottawa (Zones 1-9),3+,fixed_sample_rent_change_pct,2020,2021,2.8,c,ok,1.1.5,rmr-ottawa-2021-en.xlsx,submarket
Ottawa,Ottawa CMA,3+,fixed_sample_rent_change_pct,2020,2021,2.5,b,ok,1.1.5,rmr-ottawa-2021-en.xlsx,cma
Ottawa,Zone 1 - Downtown,3+,fixed_sample_rent_change_pct,2021,2021,,,not_significant,1.1.5,rmr-ottawa-2021-en.xlsx,zone
Ottawa,Former City of Ottawa (Zones 1-9),3+,fixed_sample_rent_change_pct,2021,2021,,,suppressed,1.1.5,rmr-ottawa-2021-en.xlsx,submarket
Ottawa,Ottawa CMA,3+,fixed_sample_rent_change_pct,2021,2021,,,suppressed,1.1.5,rmr-ottawa-2021-en.xlsx,cma
Ottawa,Zone 1 - Downtown,total,fixed_sample_rent_change_pct,2020,2021,4.2,d,ok,1.1.5,rmr-ottawa-2021-en.xlsx,zone
Ottawa,Former City of Ottawa (Zones 1-9),total,fixed_sample_rent_change_pct,2020,2021,4.9,b,ok,1.1.5,rmr-ottawa-2021-en.xlsx,submarket
Ottawa,Ottawa CMA,total,fixed_sample_rent_change_pct,2020,2021,4.5,a,ok,1.1.5,rmr-ottawa-2021-en.xlsx,cma
Ottawa,Zone 1 - Downtown,total,fixed_sample_rent_change_pct,2021,2021,,,not_significant,1.1.5,rmr-ottawa-2021-en.xlsx,zone
Ottawa,Former City of Ottawa (Zones 1-9),total,fixed_sample_rent_change_pct,2021,2021,2.1,b,ok,1.1.5,rmr-ottawa-2021-en.xlsx,submarket
Ottawa,Ottawa CMA,total,fixed_sample_rent_change_pct,2021,2021,2.2,a,ok,1.1.5,rmr-ottawa-2021-en.xlsx,cma
Ottawa,Zone 1 - Downtown,studio,turnover_rate_pct,2020,2021,11.2,d,ok,1.1.6,rmr-ottawa-2021-en.xlsx,zone
Ottawa,Former City of Ottawa (Zones 1-9),studio,turnover_rate_pct,2020,2021,15.7,d,ok,1.1.6,rmr-ottawa-2021-en.xlsx,submarket
Ottawa,Ottawa CMA,studio,turnover_rate_pct,2020,2021,18.3,d,ok,1.1.6,rmr-ottawa-2021-en.xlsx,cma
Ottawa,Zone 1 - Downtown,studio,turnover_rate_pct,2021,2021,29.7,d,ok,1.1.6,rmr-ottawa-2021-en.xlsx,zone
Ottawa,Former City of Ottawa (Zones 1-9),studio,turnover_rate_pct,2021,2021,24.6,d,ok,1.1.6,rmr-ottawa-2021-en.xlsx,submarket
Ottawa,Ottawa CMA,studio,turnover_rate_pct,2021,2021,24.5,d,ok,1.1.6,rmr-ottawa-2021-en.xlsx,cma
Ottawa,Zone 1 - Downtown,1,turnover_rate_pct,2020,2021,15.2,d,ok,1.1.6,rmr-ottawa-2021-en.xlsx,zone
Ottawa,Former City of Ottawa (Zones 1-9),1,turnover_rate_pct,2020,2021,12.3,a,ok,1.1.6,rmr-ottawa-2021-en.xlsx,submarket
Ottawa,Ottawa CMA,1,turnover_rate_pct,2020,2021,16.7,a,ok,1.1.6,rmr-ottawa-2021-en.xlsx,cma
Ottawa,Zone 1 - Downtown,1,turnover_rate_pct,2021,2021,,,suppressed,1.1.6,rmr-ottawa-2021-en.xlsx,zone
Ottawa,Former City of Ottawa (Zones 1-9),1,turnover_rate_pct,2021,2021,22.9,a,ok,1.1.6,rmr-ottawa-2021-en.xlsx,submarket
Ottawa,Ottawa CMA,1,turnover_rate_pct,2021,2021,22.9,a,ok,1.1.6,rmr-ottawa-2021-en.xlsx,cma
Ottawa,Zone 1 - Downtown,2,turnover_rate_pct,2020,2021,12.1,d,ok,1.1.6,rmr-ottawa-2021-en.xlsx,zone
Ottawa,Former City of Ottawa (Zones 1-9),2,turnover_rate_pct,2020,2021,13.8,a,ok,1.1.6,rmr-ottawa-2021-en.xlsx,submarket
Ottawa,Ottawa CMA,2,turnover_rate_pct,2020,2021,18.8,d,ok,1.1.6,rmr-ottawa-2021-en.xlsx,cma
Ottawa,Zone 1 - Downtown,2,turnover_rate_pct,2021,2021,,,suppressed,1.1.6,rmr-ottawa-2021-en.xlsx,zone
Ottawa,Former City of Ottawa (Zones 1-9),2,turnover_rate_pct,2021,2021,22.3,a,ok,1.1.6,rmr-ottawa-2021-en.xlsx,submarket
Ottawa,Ottawa CMA,2,turnover_rate_pct,2021,2021,22.4,a,ok,1.1.6,rmr-ottawa-2021-en.xlsx,cma
Ottawa,Zone 1 - Downtown,3+,turnover_rate_pct,2020,2021,,,suppressed,1.1.6,rmr-ottawa-2021-en.xlsx,zone
Ottawa,Former City of Ottawa (Zones 1-9),3+,turnover_rate_pct,2020,2021,,,suppressed,1.1.6,rmr-ottawa-2021-en.xlsx,submarket
Ottawa,Ottawa CMA,3+,turnover_rate_pct,2020,2021,,,suppressed,1.1.6,rmr-ottawa-2021-en.xlsx,cma
Ottawa,Zone 1 - Downtown,3+,turnover_rate_pct,2021,2021,,,suppressed,1.1.6,rmr-ottawa-2021-en.xlsx,zone
Ottawa,Former City of Ottawa (Zones 1-9),3+,turnover_rate_pct,2021,2021,23.7,d,ok,1.1.6,rmr-ottawa-2021-en.xlsx,submarket
Ottawa,Ottawa CMA,3+,turnover_rate_pct,2021,2021,,,suppressed,1.1.6,rmr-ottawa-2021-en.xlsx,cma
Ottawa,Zone 1 - Downtown,total,turnover_rate_pct,2020,2021,14.2,c,ok,1.1.6,rmr-ottawa-2021-en.xlsx,zone
Ottawa,Former City of Ottawa (Zones 1-9),total,turnover_rate_pct,2020,2021,13.3,a,ok,1.1.6,rmr-ottawa-2021-en.xlsx,submarket
Ottawa,Ottawa CMA,total,turnover_rate_pct,2020,2021,17.9,a,ok,1.1.6,rmr-ottawa-2021-en.xlsx,cma
Ottawa,Zone 1 - Downtown,total,turnover_rate_pct,2021,2021,21.3,d,ok,1.1.6,rmr-ottawa-2021-en.xlsx,zone
Ottawa,Former City of Ottawa (Zones 1-9),total,turnover_rate_pct,2021,2021,22.8,a,ok,1.1.6,rmr-ottawa-2021-en.xlsx,submarket
Ottawa,Ottawa CMA,total,turnover_rate_pct,2021,2021,22.8,a,ok,1.1.6,rmr-ottawa-2021-en.xlsx,cma
Ottawa,Zone 1 - Downtown,studio,vacant_unit_rent,2021,2021,1127.0,b,ok,1.1.9,rmr-ottawa-2021-en.xlsx,zone
Ottawa,Former City of Ottawa (Zones 1-9),studio,vacant_unit_rent,2021,2021,1168.0,b,ok,1.1.9,rmr-ottawa-2021-en.xlsx,submarket
Ottawa,Ottawa CMA,studio,vacant_unit_rent,2021,2021,1180.0,a,ok,1.1.9,rmr-ottawa-2021-en.xlsx,cma
Ottawa,Zone 1 - Downtown,studio,occupied_unit_rent,2021,2021,1058.0,a,ok,1.1.9,rmr-ottawa-2021-en.xlsx,zone
Ottawa,Former City of Ottawa (Zones 1-9),studio,occupied_unit_rent,2021,2021,1039.0,a,ok,1.1.9,rmr-ottawa-2021-en.xlsx,submarket
Ottawa,Ottawa CMA,studio,occupied_unit_rent,2021,2021,1056.0,a,ok,1.1.9,rmr-ottawa-2021-en.xlsx,cma
Ottawa,Zone 1 - Downtown,1,vacant_unit_rent,2021,2021,1379.0,c,ok,1.1.9,rmr-ottawa-2021-en.xlsx,zone
Ottawa,Former City of Ottawa (Zones 1-9),1,vacant_unit_rent,2021,2021,1388.0,a,ok,1.1.9,rmr-ottawa-2021-en.xlsx,submarket
Ottawa,Ottawa CMA,1,vacant_unit_rent,2021,2021,1420.0,a,ok,1.1.9,rmr-ottawa-2021-en.xlsx,cma
Ottawa,Zone 1 - Downtown,1,occupied_unit_rent,2021,2021,1307.0,a,ok,1.1.9,rmr-ottawa-2021-en.xlsx,zone
Ottawa,Former City of Ottawa (Zones 1-9),1,occupied_unit_rent,2021,2021,1256.0,a,ok,1.1.9,rmr-ottawa-2021-en.xlsx,submarket
Ottawa,Ottawa CMA,1,occupied_unit_rent,2021,2021,1275.0,a,ok,1.1.9,rmr-ottawa-2021-en.xlsx,cma
Ottawa,Zone 1 - Downtown,2,vacant_unit_rent,2021,2021,1977.0,c,ok,1.1.9,rmr-ottawa-2021-en.xlsx,zone
Ottawa,Former City of Ottawa (Zones 1-9),2,vacant_unit_rent,2021,2021,1912.0,b,ok,1.1.9,rmr-ottawa-2021-en.xlsx,submarket
Ottawa,Ottawa CMA,2,vacant_unit_rent,2021,2021,1854.0,b,ok,1.1.9,rmr-ottawa-2021-en.xlsx,cma
Ottawa,Zone 1 - Downtown,2,occupied_unit_rent,2021,2021,1646.0,a,ok,1.1.9,rmr-ottawa-2021-en.xlsx,zone
Ottawa,Former City of Ottawa (Zones 1-9),2,occupied_unit_rent,2021,2021,1518.0,a,ok,1.1.9,rmr-ottawa-2021-en.xlsx,submarket
Ottawa,Ottawa CMA,2,occupied_unit_rent,2021,2021,1539.0,a,ok,1.1.9,rmr-ottawa-2021-en.xlsx,cma
Ottawa,Zone 1 - Downtown,3+,vacant_unit_rent,2021,2021,1893.0,c,ok,1.1.9,rmr-ottawa-2021-en.xlsx,zone
Ottawa,Former City of Ottawa (Zones 1-9),3+,vacant_unit_rent,2021,2021,1987.0,c,ok,1.1.9,rmr-ottawa-2021-en.xlsx,submarket
Ottawa,Ottawa CMA,3+,vacant_unit_rent,2021,2021,1929.0,b,ok,1.1.9,rmr-ottawa-2021-en.xlsx,cma
Ottawa,Zone 1 - Downtown,3+,occupied_unit_rent,2021,2021,1996.0,b,ok,1.1.9,rmr-ottawa-2021-en.xlsx,zone
Ottawa,Former City of Ottawa (Zones 1-9),3+,occupied_unit_rent,2021,2021,1983.0,b,ok,1.1.9,rmr-ottawa-2021-en.xlsx,submarket
Ottawa,Ottawa CMA,3+,occupied_unit_rent,2021,2021,1880.0,a,ok,1.1.9,rmr-ottawa-2021-en.xlsx,cma
Ottawa,Zone 1 - Downtown,total,vacant_unit_rent,2021,2021,1469.0,b,ok,1.1.9,rmr-ottawa-2021-en.xlsx,zone
Ottawa,Former City of Ottawa (Zones 1-9),total,vacant_unit_rent,2021,2021,1606.0,b,ok,1.1.9,rmr-ottawa-2021-en.xlsx,submarket
Ottawa,Ottawa CMA,total,vacant_unit_rent,2021,2021,1612.0,a,ok,1.1.9,rmr-ottawa-2021-en.xlsx,cma
Ottawa,Zone 1 - Downtown,total,occupied_unit_rent,2021,2021,1364.0,a,ok,1.1.9,rmr-ottawa-2021-en.xlsx,zone
Ottawa,Former City of Ottawa (Zones 1-9),total,occupied_unit_rent,2021,2021,1361.0,a,ok,1.1.9,rmr-ottawa-2021-en.xlsx,submarket
Ottawa,Ottawa CMA,total,occupied_unit_rent,2021,2021,1395.0,a,ok,1.1.9,rmr-ottawa-2021-en.xlsx,cma
Ottawa,Zone 1 - Downtown,studio,vacancy_rate_pct,2021,2022,3.6,d,ok,1.1.1,rmr-ottawa-2022-en.xlsx,zone
Ottawa,Former City of Ottawa (Zones 1-9),studio,vacancy_rate_pct,2021,2022,2.8,b,ok,1.1.1,rmr-ottawa-2022-en.xlsx,submarket
Ottawa,Ottawa CMA,studio,vacancy_rate_pct,2021,2022,2.8,b,ok,1.1.1,rmr-ottawa-2022-en.xlsx,cma
Ottawa,Zone 1 - Downtown,studio,vacancy_rate_pct,2022,2022,1.9,c,ok,1.1.1,rmr-ottawa-2022-en.xlsx,zone
Ottawa,Former City of Ottawa (Zones 1-9),studio,vacancy_rate_pct,2022,2022,1.4,a,ok,1.1.1,rmr-ottawa-2022-en.xlsx,submarket
Ottawa,Ottawa CMA,studio,vacancy_rate_pct,2022,2022,1.6,b,ok,1.1.1,rmr-ottawa-2022-en.xlsx,cma
Ottawa,Zone 1 - Downtown,1,vacancy_rate_pct,2021,2022,3.1,d,ok,1.1.1,rmr-ottawa-2022-en.xlsx,zone
Ottawa,Former City of Ottawa (Zones 1-9),1,vacancy_rate_pct,2021,2022,3.5,b,ok,1.1.1,rmr-ottawa-2022-en.xlsx,submarket
Ottawa,Ottawa CMA,1,vacancy_rate_pct,2021,2022,3.5,b,ok,1.1.1,rmr-ottawa-2022-en.xlsx,cma
Ottawa,Zone 1 - Downtown,1,vacancy_rate_pct,2022,2022,1.5,b,ok,1.1.1,rmr-ottawa-2022-en.xlsx,zone
Ottawa,Former City of Ottawa (Zones 1-9),1,vacancy_rate_pct,2022,2022,2.1,b,ok,1.1.1,rmr-ottawa-2022-en.xlsx,submarket
Ottawa,Ottawa CMA,1,vacancy_rate_pct,2022,2022,2.0,a,ok,1.1.1,rmr-ottawa-2022-en.xlsx,cma
Ottawa,Zone 1 - Downtown,2,vacancy_rate_pct,2021,2022,2.2,c,ok,1.1.1,rmr-ottawa-2022-en.xlsx,zone
Ottawa,Former City of Ottawa (Zones 1-9),2,vacancy_rate_pct,2021,2022,3.7,c,ok,1.1.1,rmr-ottawa-2022-en.xlsx,submarket
Ottawa,Ottawa CMA,2,vacancy_rate_pct,2021,2022,3.4,c,ok,1.1.1,rmr-ottawa-2022-en.xlsx,cma
Ottawa,Zone 1 - Downtown,2,vacancy_rate_pct,2022,2022,0.4,a,ok,1.1.1,rmr-ottawa-2022-en.xlsx,zone
Ottawa,Former City of Ottawa (Zones 1-9),2,vacancy_rate_pct,2022,2022,2.3,b,ok,1.1.1,rmr-ottawa-2022-en.xlsx,submarket
Ottawa,Ottawa CMA,2,vacancy_rate_pct,2022,2022,2.4,a,ok,1.1.1,rmr-ottawa-2022-en.xlsx,cma
Ottawa,Zone 1 - Downtown,3+,vacancy_rate_pct,2021,2022,,,suppressed,1.1.1,rmr-ottawa-2022-en.xlsx,zone
Ottawa,Former City of Ottawa (Zones 1-9),3+,vacancy_rate_pct,2021,2022,3.9,d,ok,1.1.1,rmr-ottawa-2022-en.xlsx,submarket
Ottawa,Ottawa CMA,3+,vacancy_rate_pct,2021,2022,3.2,c,ok,1.1.1,rmr-ottawa-2022-en.xlsx,cma
Ottawa,Zone 1 - Downtown,3+,vacancy_rate_pct,2022,2022,0.6,b,ok,1.1.1,rmr-ottawa-2022-en.xlsx,zone
Ottawa,Former City of Ottawa (Zones 1-9),3+,vacancy_rate_pct,2022,2022,2.0,c,ok,1.1.1,rmr-ottawa-2022-en.xlsx,submarket
Ottawa,Ottawa CMA,3+,vacancy_rate_pct,2022,2022,2.5,c,ok,1.1.1,rmr-ottawa-2022-en.xlsx,cma
Ottawa,Zone 1 - Downtown,total,vacancy_rate_pct,2021,2022,3.2,c,ok,1.1.1,rmr-ottawa-2022-en.xlsx,zone
Ottawa,Former City of Ottawa (Zones 1-9),total,vacancy_rate_pct,2021,2022,3.5,b,ok,1.1.1,rmr-ottawa-2022-en.xlsx,submarket
Ottawa,Ottawa CMA,total,vacancy_rate_pct,2021,2022,3.4,b,ok,1.1.1,rmr-ottawa-2022-en.xlsx,cma
Ottawa,Zone 1 - Downtown,total,vacancy_rate_pct,2022,2022,1.3,a,ok,1.1.1,rmr-ottawa-2022-en.xlsx,zone
Ottawa,Former City of Ottawa (Zones 1-9),total,vacancy_rate_pct,2022,2022,2.1,b,ok,1.1.1,rmr-ottawa-2022-en.xlsx,submarket
Ottawa,Ottawa CMA,total,vacancy_rate_pct,2022,2022,2.1,a,ok,1.1.1,rmr-ottawa-2022-en.xlsx,cma
Ottawa,Zone 1 - Downtown,studio,average_rent,2021,2022,1061.0,a,ok,1.1.2,rmr-ottawa-2022-en.xlsx,zone
Ottawa,Former City of Ottawa (Zones 1-9),studio,average_rent,2021,2022,1042.0,a,ok,1.1.2,rmr-ottawa-2022-en.xlsx,submarket
Ottawa,Ottawa CMA,studio,average_rent,2021,2022,1059.0,a,ok,1.1.2,rmr-ottawa-2022-en.xlsx,cma
Ottawa,Zone 1 - Downtown,studio,average_rent,2022,2022,1112.0,a,ok,1.1.2,rmr-ottawa-2022-en.xlsx,zone
Ottawa,Former City of Ottawa (Zones 1-9),studio,average_rent,2022,2022,1105.0,a,ok,1.1.2,rmr-ottawa-2022-en.xlsx,submarket
Ottawa,Ottawa CMA,studio,average_rent,2022,2022,1122.0,a,ok,1.1.2,rmr-ottawa-2022-en.xlsx,cma
Ottawa,Zone 1 - Downtown,1,average_rent,2021,2022,1309.0,a,ok,1.1.2,rmr-ottawa-2022-en.xlsx,zone
Ottawa,Former City of Ottawa (Zones 1-9),1,average_rent,2021,2022,1260.0,a,ok,1.1.2,rmr-ottawa-2022-en.xlsx,submarket
Ottawa,Ottawa CMA,1,average_rent,2021,2022,1280.0,a,ok,1.1.2,rmr-ottawa-2022-en.xlsx,cma
Ottawa,Zone 1 - Downtown,1,average_rent,2022,2022,1345.0,a,ok,1.1.2,rmr-ottawa-2022-en.xlsx,zone
Ottawa,Former City of Ottawa (Zones 1-9),1,average_rent,2022,2022,1325.0,a,ok,1.1.2,rmr-ottawa-2022-en.xlsx,submarket
Ottawa,Ottawa CMA,1,average_rent,2022,2022,1347.0,a,ok,1.1.2,rmr-ottawa-2022-en.xlsx,cma
Ottawa,Zone 1 - Downtown,2,average_rent,2021,2022,1654.0,a,ok,1.1.2,rmr-ottawa-2022-en.xlsx,zone
Ottawa,Former City of Ottawa (Zones 1-9),2,average_rent,2021,2022,1533.0,a,ok,1.1.2,rmr-ottawa-2022-en.xlsx,submarket
Ottawa,Ottawa CMA,2,average_rent,2021,2022,1550.0,a,ok,1.1.2,rmr-ottawa-2022-en.xlsx,cma
Ottawa,Zone 1 - Downtown,2,average_rent,2022,2022,1679.0,a,ok,1.1.2,rmr-ottawa-2022-en.xlsx,zone
Ottawa,Former City of Ottawa (Zones 1-9),2,average_rent,2022,2022,1629.0,a,ok,1.1.2,rmr-ottawa-2022-en.xlsx,submarket
Ottawa,Ottawa CMA,2,average_rent,2022,2022,1625.0,a,ok,1.1.2,rmr-ottawa-2022-en.xlsx,cma
Ottawa,Zone 1 - Downtown,3+,average_rent,2021,2022,1988.0,b,ok,1.1.2,rmr-ottawa-2022-en.xlsx,zone
Ottawa,Former City of Ottawa (Zones 1-9),3+,average_rent,2021,2022,1983.0,b,ok,1.1.2,rmr-ottawa-2022-en.xlsx,submarket
Ottawa,Ottawa CMA,3+,average_rent,2021,2022,1881.0,a,ok,1.1.2,rmr-ottawa-2022-en.xlsx,cma
Ottawa,Zone 1 - Downtown,3+,average_rent,2022,2022,2106.0,c,ok,1.1.2,rmr-ottawa-2022-en.xlsx,zone
Ottawa,Former City of Ottawa (Zones 1-9),3+,average_rent,2022,2022,2029.0,b,ok,1.1.2,rmr-ottawa-2022-en.xlsx,submarket
Ottawa,Ottawa CMA,3+,average_rent,2022,2022,1947.0,a,ok,1.1.2,rmr-ottawa-2022-en.xlsx,cma
Ottawa,Zone 1 - Downtown,total,average_rent,2021,2022,1367.0,a,ok,1.1.2,rmr-ottawa-2022-en.xlsx,zone
Ottawa,Former City of Ottawa (Zones 1-9),total,average_rent,2021,2022,1369.0,a,ok,1.1.2,rmr-ottawa-2022-en.xlsx,submarket
Ottawa,Ottawa CMA,total,average_rent,2021,2022,1402.0,a,ok,1.1.2,rmr-ottawa-2022-en.xlsx,cma
Ottawa,Zone 1 - Downtown,total,average_rent,2022,2022,1403.0,a,ok,1.1.2,rmr-ottawa-2022-en.xlsx,zone
Ottawa,Former City of Ottawa (Zones 1-9),total,average_rent,2022,2022,1438.0,a,ok,1.1.2,rmr-ottawa-2022-en.xlsx,submarket
Ottawa,Ottawa CMA,total,average_rent,2022,2022,1461.0,a,ok,1.1.2,rmr-ottawa-2022-en.xlsx,cma
Ottawa,Zone 1 - Downtown,studio,fixed_sample_rent_change_pct,2021,2022,,,not_significant,1.1.5,rmr-ottawa-2022-en.xlsx,zone
Ottawa,Former City of Ottawa (Zones 1-9),studio,fixed_sample_rent_change_pct,2021,2022,1.8,c,ok,1.1.5,rmr-ottawa-2022-en.xlsx,submarket
Ottawa,Ottawa CMA,studio,fixed_sample_rent_change_pct,2021,2022,1.7,c,ok,1.1.5,rmr-ottawa-2022-en.xlsx,cma
Ottawa,Zone 1 - Downtown,studio,fixed_sample_rent_change_pct,2022,2022,2.6,c,ok,1.1.5,rmr-ottawa-2022-en.xlsx,zone
Ottawa,Former City of Ottawa (Zones 1-9),studio,fixed_sample_rent_change_pct,2022,2022,3.7,b,ok,1.1.5,rmr-ottawa-2022-en.xlsx,submarket
Ottawa,Ottawa CMA,studio,fixed_sample_rent_change_pct,2022,2022,4.1,b,ok,1.1.5,rmr-ottawa-2022-en.xlsx,cma
Ottawa,Zone 1 - Downtown,1,fixed_sample_rent_change_pct,2021,2022,,,not_significant,1.1.5,rmr-ottawa-2022-en.xlsx,zone
Ottawa,Former City of Ottawa (Zones 1-9),1,fixed_sample_rent_change_pct,2021,2022,2.1,b,ok,1.1.5,rmr-ottawa-2022-en.xlsx,submarket
Ottawa,Ottawa CMA,1,fixed_sample_rent_change_pct,2021,2022,2.3,b,ok,1.1.5,rmr-ottawa-2022-en.xlsx,cma
Ottawa,Zone 1 - Downtown,1,fixed_sample_rent_change_pct,2022,2022,,,not_significant,1.1.5,rmr-ottawa-2022-en.xlsx,zone
Ottawa,Former City of Ottawa (Zones 1-9),1,fixed_sample_rent_change_pct,2022,2022,3.7,c,ok,1.1.5,rmr-ottawa-2022-en.xlsx,submarket
Ottawa,Ottawa CMA,1,fixed_sample_rent_change_pct,2022,2022,3.7,b,ok,1.1.5,rmr-ottawa-2022-en.xlsx,cma
Ottawa,Zone 1 - Downtown,2,fixed_sample_rent_change_pct,2021,2022,,,not_significant,1.1.5,rmr-ottawa-2022-en.xlsx,zone
Ottawa,Former City of Ottawa (Zones 1-9),2,fixed_sample_rent_change_pct,2021,2022,0.9,d,ok,1.1.5,rmr-ottawa-2022-en.xlsx,submarket
Ottawa,Ottawa CMA,2,fixed_sample_rent_change_pct,2021,2022,1.3,a,ok,1.1.5,rmr-ottawa-2022-en.xlsx,cma
Ottawa,Zone 1 - Downtown,2,fixed_sample_rent_change_pct,2022,2022,,,not_significant,1.1.5,rmr-ottawa-2022-en.xlsx,zone
Ottawa,Former City of Ottawa (Zones 1-9),2,fixed_sample_rent_change_pct,2022,2022,4.1,c,ok,1.1.5,rmr-ottawa-2022-en.xlsx,submarket
Ottawa,Ottawa CMA,2,fixed_sample_rent_change_pct,2022,2022,4.8,b,ok,1.1.5,rmr-ottawa-2022-en.xlsx,cma
Ottawa,Zone 1 - Downtown,3+,fixed_sample_rent_change_pct,2021,2022,,,not_significant,1.1.5,rmr-ottawa-2022-en.xlsx,zone
Ottawa,Former City of Ottawa (Zones 1-9),3+,fixed_sample_rent_change_pct,2021,2022,,,suppressed,1.1.5,rmr-ottawa-2022-en.xlsx,submarket
Ottawa,Ottawa CMA,3+,fixed_sample_rent_change_pct,2021,2022,,,suppressed,1.1.5,rmr-ottawa-2022-en.xlsx,cma
Ottawa,Zone 1 - Downtown,3+,fixed_sample_rent_change_pct,2022,2022,,,not_significant,1.1.5,rmr-ottawa-2022-en.xlsx,zone
Ottawa,Former City of Ottawa (Zones 1-9),3+,fixed_sample_rent_change_pct,2022,2022,,,suppressed,1.1.5,rmr-ottawa-2022-en.xlsx,submarket
Ottawa,Ottawa CMA,3+,fixed_sample_rent_change_pct,2022,2022,,,suppressed,1.1.5,rmr-ottawa-2022-en.xlsx,cma
Ottawa,Zone 1 - Downtown,total,fixed_sample_rent_change_pct,2021,2022,,,not_significant,1.1.5,rmr-ottawa-2022-en.xlsx,zone
Ottawa,Former City of Ottawa (Zones 1-9),total,fixed_sample_rent_change_pct,2021,2022,2.1,b,ok,1.1.5,rmr-ottawa-2022-en.xlsx,submarket
Ottawa,Ottawa CMA,total,fixed_sample_rent_change_pct,2021,2022,2.2,a,ok,1.1.5,rmr-ottawa-2022-en.xlsx,cma
Ottawa,Zone 1 - Downtown,total,fixed_sample_rent_change_pct,2022,2022,,,not_significant,1.1.5,rmr-ottawa-2022-en.xlsx,zone
Ottawa,Former City of Ottawa (Zones 1-9),total,fixed_sample_rent_change_pct,2022,2022,3.5,b,ok,1.1.5,rmr-ottawa-2022-en.xlsx,submarket
Ottawa,Ottawa CMA,total,fixed_sample_rent_change_pct,2022,2022,3.8,b,ok,1.1.5,rmr-ottawa-2022-en.xlsx,cma
Ottawa,Zone 1 - Downtown,studio,turnover_rate_pct,2021,2022,29.7,d,ok,1.1.6,rmr-ottawa-2022-en.xlsx,zone
Ottawa,Former City of Ottawa (Zones 1-9),studio,turnover_rate_pct,2021,2022,24.6,d,ok,1.1.6,rmr-ottawa-2022-en.xlsx,submarket
Ottawa,Ottawa CMA,studio,turnover_rate_pct,2021,2022,24.5,d,ok,1.1.6,rmr-ottawa-2022-en.xlsx,cma
Ottawa,Zone 1 - Downtown,studio,turnover_rate_pct,2022,2022,13.6,d,ok,1.1.6,rmr-ottawa-2022-en.xlsx,zone
Ottawa,Former City of Ottawa (Zones 1-9),studio,turnover_rate_pct,2022,2022,17.4,d,ok,1.1.6,rmr-ottawa-2022-en.xlsx,submarket
Ottawa,Ottawa CMA,studio,turnover_rate_pct,2022,2022,18.1,a,ok,1.1.6,rmr-ottawa-2022-en.xlsx,cma
Ottawa,Zone 1 - Downtown,1,turnover_rate_pct,2021,2022,,,suppressed,1.1.6,rmr-ottawa-2022-en.xlsx,zone
Ottawa,Former City of Ottawa (Zones 1-9),1,turnover_rate_pct,2021,2022,22.9,a,ok,1.1.6,rmr-ottawa-2022-en.xlsx,submarket
Ottawa,Ottawa CMA,1,turnover_rate_pct,2021,2022,22.9,a,ok,1.1.6,rmr-ottawa-2022-en.xlsx,cma
Ottawa,Zone 1 - Downtown,1,turnover_rate_pct,2022,2022,14.6,c,ok,1.1.6,rmr-ottawa-2022-en.xlsx,zone
Ottawa,Former City of Ottawa (Zones 1-9),1,turnover_rate_pct,2022,2022,15.7,a,ok,1.1.6,rmr-ottawa-2022-en.xlsx,submarket
Ottawa,Ottawa CMA,1,turnover_rate_pct,2022,2022,16.5,a,ok,1.1.6,rmr-ottawa-2022-en.xlsx,cma
Ottawa,Zone 1 - Downtown,2,turnover_rate_pct,2021,2022,,,suppressed,1.1.6,rmr-ottawa-2022-en.xlsx,zone
Ottawa,Former City of Ottawa (Zones 1-9),2,turnover_rate_pct,2021,2022,22.3,a,ok,1.1.6,rmr-ottawa-2022-en.xlsx,submarket
Ottawa,Ottawa CMA,2,turnover_rate_pct,2021,2022,22.4,a,ok,1.1.6,rmr-ottawa-2022-en.xlsx,cma
Ottawa,Zone 1 - Downtown,2,turnover_rate_pct,2022,2022,13.9,d,ok,1.1.6,rmr-ottawa-2022-en.xlsx,zone
Ottawa,Former City of Ottawa (Zones 1-9),2,turnover_rate_pct,2022,2022,16.5,a,ok,1.1.6,rmr-ottawa-2022-en.xlsx,submarket
Ottawa,Ottawa CMA,2,turnover_rate_pct,2022,2022,16.5,a,ok,1.1.6,rmr-ottawa-2022-en.xlsx,cma
Ottawa,Zone 1 - Downtown,3+,turnover_rate_pct,2021,2022,,,suppressed,1.1.6,rmr-ottawa-2022-en.xlsx,zone
Ottawa,Former City of Ottawa (Zones 1-9),3+,turnover_rate_pct,2021,2022,23.7,d,ok,1.1.6,rmr-ottawa-2022-en.xlsx,submarket
Ottawa,Ottawa CMA,3+,turnover_rate_pct,2021,2022,,,suppressed,1.1.6,rmr-ottawa-2022-en.xlsx,cma
Ottawa,Zone 1 - Downtown,3+,turnover_rate_pct,2022,2022,,,suppressed,1.1.6,rmr-ottawa-2022-en.xlsx,zone
Ottawa,Former City of Ottawa (Zones 1-9),3+,turnover_rate_pct,2022,2022,17.8,d,ok,1.1.6,rmr-ottawa-2022-en.xlsx,submarket
Ottawa,Ottawa CMA,3+,turnover_rate_pct,2022,2022,,,suppressed,1.1.6,rmr-ottawa-2022-en.xlsx,cma
Ottawa,Zone 1 - Downtown,total,turnover_rate_pct,2021,2022,21.3,d,ok,1.1.6,rmr-ottawa-2022-en.xlsx,zone
Ottawa,Former City of Ottawa (Zones 1-9),total,turnover_rate_pct,2021,2022,22.8,a,ok,1.1.6,rmr-ottawa-2022-en.xlsx,submarket
Ottawa,Ottawa CMA,total,turnover_rate_pct,2021,2022,22.8,a,ok,1.1.6,rmr-ottawa-2022-en.xlsx,cma
Ottawa,Zone 1 - Downtown,total,turnover_rate_pct,2022,2022,14.5,c,ok,1.1.6,rmr-ottawa-2022-en.xlsx,zone
Ottawa,Former City of Ottawa (Zones 1-9),total,turnover_rate_pct,2022,2022,16.3,a,ok,1.1.6,rmr-ottawa-2022-en.xlsx,submarket
Ottawa,Ottawa CMA,total,turnover_rate_pct,2022,2022,16.8,a,ok,1.1.6,rmr-ottawa-2022-en.xlsx,cma
Ottawa,Zone 1 - Downtown,studio,vacant_unit_rent,2022,2022,1120.0,b,ok,1.1.9,rmr-ottawa-2022-en.xlsx,zone
Ottawa,Former City of Ottawa (Zones 1-9),studio,vacant_unit_rent,2022,2022,1141.0,b,ok,1.1.9,rmr-ottawa-2022-en.xlsx,submarket
Ottawa,Ottawa CMA,studio,vacant_unit_rent,2022,2022,1176.0,b,ok,1.1.9,rmr-ottawa-2022-en.xlsx,cma
Ottawa,Zone 1 - Downtown,studio,occupied_unit_rent,2022,2022,1111.0,a,ok,1.1.9,rmr-ottawa-2022-en.xlsx,zone
Ottawa,Former City of Ottawa (Zones 1-9),studio,occupied_unit_rent,2022,2022,1104.0,a,ok,1.1.9,rmr-ottawa-2022-en.xlsx,submarket
Ottawa,Ottawa CMA,studio,occupied_unit_rent,2022,2022,1121.0,a,ok,1.1.9,rmr-ottawa-2022-en.xlsx,cma
Ottawa,Zone 1 - Downtown,1,vacant_unit_rent,2022,2022,1348.0,b,ok,1.1.9,rmr-ottawa-2022-en.xlsx,zone
Ottawa,Former City of Ottawa (Zones 1-9),1,vacant_unit_rent,2022,2022,1484.0,b,ok,1.1.9,rmr-ottawa-2022-en.xlsx,submarket
Ottawa,Ottawa CMA,1,vacant_unit_rent,2022,2022,1485.0,a,ok,1.1.9,rmr-ottawa-2022-en.xlsx,cma
Ottawa,Zone 1 - Downtown,1,occupied_unit_rent,2022,2022,1345.0,a,ok,1.1.9,rmr-ottawa-2022-en.xlsx,zone
Ottawa,Former City of Ottawa (Zones 1-9),1,occupied_unit_rent,2022,2022,1321.0,a,ok,1.1.9,rmr-ottawa-2022-en.xlsx,submarket
Ottawa,Ottawa CMA,1,occupied_unit_rent,2022,2022,1344.0,a,ok,1.1.9,rmr-ottawa-2022-en.xlsx,cma
Ottawa,Zone 1 - Downtown,2,vacant_unit_rent,2022,2022,1862.0,c,ok,1.1.9,rmr-ottawa-2022-en.xlsx,zone
Ottawa,Former City of Ottawa (Zones 1-9),2,vacant_unit_rent,2022,2022,2138.0,d,ok,1.1.9,rmr-ottawa-2022-en.xlsx,submarket
Ottawa,Ottawa CMA,2,vacant_unit_rent,2022,2022,2118.0,c,ok,1.1.9,rmr-ottawa-2022-en.xlsx,cma
Ottawa,Zone 1 - Downtown,2,occupied_unit_rent,2022,2022,1678.0,a,ok,1.1.9,rmr-ottawa-2022-en.xlsx,zone
Ottawa,Former City of Ottawa (Zones 1-9),2,occupied_unit_rent,2022,2022,1617.0,a,ok,1.1.9,rmr-ottawa-2022-en.xlsx,submarket
Ottawa,Ottawa CMA,2,occupied_unit_rent,2022,2022,1613.0,a,ok,1.1.9,rmr-ottawa-2022-en.xlsx,cma
Ottawa,Zone 1 - Downtown,3+,vacant_unit_rent,2022,2022,,,suppressed,1.1.9,rmr-ottawa-2022-en.xlsx,zone
Ottawa,Former City of Ottawa (Zones 1-9),3+,vacant_unit_rent,2022,2022,,,suppressed,1.1.9,rmr-ottawa-2022-en.xlsx,submarket
Ottawa,Ottawa CMA,3+,vacant_unit_rent,2022,2022,,,suppressed,1.1.9,rmr-ottawa-2022-en.xlsx,cma
Ottawa,Zone 1 - Downtown,3+,occupied_unit_rent,2022,2022,2106.0,c,ok,1.1.9,rmr-ottawa-2022-en.xlsx,zone
Ottawa,Former City of Ottawa (Zones 1-9),3+,occupied_unit_rent,2022,2022,2014.0,b,ok,1.1.9,rmr-ottawa-2022-en.xlsx,submarket
Ottawa,Ottawa CMA,3+,occupied_unit_rent,2022,2022,1940.0,a,ok,1.1.9,rmr-ottawa-2022-en.xlsx,cma
Ottawa,Zone 1 - Downtown,total,vacant_unit_rent,2022,2022,1339.0,b,ok,1.1.9,rmr-ottawa-2022-en.xlsx,zone
Ottawa,Former City of Ottawa (Zones 1-9),total,vacant_unit_rent,2022,2022,1765.0,c,ok,1.1.9,rmr-ottawa-2022-en.xlsx,submarket
Ottawa,Ottawa CMA,total,vacant_unit_rent,2022,2022,1776.0,b,ok,1.1.9,rmr-ottawa-2022-en.xlsx,cma
Ottawa,Zone 1 - Downtown,total,occupied_unit_rent,2022,2022,1404.0,a,ok,1.1.9,rmr-ottawa-2022-en.xlsx,zone
Ottawa,Former City of Ottawa (Zones 1-9),total,occupied_unit_rent,2022,2022,1432.0,a,ok,1.1.9,rmr-ottawa-2022-en.xlsx,submarket
Ottawa,Ottawa CMA,total,occupied_unit_rent,2022,2022,1454.0,a,ok,1.1.9,rmr-ottawa-2022-en.xlsx,cma
Ottawa,Zone 1 - Downtown,studio,vacancy_rate_pct,2022,2023,1.9,c,ok,1.1.1,rmr-ottawa-2023-en.xlsx,zone
Ottawa,Former City of Ottawa (Zones 1-9),studio,vacancy_rate_pct,2022,2023,1.4,a,ok,1.1.1,rmr-ottawa-2023-en.xlsx,submarket
Ottawa,Ottawa CMA,studio,vacancy_rate_pct,2022,2023,1.6,b,ok,1.1.1,rmr-ottawa-2023-en.xlsx,cma
Ottawa,Zone 1 - Downtown,studio,vacancy_rate_pct,2023,2023,3.0,c,ok,1.1.1,rmr-ottawa-2023-en.xlsx,zone
Ottawa,Former City of Ottawa (Zones 1-9),studio,vacancy_rate_pct,2023,2023,1.6,b,ok,1.1.1,rmr-ottawa-2023-en.xlsx,submarket
Ottawa,Ottawa CMA,studio,vacancy_rate_pct,2023,2023,1.6,b,ok,1.1.1,rmr-ottawa-2023-en.xlsx,cma
Ottawa,Zone 1 - Downtown,1,vacancy_rate_pct,2022,2023,1.5,b,ok,1.1.1,rmr-ottawa-2023-en.xlsx,zone
Ottawa,Former City of Ottawa (Zones 1-9),1,vacancy_rate_pct,2022,2023,2.1,b,ok,1.1.1,rmr-ottawa-2023-en.xlsx,submarket
Ottawa,Ottawa CMA,1,vacancy_rate_pct,2022,2023,2.0,a,ok,1.1.1,rmr-ottawa-2023-en.xlsx,cma
Ottawa,Zone 1 - Downtown,1,vacancy_rate_pct,2023,2023,2.8,b,ok,1.1.1,rmr-ottawa-2023-en.xlsx,zone
Ottawa,Former City of Ottawa (Zones 1-9),1,vacancy_rate_pct,2023,2023,2.0,a,ok,1.1.1,rmr-ottawa-2023-en.xlsx,submarket
Ottawa,Ottawa CMA,1,vacancy_rate_pct,2023,2023,2.1,a,ok,1.1.1,rmr-ottawa-2023-en.xlsx,cma
Ottawa,Zone 1 - Downtown,2,vacancy_rate_pct,2022,2023,0.4,a,ok,1.1.1,rmr-ottawa-2023-en.xlsx,zone
Ottawa,Former City of Ottawa (Zones 1-9),2,vacancy_rate_pct,2022,2023,2.3,b,ok,1.1.1,rmr-ottawa-2023-en.xlsx,submarket
Ottawa,Ottawa CMA,2,vacancy_rate_pct,2022,2023,2.4,a,ok,1.1.1,rmr-ottawa-2023-en.xlsx,cma
Ottawa,Zone 1 - Downtown,2,vacancy_rate_pct,2023,2023,3.2,d,ok,1.1.1,rmr-ottawa-2023-en.xlsx,zone
Ottawa,Former City of Ottawa (Zones 1-9),2,vacancy_rate_pct,2023,2023,2.6,a,ok,1.1.1,rmr-ottawa-2023-en.xlsx,submarket
Ottawa,Ottawa CMA,2,vacancy_rate_pct,2023,2023,2.3,a,ok,1.1.1,rmr-ottawa-2023-en.xlsx,cma
Ottawa,Zone 1 - Downtown,3+,vacancy_rate_pct,2022,2023,0.6,b,ok,1.1.1,rmr-ottawa-2023-en.xlsx,zone
Ottawa,Former City of Ottawa (Zones 1-9),3+,vacancy_rate_pct,2022,2023,2.0,c,ok,1.1.1,rmr-ottawa-2023-en.xlsx,submarket
Ottawa,Ottawa CMA,3+,vacancy_rate_pct,2022,2023,2.5,c,ok,1.1.1,rmr-ottawa-2023-en.xlsx,cma
Ottawa,Zone 1 - Downtown,3+,vacancy_rate_pct,2023,2023,,,suppressed,1.1.1,rmr-ottawa-2023-en.xlsx,zone
Ottawa,Former City of Ottawa (Zones 1-9),3+,vacancy_rate_pct,2023,2023,1.5,c,ok,1.1.1,rmr-ottawa-2023-en.xlsx,submarket
Ottawa,Ottawa CMA,3+,vacancy_rate_pct,2023,2023,1.4,a,ok,1.1.1,rmr-ottawa-2023-en.xlsx,cma
Ottawa,Zone 1 - Downtown,total,vacancy_rate_pct,2022,2023,1.3,a,ok,1.1.1,rmr-ottawa-2023-en.xlsx,zone
Ottawa,Former City of Ottawa (Zones 1-9),total,vacancy_rate_pct,2022,2023,2.1,b,ok,1.1.1,rmr-ottawa-2023-en.xlsx,submarket
Ottawa,Ottawa CMA,total,vacancy_rate_pct,2022,2023,2.1,a,ok,1.1.1,rmr-ottawa-2023-en.xlsx,cma
Ottawa,Zone 1 - Downtown,total,vacancy_rate_pct,2023,2023,2.9,b,ok,1.1.1,rmr-ottawa-2023-en.xlsx,zone
Ottawa,Former City of Ottawa (Zones 1-9),total,vacancy_rate_pct,2023,2023,2.2,a,ok,1.1.1,rmr-ottawa-2023-en.xlsx,submarket
Ottawa,Ottawa CMA,total,vacancy_rate_pct,2023,2023,2.1,a,ok,1.1.1,rmr-ottawa-2023-en.xlsx,cma
Ottawa,Zone 1 - Downtown,studio,average_rent,2022,2023,1112.0,a,ok,1.1.2,rmr-ottawa-2023-en.xlsx,zone
Ottawa,Former City of Ottawa (Zones 1-9),studio,average_rent,2022,2023,1105.0,a,ok,1.1.2,rmr-ottawa-2023-en.xlsx,submarket
Ottawa,Ottawa CMA,studio,average_rent,2022,2023,1121.0,a,ok,1.1.2,rmr-ottawa-2023-en.xlsx,cma
Ottawa,Zone 1 - Downtown,studio,average_rent,2023,2023,1151.0,a,ok,1.1.2,rmr-ottawa-2023-en.xlsx,zone
Ottawa,Former City of Ottawa (Zones 1-9),studio,average_rent,2023,2023,1150.0,a,ok,1.1.2,rmr-ottawa-2023-en.xlsx,submarket
Ottawa,Ottawa CMA,studio,average_rent,2023,2023,1173.0,a,ok,1.1.2,rmr-ottawa-2023-en.xlsx,cma
Ottawa,Zone 1 - Downtown,1,average_rent,2022,2023,1345.0,a,ok,1.1.2,rmr-ottawa-2023-en.xlsx,zone
Ottawa,Former City of Ottawa (Zones 1-9),1,average_rent,2022,2023,1325.0,a,ok,1.1.2,rmr-ottawa-2023-en.xlsx,submarket
Ottawa,Ottawa CMA,1,average_rent,2022,2023,1341.0,a,ok,1.1.2,rmr-ottawa-2023-en.xlsx,cma
Ottawa,Zone 1 - Downtown,1,average_rent,2023,2023,1473.0,a,ok,1.1.2,rmr-ottawa-2023-en.xlsx,zone
Ottawa,Former City of Ottawa (Zones 1-9),1,average_rent,2023,2023,1402.0,a,ok,1.1.2,rmr-ottawa-2023-en.xlsx,submarket
Ottawa,Ottawa CMA,1,average_rent,2023,2023,1411.0,a,ok,1.1.2,rmr-ottawa-2023-en.xlsx,cma
Ottawa,Zone 1 - Downtown,2,average_rent,2022,2023,1679.0,a,ok,1.1.2,rmr-ottawa-2023-en.xlsx,zone
Ottawa,Former City of Ottawa (Zones 1-9),2,average_rent,2022,2023,1629.0,a,ok,1.1.2,rmr-ottawa-2023-en.xlsx,submarket
Ottawa,Ottawa CMA,2,average_rent,2022,2023,1615.0,a,ok,1.1.2,rmr-ottawa-2023-en.xlsx,cma
Ottawa,Zone 1 - Downtown,2,average_rent,2023,2023,1872.0,b,ok,1.1.2,rmr-ottawa-2023-en.xlsx,zone
Ottawa,Former City of Ottawa (Zones 1-9),2,average_rent,2023,2023,1715.0,a,ok,1.1.2,rmr-ottawa-2023-en.xlsx,submarket
Ottawa,Ottawa CMA,2,average_rent,2023,2023,1698.0,a,ok,1.1.2,rmr-ottawa-2023-en.xlsx,cma
Ottawa,Zone 1 - Downtown,3+,average_rent,2022,2023,2106.0,c,ok,1.1.2,rmr-ottawa-2023-en.xlsx,zone
Ottawa,Former City of Ottawa (Zones 1-9),3+,average_rent,2022,2023,2029.0,b,ok,1.1.2,rmr-ottawa-2023-en.xlsx,submarket
Ottawa,Ottawa CMA,3+,average_rent,2022,2023,1945.0,a,ok,1.1.2,rmr-ottawa-2023-en.xlsx,cma
Ottawa,Zone 1 - Downtown,3+,average_rent,2023,2023,2186.0,c,ok,1.1.2,rmr-ottawa-2023-en.xlsx,zone
Ottawa,Former City of Ottawa (Zones 1-9),3+,average_rent,2023,2023,2138.0,b,ok,1.1.2,rmr-ottawa-2023-en.xlsx,submarket
Ottawa,Ottawa CMA,3+,average_rent,2023,2023,2119.0,b,ok,1.1.2,rmr-ottawa-2023-en.xlsx,cma
Ottawa,Zone 1 - Downtown,total,average_rent,2022,2023,1403.0,a,ok,1.1.2,rmr-ottawa-2023-en.xlsx,zone
Ottawa,Former City of Ottawa (Zones 1-9),total,average_rent,2022,2023,1438.0,a,ok,1.1.2,rmr-ottawa-2023-en.xlsx,submarket
Ottawa,Ottawa CMA,total,average_rent,2022,2023,1454.0,a,ok,1.1.2,rmr-ottawa-2023-en.xlsx,cma
Ottawa,Zone 1 - Downtown,total,average_rent,2023,2023,1527.0,a,ok,1.1.2,rmr-ottawa-2023-en.xlsx,zone
Ottawa,Former City of Ottawa (Zones 1-9),total,average_rent,2023,2023,1520.0,a,ok,1.1.2,rmr-ottawa-2023-en.xlsx,submarket
Ottawa,Ottawa CMA,total,average_rent,2023,2023,1538.0,a,ok,1.1.2,rmr-ottawa-2023-en.xlsx,cma
Ottawa,Zone 1 - Downtown,studio,fixed_sample_rent_change_pct,2022,2023,2.6,c,ok,1.1.5,rmr-ottawa-2023-en.xlsx,zone
Ottawa,Former City of Ottawa (Zones 1-9),studio,fixed_sample_rent_change_pct,2022,2023,3.7,b,ok,1.1.5,rmr-ottawa-2023-en.xlsx,submarket
Ottawa,Ottawa CMA,studio,fixed_sample_rent_change_pct,2022,2023,4.1,b,ok,1.1.5,rmr-ottawa-2023-en.xlsx,cma
Ottawa,Zone 1 - Downtown,studio,fixed_sample_rent_change_pct,2023,2023,,,not_significant,1.1.5,rmr-ottawa-2023-en.xlsx,zone
Ottawa,Former City of Ottawa (Zones 1-9),studio,fixed_sample_rent_change_pct,2023,2023,3.5,c,ok,1.1.5,rmr-ottawa-2023-en.xlsx,submarket
Ottawa,Ottawa CMA,studio,fixed_sample_rent_change_pct,2023,2023,3.6,c,ok,1.1.5,rmr-ottawa-2023-en.xlsx,cma
Ottawa,Zone 1 - Downtown,1,fixed_sample_rent_change_pct,2022,2023,,,not_significant,1.1.5,rmr-ottawa-2023-en.xlsx,zone
Ottawa,Former City of Ottawa (Zones 1-9),1,fixed_sample_rent_change_pct,2022,2023,3.7,c,ok,1.1.5,rmr-ottawa-2023-en.xlsx,submarket
Ottawa,Ottawa CMA,1,fixed_sample_rent_change_pct,2022,2023,3.8,b,ok,1.1.5,rmr-ottawa-2023-en.xlsx,cma
Ottawa,Zone 1 - Downtown,1,fixed_sample_rent_change_pct,2023,2023,,,suppressed,1.1.5,rmr-ottawa-2023-en.xlsx,zone
Ottawa,Former City of Ottawa (Zones 1-9),1,fixed_sample_rent_change_pct,2023,2023,4.2,c,ok,1.1.5,rmr-ottawa-2023-en.xlsx,submarket
Ottawa,Ottawa CMA,1,fixed_sample_rent_change_pct,2023,2023,4.5,b,ok,1.1.5,rmr-ottawa-2023-en.xlsx,cma
Ottawa,Zone 1 - Downtown,2,fixed_sample_rent_change_pct,2022,2023,,,not_significant,1.1.5,rmr-ottawa-2023-en.xlsx,zone
Ottawa,Former City of Ottawa (Zones 1-9),2,fixed_sample_rent_change_pct,2022,2023,4.1,c,ok,1.1.5,rmr-ottawa-2023-en.xlsx,submarket
Ottawa,Ottawa CMA,2,fixed_sample_rent_change_pct,2022,2023,4.8,b,ok,1.1.5,rmr-ottawa-2023-en.xlsx,cma
Ottawa,Zone 1 - Downtown,2,fixed_sample_rent_change_pct,2023,2023,4.3,d,ok,1.1.5,rmr-ottawa-2023-en.xlsx,zone
Ottawa,Former City of Ottawa (Zones 1-9),2,fixed_sample_rent_change_pct,2023,2023,4.0,c,ok,1.1.5,rmr-ottawa-2023-en.xlsx,submarket
Ottawa,Ottawa CMA,2,fixed_sample_rent_change_pct,2023,2023,4.0,b,ok,1.1.5,rmr-ottawa-2023-en.xlsx,cma
Ottawa,Zone 1 - Downtown,3+,fixed_sample_rent_change_pct,2022,2023,,,not_significant,1.1.5,rmr-ottawa-2023-en.xlsx,zone
Ottawa,Former City of Ottawa (Zones 1-9),3+,fixed_sample_rent_change_pct,2022,2023,,,suppressed,1.1.5,rmr-ottawa-2023-en.xlsx,submarket
Ottawa,Ottawa CMA,3+,fixed_sample_rent_change_pct,2022,2023,,,suppressed,1.1.5,rmr-ottawa-2023-en.xlsx,cma
Ottawa,Zone 1 - Downtown,3+,fixed_sample_rent_change_pct,2023,2023,,,not_significant,1.1.5,rmr-ottawa-2023-en.xlsx,zone
Ottawa,Former City of Ottawa (Zones 1-9),3+,fixed_sample_rent_change_pct,2023,2023,5.3,d,ok,1.1.5,rmr-ottawa-2023-en.xlsx,submarket
Ottawa,Ottawa CMA,3+,fixed_sample_rent_change_pct,2023,2023,4.4,d,ok,1.1.5,rmr-ottawa-2023-en.xlsx,cma
Ottawa,Zone 1 - Downtown,total,fixed_sample_rent_change_pct,2022,2023,,,not_significant,1.1.5,rmr-ottawa-2023-en.xlsx,zone
Ottawa,Former City of Ottawa (Zones 1-9),total,fixed_sample_rent_change_pct,2022,2023,3.5,b,ok,1.1.5,rmr-ottawa-2023-en.xlsx,submarket
Ottawa,Ottawa CMA,total,fixed_sample_rent_change_pct,2022,2023,3.9,b,ok,1.1.5,rmr-ottawa-2023-en.xlsx,cma
Ottawa,Zone 1 - Downtown,total,fixed_sample_rent_change_pct,2023,2023,3.2,d,ok,1.1.5,rmr-ottawa-2023-en.xlsx,zone
Ottawa,Former City of Ottawa (Zones 1-9),total,fixed_sample_rent_change_pct,2023,2023,4.1,b,ok,1.1.5,rmr-ottawa-2023-en.xlsx,submarket
Ottawa,Ottawa CMA,total,fixed_sample_rent_change_pct,2023,2023,4.3,b,ok,1.1.5,rmr-ottawa-2023-en.xlsx,cma
Ottawa,Zone 1 - Downtown,studio,turnover_rate_pct,2022,2023,13.6,d,ok,1.1.6,rmr-ottawa-2023-en.xlsx,zone
Ottawa,Former City of Ottawa (Zones 1-9),studio,turnover_rate_pct,2022,2023,17.4,d,ok,1.1.6,rmr-ottawa-2023-en.xlsx,submarket
Ottawa,Ottawa CMA,studio,turnover_rate_pct,2022,2023,18.1,a,ok,1.1.6,rmr-ottawa-2023-en.xlsx,cma
Ottawa,Zone 1 - Downtown,studio,turnover_rate_pct,2023,2023,,,suppressed,1.1.6,rmr-ottawa-2023-en.xlsx,zone
Ottawa,Former City of Ottawa (Zones 1-9),studio,turnover_rate_pct,2023,2023,18.4,a,ok,1.1.6,rmr-ottawa-2023-en.xlsx,submarket
Ottawa,Ottawa CMA,studio,turnover_rate_pct,2023,2023,18.6,a,ok,1.1.6,rmr-ottawa-2023-en.xlsx,cma
Ottawa,Zone 1 - Downtown,1,turnover_rate_pct,2022,2023,14.6,c,ok,1.1.6,rmr-ottawa-2023-en.xlsx,zone
Ottawa,Former City of Ottawa (Zones 1-9),1,turnover_rate_pct,2022,2023,15.7,a,ok,1.1.6,rmr-ottawa-2023-en.xlsx,submarket
Ottawa,Ottawa CMA,1,turnover_rate_pct,2022,2023,16.4,a,ok,1.1.6,rmr-ottawa-2023-en.xlsx,cma
Ottawa,Zone 1 - Downtown,1,turnover_rate_pct,2023,2023,17.3,d,ok,1.1.6,rmr-ottawa-2023-en.xlsx,zone
Ottawa,Former City of Ottawa (Zones 1-9),1,turnover_rate_pct,2023,2023,17.5,a,ok,1.1.6,rmr-ottawa-2023-en.xlsx,submarket
Ottawa,Ottawa CMA,1,turnover_rate_pct,2023,2023,18.0,a,ok,1.1.6,rmr-ottawa-2023-en.xlsx,cma
Ottawa,Zone 1 - Downtown,2,turnover_rate_pct,2022,2023,13.9,d,ok,1.1.6,rmr-ottawa-2023-en.xlsx,zone
Ottawa,Former City of Ottawa (Zones 1-9),2,turnover_rate_pct,2022,2023,16.5,a,ok,1.1.6,rmr-ottawa-2023-en.xlsx,submarket
Ottawa,Ottawa CMA,2,turnover_rate_pct,2022,2023,16.4,a,ok,1.1.6,rmr-ottawa-2023-en.xlsx,cma
Ottawa,Zone 1 - Downtown,2,turnover_rate_pct,2023,2023,13.6,d,ok,1.1.6,rmr-ottawa-2023-en.xlsx,zone
Ottawa,Former City of Ottawa (Zones 1-9),2,turnover_rate_pct,2023,2023,15.1,a,ok,1.1.6,rmr-ottawa-2023-en.xlsx,submarket
Ottawa,Ottawa CMA,2,turnover_rate_pct,2023,2023,14.3,a,ok,1.1.6,rmr-ottawa-2023-en.xlsx,cma
Ottawa,Zone 1 - Downtown,3+,turnover_rate_pct,2022,2023,,,suppressed,1.1.6,rmr-ottawa-2023-en.xlsx,zone
Ottawa,Former City of Ottawa (Zones 1-9),3+,turnover_rate_pct,2022,2023,17.8,d,ok,1.1.6,rmr-ottawa-2023-en.xlsx,submarket
Ottawa,Ottawa CMA,3+,turnover_rate_pct,2022,2023,,,suppressed,1.1.6,rmr-ottawa-2023-en.xlsx,cma
Ottawa,Zone 1 - Downtown,3+,turnover_rate_pct,2023,2023,,,suppressed,1.1.6,rmr-ottawa-2023-en.xlsx,zone
Ottawa,Former City of Ottawa (Zones 1-9),3+,turnover_rate_pct,2023,2023,,,suppressed,1.1.6,rmr-ottawa-2023-en.xlsx,submarket
Ottawa,Ottawa CMA,3+,turnover_rate_pct,2023,2023,,,suppressed,1.1.6,rmr-ottawa-2023-en.xlsx,cma
Ottawa,Zone 1 - Downtown,total,turnover_rate_pct,2022,2023,14.5,c,ok,1.1.6,rmr-ottawa-2023-en.xlsx,zone
Ottawa,Former City of Ottawa (Zones 1-9),total,turnover_rate_pct,2022,2023,16.3,a,ok,1.1.6,rmr-ottawa-2023-en.xlsx,submarket
Ottawa,Ottawa CMA,total,turnover_rate_pct,2022,2023,16.7,a,ok,1.1.6,rmr-ottawa-2023-en.xlsx,cma
Ottawa,Zone 1 - Downtown,total,turnover_rate_pct,2023,2023,17.0,d,ok,1.1.6,rmr-ottawa-2023-en.xlsx,zone
Ottawa,Former City of Ottawa (Zones 1-9),total,turnover_rate_pct,2023,2023,16.6,a,ok,1.1.6,rmr-ottawa-2023-en.xlsx,submarket
Ottawa,Ottawa CMA,total,turnover_rate_pct,2023,2023,16.5,a,ok,1.1.6,rmr-ottawa-2023-en.xlsx,cma
Ottawa,Zone 1 - Downtown,studio,vacant_unit_rent,2023,2023,,,suppressed,1.1.9,rmr-ottawa-2023-en.xlsx,zone
Ottawa,Former City of Ottawa (Zones 1-9),studio,vacant_unit_rent,2023,2023,1123.0,c,ok,1.1.9,rmr-ottawa-2023-en.xlsx,submarket
Ottawa,Ottawa CMA,studio,vacant_unit_rent,2023,2023,1153.0,b,ok,1.1.9,rmr-ottawa-2023-en.xlsx,cma
Ottawa,Zone 1 - Downtown,studio,occupied_unit_rent,2023,2023,1151.0,a,ok,1.1.9,rmr-ottawa-2023-en.xlsx,zone
Ottawa,Former City of Ottawa (Zones 1-9),studio,occupied_unit_rent,2023,2023,1150.0,a,ok,1.1.9,rmr-ottawa-2023-en.xlsx,submarket
Ottawa,Ottawa CMA,studio,occupied_unit_rent,2023,2023,1172.0,a,ok,1.1.9,rmr-ottawa-2023-en.xlsx,cma
Ottawa,Zone 1 - Downtown,1,vacant_unit_rent,2023,2023,1576.0,b,ok,1.1.9,rmr-ottawa-2023-en.xlsx,zone
Ottawa,Former City of Ottawa (Zones 1-9),1,vacant_unit_rent,2023,2023,1367.0,a,ok,1.1.9,rmr-ottawa-2023-en.xlsx,submarket
Ottawa,Ottawa CMA,1,vacant_unit_rent,2023,2023,1368.0,a,ok,1.1.9,rmr-ottawa-2023-en.xlsx,cma
Ottawa,Zone 1 - Downtown,1,occupied_unit_rent,2023,2023,1471.0,a,ok,1.1.9,rmr-ottawa-2023-en.xlsx,zone
Ottawa,Former City of Ottawa (Zones 1-9),1,occupied_unit_rent,2023,2023,1402.0,a,ok,1.1.9,rmr-ottawa-2023-en.xlsx,submarket
Ottawa,Ottawa CMA,1,occupied_unit_rent,2023,2023,1411.0,a,ok,1.1.9,rmr-ottawa-2023-en.xlsx,cma
Ottawa,Zone 1 - Downtown,2,vacant_unit_rent,2023,2023,,,suppressed,1.1.9,rmr-ottawa-2023-en.xlsx,zone
Ottawa,Former City of Ottawa (Zones 1-9),2,vacant_unit_rent,2023,2023,1737.0,b,ok,1.1.9,rmr-ottawa-2023-en.xlsx,submarket
Ottawa,Ottawa CMA,2,vacant_unit_rent,2023,2023,1728.0,b,ok,1.1.9,rmr-ottawa-2023-en.xlsx,cma
Ottawa,Zone 1 - Downtown,2,occupied_unit_rent,2023,2023,1870.0,b,ok,1.1.9,rmr-ottawa-2023-en.xlsx,zone
Ottawa,Former City of Ottawa (Zones 1-9),2,occupied_unit_rent,2023,2023,1712.0,a,ok,1.1.9,rmr-ottawa-2023-en.xlsx,submarket
Ottawa,Ottawa CMA,2,occupied_unit_rent,2023,2023,1696.0,a,ok,1.1.9,rmr-ottawa-2023-en.xlsx,cma
Ottawa,Zone 1 - Downtown,3+,vacant_unit_rent,2023,2023,,,suppressed,1.1.9,rmr-ottawa-2023-en.xlsx,zone
Ottawa,Former City of Ottawa (Zones 1-9),3+,vacant_unit_rent,2023,2023,2270.0,d,ok,1.1.9,rmr-ottawa-2023-en.xlsx,submarket
Ottawa,Ottawa CMA,3+,vacant_unit_rent,2023,2023,2130.0,c,ok,1.1.9,rmr-ottawa-2023-en.xlsx,cma
Ottawa,Zone 1 - Downtown,3+,occupied_unit_rent,2023,2023,2187.0,c,ok,1.1.9,rmr-ottawa-2023-en.xlsx,zone
Ottawa,Former City of Ottawa (Zones 1-9),3+,occupied_unit_rent,2023,2023,2136.0,b,ok,1.1.9,rmr-ottawa-2023-en.xlsx,submarket
Ottawa,Ottawa CMA,3+,occupied_unit_rent,2023,2023,2119.0,b,ok,1.1.9,rmr-ottawa-2023-en.xlsx,cma
Ottawa,Zone 1 - Downtown,total,vacant_unit_rent,2023,2023,1545.0,c,ok,1.1.9,rmr-ottawa-2023-en.xlsx,zone
Ottawa,Former City of Ottawa (Zones 1-9),total,vacant_unit_rent,2023,2023,1534.0,a,ok,1.1.9,rmr-ottawa-2023-en.xlsx,submarket
Ottawa,Ottawa CMA,total,vacant_unit_rent,2023,2023,1537.0,a,ok,1.1.9,rmr-ottawa-2023-en.xlsx,cma
Ottawa,Zone 1 - Downtown,total,occupied_unit_rent,2023,2023,1525.0,a,ok,1.1.9,rmr-ottawa-2023-en.xlsx,zone
Ottawa,Former City of Ottawa (Zones 1-9),total,occupied_unit_rent,2023,2023,1518.0,a,ok,1.1.9,rmr-ottawa-2023-en.xlsx,submarket
Ottawa,Ottawa CMA,total,occupied_unit_rent,2023,2023,1537.0,a,ok,1.1.9,rmr-ottawa-2023-en.xlsx,cma
Ottawa,Zone 1 - Downtown,studio,vacancy_rate_pct,2023,2024,3.0,c,ok,1.1.1,rmr-ottawa-2024-en.xlsx,zone
Ottawa,Former City of Ottawa (Zones 1-9),studio,vacancy_rate_pct,2023,2024,1.6,b,ok,1.1.1,rmr-ottawa-2024-en.xlsx,submarket
Ottawa,Ottawa CMA,studio,vacancy_rate_pct,2023,2024,1.6,b,ok,1.1.1,rmr-ottawa-2024-en.xlsx,cma
Ottawa,Zone 1 - Downtown,studio,vacancy_rate_pct,2024,2024,1.5,a,ok,1.1.1,rmr-ottawa-2024-en.xlsx,zone
Ottawa,Former City of Ottawa (Zones 1-9),studio,vacancy_rate_pct,2024,2024,1.8,a,ok,1.1.1,rmr-ottawa-2024-en.xlsx,submarket
Ottawa,Ottawa CMA,studio,vacancy_rate_pct,2024,2024,2.4,b,ok,1.1.1,rmr-ottawa-2024-en.xlsx,cma
Ottawa,Zone 1 - Downtown,1,vacancy_rate_pct,2023,2024,2.8,b,ok,1.1.1,rmr-ottawa-2024-en.xlsx,zone
Ottawa,Former City of Ottawa (Zones 1-9),1,vacancy_rate_pct,2023,2024,2.0,a,ok,1.1.1,rmr-ottawa-2024-en.xlsx,submarket
Ottawa,Ottawa CMA,1,vacancy_rate_pct,2023,2024,2.1,a,ok,1.1.1,rmr-ottawa-2024-en.xlsx,cma
Ottawa,Zone 1 - Downtown,1,vacancy_rate_pct,2024,2024,2.7,b,ok,1.1.1,rmr-ottawa-2024-en.xlsx,zone
Ottawa,Former City of Ottawa (Zones 1-9),1,vacancy_rate_pct,2024,2024,2.2,a,ok,1.1.1,rmr-ottawa-2024-en.xlsx,submarket
Ottawa,Ottawa CMA,1,vacancy_rate_pct,2024,2024,2.4,a,ok,1.1.1,rmr-ottawa-2024-en.xlsx,cma
Ottawa,Zone 1 - Downtown,2,vacancy_rate_pct,2023,2024,3.2,d,ok,1.1.1,rmr-ottawa-2024-en.xlsx,zone
Ottawa,Former City of Ottawa (Zones 1-9),2,vacancy_rate_pct,2023,2024,2.6,a,ok,1.1.1,rmr-ottawa-2024-en.xlsx,submarket
Ottawa,Ottawa CMA,2,vacancy_rate_pct,2023,2024,2.3,a,ok,1.1.1,rmr-ottawa-2024-en.xlsx,cma
Ottawa,Zone 1 - Downtown,2,vacancy_rate_pct,2024,2024,1.6,c,ok,1.1.1,rmr-ottawa-2024-en.xlsx,zone
Ottawa,Former City of Ottawa (Zones 1-9),2,vacancy_rate_pct,2024,2024,2.2,b,ok,1.1.1,rmr-ottawa-2024-en.xlsx,submarket
Ottawa,Ottawa CMA,2,vacancy_rate_pct,2024,2024,2.9,a,ok,1.1.1,rmr-ottawa-2024-en.xlsx,cma
Ottawa,Zone 1 - Downtown,3+,vacancy_rate_pct,2023,2024,,,suppressed,1.1.1,rmr-ottawa-2024-en.xlsx,zone
Ottawa,Former City of Ottawa (Zones 1-9),3+,vacancy_rate_pct,2023,2024,1.5,c,ok,1.1.1,rmr-ottawa-2024-en.xlsx,submarket
Ottawa,Ottawa CMA,3+,vacancy_rate_pct,2023,2024,1.4,a,ok,1.1.1,rmr-ottawa-2024-en.xlsx,cma
Ottawa,Zone 1 - Downtown,3+,vacancy_rate_pct,2024,2024,0.4,b,ok,1.1.1,rmr-ottawa-2024-en.xlsx,zone
Ottawa,Former City of Ottawa (Zones 1-9),3+,vacancy_rate_pct,2024,2024,1.5,c,ok,1.1.1,rmr-ottawa-2024-en.xlsx,submarket
Ottawa,Ottawa CMA,3+,vacancy_rate_pct,2024,2024,1.7,c,ok,1.1.1,rmr-ottawa-2024-en.xlsx,cma
Ottawa,Zone 1 - Downtown,total,vacancy_rate_pct,2023,2024,2.9,b,ok,1.1.1,rmr-ottawa-2024-en.xlsx,zone
Ottawa,Former City of Ottawa (Zones 1-9),total,vacancy_rate_pct,2023,2024,2.2,a,ok,1.1.1,rmr-ottawa-2024-en.xlsx,submarket
Ottawa,Ottawa CMA,total,vacancy_rate_pct,2023,2024,2.1,a,ok,1.1.1,rmr-ottawa-2024-en.xlsx,cma
Ottawa,Zone 1 - Downtown,total,vacancy_rate_pct,2024,2024,2.1,a,ok,1.1.1,rmr-ottawa-2024-en.xlsx,zone
Ottawa,Former City of Ottawa (Zones 1-9),total,vacancy_rate_pct,2024,2024,2.2,a,ok,1.1.1,rmr-ottawa-2024-en.xlsx,submarket
Ottawa,Ottawa CMA,total,vacancy_rate_pct,2024,2024,2.6,a,ok,1.1.1,rmr-ottawa-2024-en.xlsx,cma
Ottawa,Zone 1 - Downtown,studio,average_rent,2023,2024,1151.0,a,ok,1.1.2,rmr-ottawa-2024-en.xlsx,zone
Ottawa,Former City of Ottawa (Zones 1-9),studio,average_rent,2023,2024,1150.0,a,ok,1.1.2,rmr-ottawa-2024-en.xlsx,submarket
Ottawa,Ottawa CMA,studio,average_rent,2023,2024,1173.0,a,ok,1.1.2,rmr-ottawa-2024-en.xlsx,cma
Ottawa,Zone 1 - Downtown,studio,average_rent,2024,2024,1242.0,a,ok,1.1.2,rmr-ottawa-2024-en.xlsx,zone
Ottawa,Former City of Ottawa (Zones 1-9),studio,average_rent,2024,2024,1229.0,a,ok,1.1.2,rmr-ottawa-2024-en.xlsx,submarket
Ottawa,Ottawa CMA,studio,average_rent,2024,2024,1253.0,a,ok,1.1.2,rmr-ottawa-2024-en.xlsx,cma
Ottawa,Zone 1 - Downtown,1,average_rent,2023,2024,1473.0,a,ok,1.1.2,rmr-ottawa-2024-en.xlsx,zone
Ottawa,Former City of Ottawa (Zones 1-9),1,average_rent,2023,2024,1402.0,a,ok,1.1.2,rmr-ottawa-2024-en.xlsx,submarket
Ottawa,Ottawa CMA,1,average_rent,2023,2024,1411.0,a,ok,1.1.2,rmr-ottawa-2024-en.xlsx,cma
Ottawa,Zone 1 - Downtown,1,average_rent,2024,2024,1521.0,a,ok,1.1.2,rmr-ottawa-2024-en.xlsx,zone
Ottawa,Former City of Ottawa (Zones 1-9),1,average_rent,2024,2024,1512.0,a,ok,1.1.2,rmr-ottawa-2024-en.xlsx,submarket
Ottawa,Ottawa CMA,1,average_rent,2024,2024,1522.0,a,ok,1.1.2,rmr-ottawa-2024-en.xlsx,cma
Ottawa,Zone 1 - Downtown,2,average_rent,2023,2024,1872.0,b,ok,1.1.2,rmr-ottawa-2024-en.xlsx,zone
Ottawa,Former City of Ottawa (Zones 1-9),2,average_rent,2023,2024,1715.0,a,ok,1.1.2,rmr-ottawa-2024-en.xlsx,submarket
Ottawa,Ottawa CMA,2,average_rent,2023,2024,1698.0,a,ok,1.1.2,rmr-ottawa-2024-en.xlsx,cma
Ottawa,Zone 1 - Downtown,2,average_rent,2024,2024,1940.0,b,ok,1.1.2,rmr-ottawa-2024-en.xlsx,zone
Ottawa,Former City of Ottawa (Zones 1-9),2,average_rent,2024,2024,1873.0,a,ok,1.1.2,rmr-ottawa-2024-en.xlsx,submarket
Ottawa,Ottawa CMA,2,average_rent,2024,2024,1880.0,a,ok,1.1.2,rmr-ottawa-2024-en.xlsx,cma
Ottawa,Zone 1 - Downtown,3+,average_rent,2023,2024,2186.0,c,ok,1.1.2,rmr-ottawa-2024-en.xlsx,zone
Ottawa,Former City of Ottawa (Zones 1-9),3+,average_rent,2023,2024,2138.0,b,ok,1.1.2,rmr-ottawa-2024-en.xlsx,submarket
Ottawa,Ottawa CMA,3+,average_rent,2023,2024,2119.0,b,ok,1.1.2,rmr-ottawa-2024-en.xlsx,cma
Ottawa,Zone 1 - Downtown,3+,average_rent,2024,2024,2338.0,b,ok,1.1.2,rmr-ottawa-2024-en.xlsx,zone
Ottawa,Former City of Ottawa (Zones 1-9),3+,average_rent,2024,2024,2252.0,a,ok,1.1.2,rmr-ottawa-2024-en.xlsx,submarket
Ottawa,Ottawa CMA,3+,average_rent,2024,2024,2191.0,a,ok,1.1.2,rmr-ottawa-2024-en.xlsx,cma
Ottawa,Zone 1 - Downtown,total,average_rent,2023,2024,1527.0,a,ok,1.1.2,rmr-ottawa-2024-en.xlsx,zone
Ottawa,Former City of Ottawa (Zones 1-9),total,average_rent,2023,2024,1520.0,a,ok,1.1.2,rmr-ottawa-2024-en.xlsx,submarket
Ottawa,Ottawa CMA,total,average_rent,2023,2024,1538.0,a,ok,1.1.2,rmr-ottawa-2024-en.xlsx,cma
Ottawa,Zone 1 - Downtown,total,average_rent,2024,2024,1598.0,a,ok,1.1.2,rmr-ottawa-2024-en.xlsx,zone
Ottawa,Former City of Ottawa (Zones 1-9),total,average_rent,2024,2024,1643.0,a,ok,1.1.2,rmr-ottawa-2024-en.xlsx,submarket
Ottawa,Ottawa CMA,total,average_rent,2024,2024,1673.0,a,ok,1.1.2,rmr-ottawa-2024-en.xlsx,cma
Ottawa,Zone 1 - Downtown,studio,fixed_sample_rent_change_pct,2023,2024,,,not_significant,1.1.5,rmr-ottawa-2024-en.xlsx,zone
Ottawa,Former City of Ottawa (Zones 1-9),studio,fixed_sample_rent_change_pct,2023,2024,3.5,c,ok,1.1.5,rmr-ottawa-2024-en.xlsx,submarket
Ottawa,Ottawa CMA,studio,fixed_sample_rent_change_pct,2023,2024,3.6,c,ok,1.1.5,rmr-ottawa-2024-en.xlsx,cma
Ottawa,Zone 1 - Downtown,studio,fixed_sample_rent_change_pct,2024,2024,,,suppressed,1.1.5,rmr-ottawa-2024-en.xlsx,zone
Ottawa,Former City of Ottawa (Zones 1-9),studio,fixed_sample_rent_change_pct,2024,2024,5.4,b,ok,1.1.5,rmr-ottawa-2024-en.xlsx,submarket
Ottawa,Ottawa CMA,studio,fixed_sample_rent_change_pct,2024,2024,6.1,b,ok,1.1.5,rmr-ottawa-2024-en.xlsx,cma
Ottawa,Zone 1 - Downtown,1,fixed_sample_rent_change_pct,2023,2024,,,suppressed,1.1.5,rmr-ottawa-2024-en.xlsx,zone
Ottawa,Former City of Ottawa (Zones 1-9),1,fixed_sample_rent_change_pct,2023,2024,4.2,c,ok,1.1.5,rmr-ottawa-2024-en.xlsx,submarket
Ottawa,Ottawa CMA,1,fixed_sample_rent_change_pct,2023,2024,4.5,b,ok,1.1.5,rmr-ottawa-2024-en.xlsx,cma
Ottawa,Zone 1 - Downtown,1,fixed_sample_rent_change_pct,2024,2024,5.3,d,ok,1.1.5,rmr-ottawa-2024-en.xlsx,zone
Ottawa,Former City of Ottawa (Zones 1-9),1,fixed_sample_rent_change_pct,2024,2024,5.5,a,ok,1.1.5,rmr-ottawa-2024-en.xlsx,submarket
Ottawa,Ottawa CMA,1,fixed_sample_rent_change_pct,2024,2024,5.5,a,ok,1.1.5,rmr-ottawa-2024-en.xlsx,cma
Ottawa,Zone 1 - Downtown,2,fixed_sample_rent_change_pct,2023,2024,4.3,d,ok,1.1.5,rmr-ottawa-2024-en.xlsx,zone
Ottawa,Former City of Ottawa (Zones 1-9),2,fixed_sample_rent_change_pct,2023,2024,4.0,c,ok,1.1.5,rmr-ottawa-2024-en.xlsx,submarket
Ottawa,Ottawa CMA,2,fixed_sample_rent_change_pct,2023,2024,4.0,b,ok,1.1.5,rmr-ottawa-2024-en.xlsx,cma
Ottawa,Zone 1 - Downtown,2,fixed_sample_rent_change_pct,2024,2024,4.4,d,ok,1.1.5,rmr-ottawa-2024-en.xlsx,zone
Ottawa,Former City of Ottawa (Zones 1-9),2,fixed_sample_rent_change_pct,2024,2024,4.8,b,ok,1.1.5,rmr-ottawa-2024-en.xlsx,submarket
Ottawa,Ottawa CMA,2,fixed_sample_rent_change_pct,2024,2024,5.0,b,ok,1.1.5,rmr-ottawa-2024-en.xlsx,cma
Ottawa,Zone 1 - Downtown,3+,fixed_sample_rent_change_pct,2023,2024,,,not_significant,1.1.5,rmr-ottawa-2024-en.xlsx,zone
Ottawa,Former City of Ottawa (Zones 1-9),3+,fixed_sample_rent_change_pct,2023,2024,5.3,d,ok,1.1.5,rmr-ottawa-2024-en.xlsx,submarket
Ottawa,Ottawa CMA,3+,fixed_sample_rent_change_pct,2023,2024,4.4,d,ok,1.1.5,rmr-ottawa-2024-en.xlsx,cma
Ottawa,Zone 1 - Downtown,3+,fixed_sample_rent_change_pct,2024,2024,,,suppressed,1.1.5,rmr-ottawa-2024-en.xlsx,zone
Ottawa,Former City of Ottawa (Zones 1-9),3+,fixed_sample_rent_change_pct,2024,2024,4.0,c,ok,1.1.5,rmr-ottawa-2024-en.xlsx,submarket
Ottawa,Ottawa CMA,3+,fixed_sample_rent_change_pct,2024,2024,4.4,b,ok,1.1.5,rmr-ottawa-2024-en.xlsx,cma
Ottawa,Zone 1 - Downtown,total,fixed_sample_rent_change_pct,2023,2024,3.2,d,ok,1.1.5,rmr-ottawa-2024-en.xlsx,zone
Ottawa,Former City of Ottawa (Zones 1-9),total,fixed_sample_rent_change_pct,2023,2024,4.1,b,ok,1.1.5,rmr-ottawa-2024-en.xlsx,submarket
Ottawa,Ottawa CMA,total,fixed_sample_rent_change_pct,2023,2024,4.3,b,ok,1.1.5,rmr-ottawa-2024-en.xlsx,cma
Ottawa,Zone 1 - Downtown,total,fixed_sample_rent_change_pct,2024,2024,5.6,c,ok,1.1.5,rmr-ottawa-2024-en.xlsx,zone
Ottawa,Former City of Ottawa (Zones 1-9),total,fixed_sample_rent_change_pct,2024,2024,5.1,a,ok,1.1.5,rmr-ottawa-2024-en.xlsx,submarket
Ottawa,Ottawa CMA,total,fixed_sample_rent_change_pct,2024,2024,5.2,a,ok,1.1.5,rmr-ottawa-2024-en.xlsx,cma
Ottawa,Zone 1 - Downtown,studio,turnover_rate_pct,2023,2024,,,suppressed,1.1.6,rmr-ottawa-2024-en.xlsx,zone
Ottawa,Former City of Ottawa (Zones 1-9),studio,turnover_rate_pct,2023,2024,18.4,a,ok,1.1.6,rmr-ottawa-2024-en.xlsx,submarket
Ottawa,Ottawa CMA,studio,turnover_rate_pct,2023,2024,18.6,a,ok,1.1.6,rmr-ottawa-2024-en.xlsx,cma
Ottawa,Zone 1 - Downtown,studio,turnover_rate_pct,2024,2024,18.8,d,ok,1.1.6,rmr-ottawa-2024-en.xlsx,zone
Ottawa,Former City of Ottawa (Zones 1-9),studio,turnover_rate_pct,2024,2024,17.8,a,ok,1.1.6,rmr-ottawa-2024-en.xlsx,submarket
Ottawa,Ottawa CMA,studio,turnover_rate_pct,2024,2024,18.0,a,ok,1.1.6,rmr-ottawa-2024-en.xlsx,cma
Ottawa,Zone 1 - Downtown,1,turnover_rate_pct,2023,2024,17.3,d,ok,1.1.6,rmr-ottawa-2024-en.xlsx,zone
Ottawa,Former City of Ottawa (Zones 1-9),1,turnover_rate_pct,2023,2024,17.5,a,ok,1.1.6,rmr-ottawa-2024-en.xlsx,submarket
Ottawa,Ottawa CMA,1,turnover_rate_pct,2023,2024,18.0,a,ok,1.1.6,rmr-ottawa-2024-en.xlsx,cma
Ottawa,Zone 1 - Downtown,1,turnover_rate_pct,2024,2024,14.0,c,ok,1.1.6,rmr-ottawa-2024-en.xlsx,zone
Ottawa,Former City of Ottawa (Zones 1-9),1,turnover_rate_pct,2024,2024,15.1,a,ok,1.1.6,rmr-ottawa-2024-en.xlsx,submarket
Ottawa,Ottawa CMA,1,turnover_rate_pct,2024,2024,15.2,a,ok,1.1.6,rmr-ottawa-2024-en.xlsx,cma
Ottawa,Zone 1 - Downtown,2,turnover_rate_pct,2023,2024,13.6,d,ok,1.1.6,rmr-ottawa-2024-en.xlsx,zone
Ottawa,Former City of Ottawa (Zones 1-9),2,turnover_rate_pct,2023,2024,15.1,a,ok,1.1.6,rmr-ottawa-2024-en.xlsx,submarket
Ottawa,Ottawa CMA,2,turnover_rate_pct,2023,2024,14.3,a,ok,1.1.6,rmr-ottawa-2024-en.xlsx,cma
Ottawa,Zone 1 - Downtown,2,turnover_rate_pct,2024,2024,13.4,d,ok,1.1.6,rmr-ottawa-2024-en.xlsx,zone
Ottawa,Former City of Ottawa (Zones 1-9),2,turnover_rate_pct,2024,2024,13.7,a,ok,1.1.6,rmr-ottawa-2024-en.xlsx,submarket
Ottawa,Ottawa CMA,2,turnover_rate_pct,2024,2024,13.4,a,ok,1.1.6,rmr-ottawa-2024-en.xlsx,cma
Ottawa,Zone 1 - Downtown,3+,turnover_rate_pct,2023,2024,,,suppressed,1.1.6,rmr-ottawa-2024-en.xlsx,zone
Ottawa,Former City of Ottawa (Zones 1-9),3+,turnover_rate_pct,2023,2024,,,suppressed,1.1.6,rmr-ottawa-2024-en.xlsx,submarket
Ottawa,Ottawa CMA,3+,turnover_rate_pct,2023,2024,,,suppressed,1.1.6,rmr-ottawa-2024-en.xlsx,cma
Ottawa,Zone 1 - Downtown,3+,turnover_rate_pct,2024,2024,,,suppressed,1.1.6,rmr-ottawa-2024-en.xlsx,zone
Ottawa,Former City of Ottawa (Zones 1-9),3+,turnover_rate_pct,2024,2024,11.6,c,ok,1.1.6,rmr-ottawa-2024-en.xlsx,submarket
Ottawa,Ottawa CMA,3+,turnover_rate_pct,2024,2024,11.2,c,ok,1.1.6,rmr-ottawa-2024-en.xlsx,cma
Ottawa,Zone 1 - Downtown,total,turnover_rate_pct,2023,2024,17.0,d,ok,1.1.6,rmr-ottawa-2024-en.xlsx,zone
Ottawa,Former City of Ottawa (Zones 1-9),total,turnover_rate_pct,2023,2024,16.6,a,ok,1.1.6,rmr-ottawa-2024-en.xlsx,submarket
Ottawa,Ottawa CMA,total,turnover_rate_pct,2023,2024,16.5,a,ok,1.1.6,rmr-ottawa-2024-en.xlsx,cma
Ottawa,Zone 1 - Downtown,total,turnover_rate_pct,2024,2024,14.5,c,ok,1.1.6,rmr-ottawa-2024-en.xlsx,zone
Ottawa,Former City of Ottawa (Zones 1-9),total,turnover_rate_pct,2024,2024,14.7,a,ok,1.1.6,rmr-ottawa-2024-en.xlsx,submarket
Ottawa,Ottawa CMA,total,turnover_rate_pct,2024,2024,14.5,a,ok,1.1.6,rmr-ottawa-2024-en.xlsx,cma
Ottawa,Zone 1 - Downtown,studio,vacant_unit_rent,2024,2024,1399.0,b,ok,1.1.9,rmr-ottawa-2024-en.xlsx,zone
Ottawa,Former City of Ottawa (Zones 1-9),studio,vacant_unit_rent,2024,2024,1414.0,a,ok,1.1.9,rmr-ottawa-2024-en.xlsx,submarket
Ottawa,Ottawa CMA,studio,vacant_unit_rent,2024,2024,1412.0,a,ok,1.1.9,rmr-ottawa-2024-en.xlsx,cma
Ottawa,Zone 1 - Downtown,studio,occupied_unit_rent,2024,2024,1240.0,a,ok,1.1.9,rmr-ottawa-2024-en.xlsx,zone
Ottawa,Former City of Ottawa (Zones 1-9),studio,occupied_unit_rent,2024,2024,1226.0,a,ok,1.1.9,rmr-ottawa-2024-en.xlsx,submarket
Ottawa,Ottawa CMA,studio,occupied_unit_rent,2024,2024,1249.0,a,ok,1.1.9,rmr-ottawa-2024-en.xlsx,cma
Ottawa,Zone 1 - Downtown,1,vacant_unit_rent,2024,2024,1611.0,a,ok,1.1.9,rmr-ottawa-2024-en.xlsx,zone
Ottawa,Former City of Ottawa (Zones 1-9),1,vacant_unit_rent,2024,2024,1820.0,a,ok,1.1.9,rmr-ottawa-2024-en.xlsx,submarket
Ottawa,Ottawa CMA,1,vacant_unit_rent,2024,2024,1870.0,a,ok,1.1.9,rmr-ottawa-2024-en.xlsx,cma
Ottawa,Zone 1 - Downtown,1,occupied_unit_rent,2024,2024,1519.0,a,ok,1.1.9,rmr-ottawa-2024-en.xlsx,zone
Ottawa,Former City of Ottawa (Zones 1-9),1,occupied_unit_rent,2024,2024,1506.0,a,ok,1.1.9,rmr-ottawa-2024-en.xlsx,submarket
Ottawa,Ottawa CMA,1,occupied_unit_rent,2024,2024,1514.0,a,ok,1.1.9,rmr-ottawa-2024-en.xlsx,cma
Ottawa,Zone 1 - Downtown,2,vacant_unit_rent,2024,2024,2080.0,b,ok,1.1.9,rmr-ottawa-2024-en.xlsx,zone
Ottawa,Former City of Ottawa (Zones 1-9),2,vacant_unit_rent,2024,2024,2401.0,a,ok,1.1.9,rmr-ottawa-2024-en.xlsx,submarket
Ottawa,Ottawa CMA,2,vacant_unit_rent,2024,2024,2435.0,a,ok,1.1.9,rmr-ottawa-2024-en.xlsx,cma
Ottawa,Zone 1 - Downtown,2,occupied_unit_rent,2024,2024,1939.0,b,ok,1.1.9,rmr-ottawa-2024-en.xlsx,zone
Ottawa,Former City of Ottawa (Zones 1-9),2,occupied_unit_rent,2024,2024,1863.0,a,ok,1.1.9,rmr-ottawa-2024-en.xlsx,submarket
Ottawa,Ottawa CMA,2,occupied_unit_rent,2024,2024,1866.0,a,ok,1.1.9,rmr-ottawa-2024-en.xlsx,cma
Ottawa,Zone 1 - Downtown,3+,vacant_unit_rent,2024,2024,,,suppressed,1.1.9,rmr-ottawa-2024-en.xlsx,zone
Ottawa,Former City of Ottawa (Zones 1-9),3+,vacant_unit_rent,2024,2024,2910.0,c,ok,1.1.9,rmr-ottawa-2024-en.xlsx,submarket
Ottawa,Ottawa CMA,3+,vacant_unit_rent,2024,2024,2605.0,b,ok,1.1.9,rmr-ottawa-2024-en.xlsx,cma
Ottawa,Zone 1 - Downtown,3+,occupied_unit_rent,2024,2024,2338.0,b,ok,1.1.9,rmr-ottawa-2024-en.xlsx,zone
Ottawa,Former City of Ottawa (Zones 1-9),3+,occupied_unit_rent,2024,2024,2248.0,a,ok,1.1.9,rmr-ottawa-2024-en.xlsx,submarket
Ottawa,Ottawa CMA,3+,occupied_unit_rent,2024,2024,2186.0,a,ok,1.1.9,rmr-ottawa-2024-en.xlsx,cma
Ottawa,Zone 1 - Downtown,total,vacant_unit_rent,2024,2024,1659.0,b,ok,1.1.9,rmr-ottawa-2024-en.xlsx,zone
Ottawa,Former City of Ottawa (Zones 1-9),total,vacant_unit_rent,2024,2024,2024.0,a,ok,1.1.9,rmr-ottawa-2024-en.xlsx,submarket
Ottawa,Ottawa CMA,total,vacant_unit_rent,2024,2024,2108.0,a,ok,1.1.9,rmr-ottawa-2024-en.xlsx,cma
Ottawa,Zone 1 - Downtown,total,occupied_unit_rent,2024,2024,1597.0,a,ok,1.1.9,rmr-ottawa-2024-en.xlsx,zone
Ottawa,Former City of Ottawa (Zones 1-9),total,occupied_unit_rent,2024,2024,1636.0,a,ok,1.1.9,rmr-ottawa-2024-en.xlsx,submarket
Ottawa,Ottawa CMA,total,occupied_unit_rent,2024,2024,1663.0,a,ok,1.1.9,rmr-ottawa-2024-en.xlsx,cma
Ottawa,Zone 1 - Downtown,studio,vacancy_rate_pct,2024,2025,1.5,a,ok,1.1.1,rmr-ottawa-2025-en.xlsx,zone
Ottawa,Former City of Ottawa (Zones 1-9),studio,vacancy_rate_pct,2024,2025,1.8,a,ok,1.1.1,rmr-ottawa-2025-en.xlsx,submarket
Ottawa,Ottawa CMA,studio,vacancy_rate_pct,2024,2025,2.4,b,ok,1.1.1,rmr-ottawa-2025-en.xlsx,cma
Ottawa,Zone 1 - Downtown,studio,vacancy_rate_pct,2025,2025,2.4,c,ok,1.1.1,rmr-ottawa-2025-en.xlsx,zone
Ottawa,Former City of Ottawa (Zones 1-9),studio,vacancy_rate_pct,2025,2025,3.6,c,ok,1.1.1,rmr-ottawa-2025-en.xlsx,submarket
Ottawa,Ottawa CMA,studio,vacancy_rate_pct,2025,2025,3.5,c,ok,1.1.1,rmr-ottawa-2025-en.xlsx,cma
Ottawa,Zone 1 - Downtown,1,vacancy_rate_pct,2024,2025,2.7,b,ok,1.1.1,rmr-ottawa-2025-en.xlsx,zone
Ottawa,Former City of Ottawa (Zones 1-9),1,vacancy_rate_pct,2024,2025,2.2,a,ok,1.1.1,rmr-ottawa-2025-en.xlsx,submarket
Ottawa,Ottawa CMA,1,vacancy_rate_pct,2024,2025,2.4,a,ok,1.1.1,rmr-ottawa-2025-en.xlsx,cma
Ottawa,Zone 1 - Downtown,1,vacancy_rate_pct,2025,2025,3.1,c,ok,1.1.1,rmr-ottawa-2025-en.xlsx,zone
Ottawa,Former City of Ottawa (Zones 1-9),1,vacancy_rate_pct,2025,2025,3.0,b,ok,1.1.1,rmr-ottawa-2025-en.xlsx,submarket
Ottawa,Ottawa CMA,1,vacancy_rate_pct,2025,2025,3.0,b,ok,1.1.1,rmr-ottawa-2025-en.xlsx,cma
Ottawa,Zone 1 - Downtown,2,vacancy_rate_pct,2024,2025,1.6,c,ok,1.1.1,rmr-ottawa-2025-en.xlsx,zone
Ottawa,Former City of Ottawa (Zones 1-9),2,vacancy_rate_pct,2024,2025,2.2,b,ok,1.1.1,rmr-ottawa-2025-en.xlsx,submarket
Ottawa,Ottawa CMA,2,vacancy_rate_pct,2024,2025,2.9,a,ok,1.1.1,rmr-ottawa-2025-en.xlsx,cma
Ottawa,Zone 1 - Downtown,2,vacancy_rate_pct,2025,2025,2.1,b,ok,1.1.1,rmr-ottawa-2025-en.xlsx,zone
Ottawa,Former City of Ottawa (Zones 1-9),2,vacancy_rate_pct,2025,2025,2.4,a,ok,1.1.1,rmr-ottawa-2025-en.xlsx,submarket
Ottawa,Ottawa CMA,2,vacancy_rate_pct,2025,2025,2.9,a,ok,1.1.1,rmr-ottawa-2025-en.xlsx,cma
Ottawa,Zone 1 - Downtown,3+,vacancy_rate_pct,2024,2025,0.4,b,ok,1.1.1,rmr-ottawa-2025-en.xlsx,zone
Ottawa,Former City of Ottawa (Zones 1-9),3+,vacancy_rate_pct,2024,2025,1.5,c,ok,1.1.1,rmr-ottawa-2025-en.xlsx,submarket
Ottawa,Ottawa CMA,3+,vacancy_rate_pct,2024,2025,1.7,c,ok,1.1.1,rmr-ottawa-2025-en.xlsx,cma
Ottawa,Zone 1 - Downtown,3+,vacancy_rate_pct,2025,2025,,,suppressed,1.1.1,rmr-ottawa-2025-en.xlsx,zone
Ottawa,Former City of Ottawa (Zones 1-9),3+,vacancy_rate_pct,2025,2025,2.4,c,ok,1.1.1,rmr-ottawa-2025-en.xlsx,submarket
Ottawa,Ottawa CMA,3+,vacancy_rate_pct,2025,2025,2.6,c,ok,1.1.1,rmr-ottawa-2025-en.xlsx,cma
Ottawa,Zone 1 - Downtown,total,vacancy_rate_pct,2024,2025,2.1,a,ok,1.1.1,rmr-ottawa-2025-en.xlsx,zone
Ottawa,Former City of Ottawa (Zones 1-9),total,vacancy_rate_pct,2024,2025,2.2,a,ok,1.1.1,rmr-ottawa-2025-en.xlsx,submarket
Ottawa,Ottawa CMA,total,vacancy_rate_pct,2024,2025,2.6,a,ok,1.1.1,rmr-ottawa-2025-en.xlsx,cma
Ottawa,Zone 1 - Downtown,total,vacancy_rate_pct,2025,2025,2.7,b,ok,1.1.1,rmr-ottawa-2025-en.xlsx,zone
Ottawa,Former City of Ottawa (Zones 1-9),total,vacancy_rate_pct,2025,2025,2.8,a,ok,1.1.1,rmr-ottawa-2025-en.xlsx,submarket
Ottawa,Ottawa CMA,total,vacancy_rate_pct,2025,2025,3.0,b,ok,1.1.1,rmr-ottawa-2025-en.xlsx,cma
Ottawa,Zone 1 - Downtown,studio,average_rent,2024,2025,1242.0,a,ok,1.1.2,rmr-ottawa-2025-en.xlsx,zone
Ottawa,Former City of Ottawa (Zones 1-9),studio,average_rent,2024,2025,1229.0,a,ok,1.1.2,rmr-ottawa-2025-en.xlsx,submarket
Ottawa,Ottawa CMA,studio,average_rent,2024,2025,1253.0,a,ok,1.1.2,rmr-ottawa-2025-en.xlsx,cma
Ottawa,Zone 1 - Downtown,studio,average_rent,2025,2025,1360.0,a,ok,1.1.2,rmr-ottawa-2025-en.xlsx,zone
Ottawa,Former City of Ottawa (Zones 1-9),studio,average_rent,2025,2025,1323.0,a,ok,1.1.2,rmr-ottawa-2025-en.xlsx,submarket
Ottawa,Ottawa CMA,studio,average_rent,2025,2025,1331.0,a,ok,1.1.2,rmr-ottawa-2025-en.xlsx,cma
Ottawa,Zone 1 - Downtown,1,average_rent,2024,2025,1521.0,a,ok,1.1.2,rmr-ottawa-2025-en.xlsx,zone
Ottawa,Former City of Ottawa (Zones 1-9),1,average_rent,2024,2025,1512.0,a,ok,1.1.2,rmr-ottawa-2025-en.xlsx,submarket
Ottawa,Ottawa CMA,1,average_rent,2024,2025,1522.0,a,ok,1.1.2,rmr-ottawa-2025-en.xlsx,cma
Ottawa,Zone 1 - Downtown,1,average_rent,2025,2025,1602.0,a,ok,1.1.2,rmr-ottawa-2025-en.xlsx,zone
Ottawa,Former City of Ottawa (Zones 1-9),1,average_rent,2025,2025,1588.0,a,ok,1.1.2,rmr-ottawa-2025-en.xlsx,submarket
Ottawa,Ottawa CMA,1,average_rent,2025,2025,1594.0,a,ok,1.1.2,rmr-ottawa-2025-en.xlsx,cma
Ottawa,Zone 1 - Downtown,2,average_rent,2024,2025,1940.0,b,ok,1.1.2,rmr-ottawa-2025-en.xlsx,zone
Ottawa,Former City of Ottawa (Zones 1-9),2,average_rent,2024,2025,1873.0,a,ok,1.1.2,rmr-ottawa-2025-en.xlsx,submarket
Ottawa,Ottawa CMA,2,average_rent,2024,2025,1880.0,a,ok,1.1.2,rmr-ottawa-2025-en.xlsx,cma
Ottawa,Zone 1 - Downtown,2,average_rent,2025,2025,2024.0,b,ok,1.1.2,rmr-ottawa-2025-en.xlsx,zone
Ottawa,Former City of Ottawa (Zones 1-9),2,average_rent,2025,2025,1917.0,a,ok,1.1.2,rmr-ottawa-2025-en.xlsx,submarket
Ottawa,Ottawa CMA,2,average_rent,2025,2025,1926.0,a,ok,1.1.2,rmr-ottawa-2025-en.xlsx,cma
Ottawa,Zone 1 - Downtown,3+,average_rent,2024,2025,2338.0,b,ok,1.1.2,rmr-ottawa-2025-en.xlsx,zone
Ottawa,Former City of Ottawa (Zones 1-9),3+,average_rent,2024,2025,2252.0,a,ok,1.1.2,rmr-ottawa-2025-en.xlsx,submarket
Ottawa,Ottawa CMA,3+,average_rent,2024,2025,2191.0,a,ok,1.1.2,rmr-ottawa-2025-en.xlsx,cma
Ottawa,Zone 1 - Downtown,3+,average_rent,2025,2025,2413.0,b,ok,1.1.2,rmr-ottawa-2025-en.xlsx,zone
Ottawa,Former City of Ottawa (Zones 1-9),3+,average_rent,2025,2025,2296.0,a,ok,1.1.2,rmr-ottawa-2025-en.xlsx,submarket
Ottawa,Ottawa CMA,3+,average_rent,2025,2025,2203.0,a,ok,1.1.2,rmr-ottawa-2025-en.xlsx,cma
Ottawa,Zone 1 - Downtown,total,average_rent,2024,2025,1598.0,a,ok,1.1.2,rmr-ottawa-2025-en.xlsx,zone
Ottawa,Former City of Ottawa (Zones 1-9),total,average_rent,2024,2025,1643.0,a,ok,1.1.2,rmr-ottawa-2025-en.xlsx,submarket
Ottawa,Ottawa CMA,total,average_rent,2024,2025,1673.0,a,ok,1.1.2,rmr-ottawa-2025-en.xlsx,cma
Ottawa,Zone 1 - Downtown,total,average_rent,2025,2025,1674.0,a,ok,1.1.2,rmr-ottawa-2025-en.xlsx,zone
Ottawa,Former City of Ottawa (Zones 1-9),total,average_rent,2025,2025,1703.0,a,ok,1.1.2,rmr-ottawa-2025-en.xlsx,submarket
Ottawa,Ottawa CMA,total,average_rent,2025,2025,1727.0,a,ok,1.1.2,rmr-ottawa-2025-en.xlsx,cma
Ottawa,Zone 1 - Downtown,studio,fixed_sample_rent_change_pct,2024,2025,,,suppressed,1.1.5,rmr-ottawa-2025-en.xlsx,zone
Ottawa,Former City of Ottawa (Zones 1-9),studio,fixed_sample_rent_change_pct,2024,2025,5.4,b,ok,1.1.5,rmr-ottawa-2025-en.xlsx,submarket
Ottawa,Ottawa CMA,studio,fixed_sample_rent_change_pct,2024,2025,6.1,b,ok,1.1.5,rmr-ottawa-2025-en.xlsx,cma
Ottawa,Zone 1 - Downtown,studio,fixed_sample_rent_change_pct,2025,2025,5.2,c,ok,1.1.5,rmr-ottawa-2025-en.xlsx,zone
Ottawa,Former City of Ottawa (Zones 1-9),studio,fixed_sample_rent_change_pct,2025,2025,4.7,c,ok,1.1.5,rmr-ottawa-2025-en.xlsx,submarket
Ottawa,Ottawa CMA,studio,fixed_sample_rent_change_pct,2025,2025,4.5,b,ok,1.1.5,rmr-ottawa-2025-en.xlsx,cma
Ottawa,Zone 1 - Downtown,1,fixed_sample_rent_change_pct,2024,2025,5.3,d,ok,1.1.5,rmr-ottawa-2025-en.xlsx,zone
Ottawa,Former City of Ottawa (Zones 1-9),1,fixed_sample_rent_change_pct,2024,2025,5.5,a,ok,1.1.5,rmr-ottawa-2025-en.xlsx,submarket
Ottawa,Ottawa CMA,1,fixed_sample_rent_change_pct,2024,2025,5.5,a,ok,1.1.5,rmr-ottawa-2025-en.xlsx,cma
Ottawa,Zone 1 - Downtown,1,fixed_sample_rent_change_pct,2025,2025,5.2,c,ok,1.1.5,rmr-ottawa-2025-en.xlsx,zone
Ottawa,Former City of Ottawa (Zones 1-9),1,fixed_sample_rent_change_pct,2025,2025,3.2,b,ok,1.1.5,rmr-ottawa-2025-en.xlsx,submarket
Ottawa,Ottawa CMA,1,fixed_sample_rent_change_pct,2025,2025,3.3,b,ok,1.1.5,rmr-ottawa-2025-en.xlsx,cma
Ottawa,Zone 1 - Downtown,2,fixed_sample_rent_change_pct,2024,2025,4.4,d,ok,1.1.5,rmr-ottawa-2025-en.xlsx,zone
Ottawa,Former City of Ottawa (Zones 1-9),2,fixed_sample_rent_change_pct,2024,2025,4.8,b,ok,1.1.5,rmr-ottawa-2025-en.xlsx,submarket
Ottawa,Ottawa CMA,2,fixed_sample_rent_change_pct,2024,2025,5.0,b,ok,1.1.5,rmr-ottawa-2025-en.xlsx,cma
Ottawa,Zone 1 - Downtown,2,fixed_sample_rent_change_pct,2025,2025,4.8,c,ok,1.1.5,rmr-ottawa-2025-en.xlsx,zone
Ottawa,Former City of Ottawa (Zones 1-9),2,fixed_sample_rent_change_pct,2025,2025,3.0,b,ok,1.1.5,rmr-ottawa-2025-en.xlsx,submarket
Ottawa,Ottawa CMA,2,fixed_sample_rent_change_pct,2025,2025,3.4,b,ok,1.1.5,rmr-ottawa-2025-en.xlsx,cma
Ottawa,Zone 1 - Downtown,3+,fixed_sample_rent_change_pct,2024,2025,,,suppressed,1.1.5,rmr-ottawa-2025-en.xlsx,zone
Ottawa,Former City of Ottawa (Zones 1-9),3+,fixed_sample_rent_change_pct,2024,2025,4.0,c,ok,1.1.5,rmr-ottawa-2025-en.xlsx,submarket
Ottawa,Ottawa CMA,3+,fixed_sample_rent_change_pct,2024,2025,4.4,b,ok,1.1.5,rmr-ottawa-2025-en.xlsx,cma
Ottawa,Zone 1 - Downtown,3+,fixed_sample_rent_change_pct,2025,2025,2.9,c,ok,1.1.5,rmr-ottawa-2025-en.xlsx,zone
Ottawa,Former City of Ottawa (Zones 1-9),3+,fixed_sample_rent_change_pct,2025,2025,2.7,c,ok,1.1.5,rmr-ottawa-2025-en.xlsx,submarket
Ottawa,Ottawa CMA,3+,fixed_sample_rent_change_pct,2025,2025,2.7,c,ok,1.1.5,rmr-ottawa-2025-en.xlsx,cma
Ottawa,Zone 1 - Downtown,total,fixed_sample_rent_change_pct,2024,2025,5.6,c,ok,1.1.5,rmr-ottawa-2025-en.xlsx,zone
Ottawa,Former City of Ottawa (Zones 1-9),total,fixed_sample_rent_change_pct,2024,2025,5.1,a,ok,1.1.5,rmr-ottawa-2025-en.xlsx,submarket
Ottawa,Ottawa CMA,total,fixed_sample_rent_change_pct,2024,2025,5.2,a,ok,1.1.5,rmr-ottawa-2025-en.xlsx,cma
Ottawa,Zone 1 - Downtown,total,fixed_sample_rent_change_pct,2025,2025,4.9,c,ok,1.1.5,rmr-ottawa-2025-en.xlsx,zone
Ottawa,Former City of Ottawa (Zones 1-9),total,fixed_sample_rent_change_pct,2025,2025,3.3,b,ok,1.1.5,rmr-ottawa-2025-en.xlsx,submarket
Ottawa,Ottawa CMA,total,fixed_sample_rent_change_pct,2025,2025,3.5,b,ok,1.1.5,rmr-ottawa-2025-en.xlsx,cma
Ottawa,Zone 1 - Downtown,studio,turnover_rate_pct,2024,2025,18.8,d,ok,1.1.6,rmr-ottawa-2025-en.xlsx,zone
Ottawa,Former City of Ottawa (Zones 1-9),studio,turnover_rate_pct,2024,2025,17.8,a,ok,1.1.6,rmr-ottawa-2025-en.xlsx,submarket
Ottawa,Ottawa CMA,studio,turnover_rate_pct,2024,2025,18.0,a,ok,1.1.6,rmr-ottawa-2025-en.xlsx,cma
Ottawa,Zone 1 - Downtown,studio,turnover_rate_pct,2025,2025,20.6,d,ok,1.1.6,rmr-ottawa-2025-en.xlsx,zone
Ottawa,Former City of Ottawa (Zones 1-9),studio,turnover_rate_pct,2025,2025,20.1,a,ok,1.1.6,rmr-ottawa-2025-en.xlsx,submarket
Ottawa,Ottawa CMA,studio,turnover_rate_pct,2025,2025,20.5,a,ok,1.1.6,rmr-ottawa-2025-en.xlsx,cma
Ottawa,Zone 1 - Downtown,1,turnover_rate_pct,2024,2025,14.0,c,ok,1.1.6,rmr-ottawa-2025-en.xlsx,zone
Ottawa,Former City of Ottawa (Zones 1-9),1,turnover_rate_pct,2024,2025,15.1,a,ok,1.1.6,rmr-ottawa-2025-en.xlsx,submarket
Ottawa,Ottawa CMA,1,turnover_rate_pct,2024,2025,15.2,a,ok,1.1.6,rmr-ottawa-2025-en.xlsx,cma
Ottawa,Zone 1 - Downtown,1,turnover_rate_pct,2025,2025,15.0,c,ok,1.1.6,rmr-ottawa-2025-en.xlsx,zone
Ottawa,Former City of Ottawa (Zones 1-9),1,turnover_rate_pct,2025,2025,16.5,a,ok,1.1.6,rmr-ottawa-2025-en.xlsx,submarket
Ottawa,Ottawa CMA,1,turnover_rate_pct,2025,2025,16.3,a,ok,1.1.6,rmr-ottawa-2025-en.xlsx,cma
Ottawa,Zone 1 - Downtown,2,turnover_rate_pct,2024,2025,13.4,d,ok,1.1.6,rmr-ottawa-2025-en.xlsx,zone
Ottawa,Former City of Ottawa (Zones 1-9),2,turnover_rate_pct,2024,2025,13.7,a,ok,1.1.6,rmr-ottawa-2025-en.xlsx,submarket
Ottawa,Ottawa CMA,2,turnover_rate_pct,2024,2025,13.4,a,ok,1.1.6,rmr-ottawa-2025-en.xlsx,cma
Ottawa,Zone 1 - Downtown,2,turnover_rate_pct,2025,2025,12.3,c,ok,1.1.6,rmr-ottawa-2025-en.xlsx,zone
Ottawa,Former City of Ottawa (Zones 1-9),2,turnover_rate_pct,2025,2025,13.6,a,ok,1.1.6,rmr-ottawa-2025-en.xlsx,submarket
Ottawa,Ottawa CMA,2,turnover_rate_pct,2025,2025,13.5,a,ok,1.1.6,rmr-ottawa-2025-en.xlsx,cma
Ottawa,Zone 1 - Downtown,3+,turnover_rate_pct,2024,2025,,,suppressed,1.1.6,rmr-ottawa-2025-en.xlsx,zone
Ottawa,Former City of Ottawa (Zones 1-9),3+,turnover_rate_pct,2024,2025,11.6,c,ok,1.1.6,rmr-ottawa-2025-en.xlsx,submarket
Ottawa,Ottawa CMA,3+,turnover_rate_pct,2024,2025,11.2,c,ok,1.1.6,rmr-ottawa-2025-en.xlsx,cma
Ottawa,Zone 1 - Downtown,3+,turnover_rate_pct,2025,2025,,,suppressed,1.1.6,rmr-ottawa-2025-en.xlsx,zone
Ottawa,Former City of Ottawa (Zones 1-9),3+,turnover_rate_pct,2025,2025,13.8,d,ok,1.1.6,rmr-ottawa-2025-en.xlsx,submarket
Ottawa,Ottawa CMA,3+,turnover_rate_pct,2025,2025,14.2,d,ok,1.1.6,rmr-ottawa-2025-en.xlsx,cma
Ottawa,Zone 1 - Downtown,total,turnover_rate_pct,2024,2025,14.5,c,ok,1.1.6,rmr-ottawa-2025-en.xlsx,zone
Ottawa,Former City of Ottawa (Zones 1-9),total,turnover_rate_pct,2024,2025,14.7,a,ok,1.1.6,rmr-ottawa-2025-en.xlsx,submarket
Ottawa,Ottawa CMA,total,turnover_rate_pct,2024,2025,14.5,a,ok,1.1.6,rmr-ottawa-2025-en.xlsx,cma
Ottawa,Zone 1 - Downtown,total,turnover_rate_pct,2025,2025,15.4,d,ok,1.1.6,rmr-ottawa-2025-en.xlsx,zone
Ottawa,Former City of Ottawa (Zones 1-9),total,turnover_rate_pct,2025,2025,15.7,a,ok,1.1.6,rmr-ottawa-2025-en.xlsx,submarket
Ottawa,Ottawa CMA,total,turnover_rate_pct,2025,2025,15.4,a,ok,1.1.6,rmr-ottawa-2025-en.xlsx,cma
Ottawa,Zone 1 - Downtown,studio,vacant_unit_rent,2025,2025,1552.0,b,ok,1.1.9,rmr-ottawa-2025-en.xlsx,zone
Ottawa,Former City of Ottawa (Zones 1-9),studio,vacant_unit_rent,2025,2025,1495.0,b,ok,1.1.9,rmr-ottawa-2025-en.xlsx,submarket
Ottawa,Ottawa CMA,studio,vacant_unit_rent,2025,2025,1510.0,b,ok,1.1.9,rmr-ottawa-2025-en.xlsx,cma
Ottawa,Zone 1 - Downtown,studio,occupied_unit_rent,2025,2025,1355.0,a,ok,1.1.9,rmr-ottawa-2025-en.xlsx,zone
Ottawa,Former City of Ottawa (Zones 1-9),studio,occupied_unit_rent,2025,2025,1317.0,a,ok,1.1.9,rmr-ottawa-2025-en.xlsx,submarket
Ottawa,Ottawa CMA,studio,occupied_unit_rent,2025,2025,1324.0,a,ok,1.1.9,rmr-ottawa-2025-en.xlsx,cma
Ottawa,Zone 1 - Downtown,1,vacant_unit_rent,2025,2025,1746.0,b,ok,1.1.9,rmr-ottawa-2025-en.xlsx,zone
Ottawa,Former City of Ottawa (Zones 1-9),1,vacant_unit_rent,2025,2025,2082.0,c,ok,1.1.9,rmr-ottawa-2025-en.xlsx,submarket
Ottawa,Ottawa CMA,1,vacant_unit_rent,2025,2025,2027.0,b,ok,1.1.9,rmr-ottawa-2025-en.xlsx,cma
Ottawa,Zone 1 - Downtown,1,occupied_unit_rent,2025,2025,1597.0,a,ok,1.1.9,rmr-ottawa-2025-en.xlsx,zone
Ottawa,Former City of Ottawa (Zones 1-9),1,occupied_unit_rent,2025,2025,1572.0,a,ok,1.1.9,rmr-ottawa-2025-en.xlsx,submarket
Ottawa,Ottawa CMA,1,occupied_unit_rent,2025,2025,1581.0,a,ok,1.1.9,rmr-ottawa-2025-en.xlsx,cma
Ottawa,Zone 1 - Downtown,2,vacant_unit_rent,2025,2025,2516.0,c,ok,1.1.9,rmr-ottawa-2025-en.xlsx,zone
Ottawa,Former City of Ottawa (Zones 1-9),2,vacant_unit_rent,2025,2025,2467.0,b,ok,1.1.9,rmr-ottawa-2025-en.xlsx,submarket
Ottawa,Ottawa CMA,2,vacant_unit_rent,2025,2025,2441.0,a,ok,1.1.9,rmr-ottawa-2025-en.xlsx,cma
Ottawa,Zone 1 - Downtown,2,occupied_unit_rent,2025,2025,2015.0,a,ok,1.1.9,rmr-ottawa-2025-en.xlsx,zone
Ottawa,Former City of Ottawa (Zones 1-9),2,occupied_unit_rent,2025,2025,1904.0,a,ok,1.1.9,rmr-ottawa-2025-en.xlsx,submarket
Ottawa,Ottawa CMA,2,occupied_unit_rent,2025,2025,1911.0,a,ok,1.1.9,rmr-ottawa-2025-en.xlsx,cma
Ottawa,Zone 1 - Downtown,3+,vacant_unit_rent,2025,2025,,,suppressed,1.1.9,rmr-ottawa-2025-en.xlsx,zone
Ottawa,Former City of Ottawa (Zones 1-9),3+,vacant_unit_rent,2025,2025,2492.0,c,ok,1.1.9,rmr-ottawa-2025-en.xlsx,submarket
Ottawa,Ottawa CMA,3+,vacant_unit_rent,2025,2025,2425.0,b,ok,1.1.9,rmr-ottawa-2025-en.xlsx,cma
Ottawa,Zone 1 - Downtown,3+,occupied_unit_rent,2025,2025,2414.0,b,ok,1.1.9,rmr-ottawa-2025-en.xlsx,zone
Ottawa,Former City of Ottawa (Zones 1-9),3+,occupied_unit_rent,2025,2025,2291.0,a,ok,1.1.9,rmr-ottawa-2025-en.xlsx,submarket
Ottawa,Ottawa CMA,3+,occupied_unit_rent,2025,2025,2197.0,a,ok,1.1.9,rmr-ottawa-2025-en.xlsx,cma
Ottawa,Zone 1 - Downtown,total,vacant_unit_rent,2025,2025,1857.0,b,ok,1.1.9,rmr-ottawa-2025-en.xlsx,zone
Ottawa,Former City of Ottawa (Zones 1-9),total,vacant_unit_rent,2025,2025,2129.0,b,ok,1.1.9,rmr-ottawa-2025-en.xlsx,submarket
Ottawa,Ottawa CMA,total,vacant_unit_rent,2025,2025,2144.0,b,ok,1.1.9,rmr-ottawa-2025-en.xlsx,cma
Ottawa,Zone 1 - Downtown,total,occupied_unit_rent,2025,2025,1669.0,a,ok,1.1.9,rmr-ottawa-2025-en.xlsx,zone
Ottawa,Former City of Ottawa (Zones 1-9),total,occupied_unit_rent,2025,2025,1690.0,a,ok,1.1.9,rmr-ottawa-2025-en.xlsx,submarket
Ottawa,Ottawa CMA,total,occupied_unit_rent,2025,2025,1714.0,a,ok,1.1.9,rmr-ottawa-2025-en.xlsx,cma
