"PÉRIODE DE RÉFÉRENCE";"GÉO";"DGUID";"Produits et groupes de produits";"UNITÉ DE MESURE";"IDENTIFICATEUR D'UNITÉ DE MESURE";"FACTEUR SCALAIRE";"IDENTIFICATEUR SCALAIRE";"VECTEUR";"COORDONNÉES";"VALEUR";"STATUS";"SYMBOLE";"TERMINÉ";"DÉCIMALES"
"2016-01";"Canada";"2016A000011124";"Ensemble";"2002=100";"17";"unités";"0";"v41690973";"2.2";"126.8";"";"";"";"1"
"2016-02";"Canada";"2016A000011124";"Ensemble";"2002=100";"17";"unités";"0";"v41690973";"2.2";"127.1";"";"";"";"1"
"2016-03";"Canada";"2016A000011124";"Ensemble";"2002=100";"17";"unités";"0";"v41690973";"2.2";"127.9";"";"";"";"1"
"2016-04";"Canada";"2016A000011124";"Ensemble";"2002=100";"17";"unités";"0";"v41690973";"2.2";"128.3";"";"";"";"1"
"2016-05";"Canada";"2016A000011124";"Ensemble";"2002=100";"17";"unités";"0";"v41690973";"2.2";"128.8";"";"";"";"1"
"2016-06";"Canada";"2016A000011124";"Ensemble";"2002=100";"17";"unités";"0";"v41690973";"2.2";"129.1";"";"";"";"1"
"2016-07";"Canada";"2016A000011124";"Ensemble";"2002=100";"17";"unités";"0";"v41690973";"2.2";"128.9";"";"";"";"1"
"2016-08";"Canada";"2016A000011124";"Ensemble";"2002=100";"17";"unités";"0";"v41690973";"2.2";"128.7";"";"";"";"1"
"2016-09";"Canada";"2016A000011124";"Ensemble";"2002=100";"17";"unités";"0";"v41690973";"2.2";"128.8";"";"";"";"1"
"2016-10";"Canada";"2016A000011124";"Ensemble";"2002=100";"17";"unités";"0";"v41690973";"2.2";"129.1";"";"";"";"1"
"2016-11";"Canada";"2016A000011124";"Ensemble";"2002=100";"17";"unités";"0";"v41690973";"2.2";"128.6";"";"";"";"1"
"2016-12";"Canada";"2016A000011124";"Ensemble";"2002=100";"17";"unités";"0";"v41690973";"2.2";"128.4";"";"";"";"1"
"2017-01";"Canada";"2016A000011124";"Ensemble";"2002=100";"17";"unités";"0";"v41690973";"2.2";"129.5";"";"";"";"1"
"2017-02";"Canada";"2016A000011124";"Ensemble";"2002=100";"17";"unités";"0";"v41690973";"2.2";"129.7";"";"";"";"1"
"2017-03";"Canada";"2016A000011124";"Ensemble";"2002=100";"17";"unités";"0";"v41690973";"2.2";"129.9";"";"";"";"1"
"2017-04";"Canada";"2016A000011124";"Ensemble";"2002=100";"17";"unités";"0";"v41690973";"2.2";"130.4";"";"";"";"1"
"2017-05";"Canada";"2016A000011124";"Ensemble";"2002=100";"17";"unités";"0";"v41690973";"2.2";"130.5";"";"";"";"1"
"2017-06";"Canada";"2016A000011124";"Ensemble";"2002=100";"17";"unités";"0";"v41690973";"2.2";"130.4";"";"";"";"1"
"2017-07";"Canada";"2016A000011124";"Ensemble";"2002=100";"17";"unités";"0";"v41690973";"2.2";"130.4";"";"";"";"1"
"2017-08";"Canada";"2016A000011124";"Ensemble";"2002=100";"17";"unités";"0";"v41690973";"2.2";"130.5";"";"";"";"1"
"2017-09";"Canada";"2016A000011124";"Ensemble";"2002=100";"17";"unités";"0";"v41690973";"2.2";"130.8";"";"";"";"1"
"2017-10";"Canada";"2016A000011124";"Ensemble";"2002=100";"17";"unités";"0";"v41690973";"2.2";"130.9";"";"";"";"1"
"2017-11";"Canada";"2016A000011124";"Ensemble";"2002=100";"17";"unités";"0";"v41690973";"2.2";"131.3";"";"";"";"1"
"2017-12";"Canada";"2016A000011124";"Ensemble";"2002=100";"17";"unités";"0";"v41690973";"2.2";"130.8";"";"";"";"1"
"2018-01";"Canada";"2016A000011124";"Ensemble";"2002=100";"17";"unités";"0";"v41690973";"2.2";"131.7";"";"";"";"1"
"2018-02";"Canada";"2016A000011124";"Ensemble";"2002=100";"17";"unités";"0";"v41690973";"2.2";"132.5";"";"";"";"1"
"2018-03";"Canada";"2016A000011124";"Ensemble";"2002=100";"17";"unités";"0";"v41690973";"2.2";"132.9";"";"";"";"1"
"2018-04";"Canada";"2016A000011124";"Ensemble";"2002=100";"17";"unités";"0";"v41690973";"2.2";"133.3";"";"";"";"1"
"2018-05";"Canada";"2016A000011124";"Ensemble";"2002=100";"17";"unités";"0";"v41690973";"2.2";"133.4";"";"";"";"1"
"2018-06";"Canada";"2016A000011124";"Ensemble";"2002=100";"17";"unités";"0";"v41690973";"2.2";"133.6";"";"";"";"1"
"2018-07";"Canada";"2016A000011124";"Ensemble";"2002=100";"17";"unités";"0";"v41690973";"2.2";"134.3";"";"";"";"1"
"2018-08";"Canada";"2016A000011124";"Ensemble";"2002=100";"17";"unités";"0";"v41690973";"2.2";"134.2";"";"";"";"1"
"2018-09";"Canada";"2016A000011124";"Ensemble";"2002=100";"17";"unités";"0";"v41690973";"2.2";"133.7";"";"";"";"1"
"2018-10";"Canada";"2016A000011124";"Ensemble";"2002=100";"17";"unités";"0";"v41690973";"2.2";"134.1";"";"";"";"1"
"2018-11";"Canada";"2016A000011124";"Ensemble";"2002=100";"17";"unités";"0";"v41690973";"2.2";"133.5";"";"";"";"1"
"2018-12";"Canada";"2016A000011124";"Ensemble";"2002=100";"17";"unités";"0";"v41690973";"2.2";"133.4";"";"";"";"1"
"2019-01";"Canada";"2016A000011124";"Ensemble";"2002=100";"17";"unités";"0";"v41690973";"2.2";"133.6";"";"";"";"1"
"2019-02";"Canada";"2016A000011124";"Ensemble";"2002=100";"17";"unités";"0";"v41690973";"2.2";"134.5";"";"";"";"1"
"2019-03";"Canada";"2016A000011124";"Ensemble";"2002=100";"17";"unités";"0";"v41690973";"2.2";"135.4";"";"";"";"1"
"2019-04";"Canada";"2016A000011124";"Ensemble";"2002=100";"17";"unités";"0";"v41690973";"2.2";"136.0";"";"";"";"1"
"2019-05";"Canada";"2016A000011124";"Ensemble";"2002=100";"17";"unités";"0";"v41690973";"2.2";"136.6";"";"";"";"1"
"2019-06";"Canada";"2016A000011124";"Ensemble";"2002=100";"17";"unités";"0";"v41690973";"2.2";"136.3";"";"";"";"1"
"2019-07";"Canada";"2016A000011124";"Ensemble";"2002=100";"17";"unités";"0";"v41690973";"2.2";"137.0";"";"";"";"1"
"2019-08";"Canada";"2016A000011124";"Ensemble";"2002=100";"17";"unités";"0";"v41690973";"2.2";"136.8";"";"";"";"1"
"2019-09";"Canada";"2016A000011124";"Ensemble";"2002=100";"17";"unités";"0";"v41690973";"2.2";"136.2";"";"";"";"1"
"2019-10";"Canada";"2016A000011124";"Ensemble";"2002=100";"17";"unités";"0";"v41690973";"2.2";"136.6";"";"";"";"1"
"2019-11";"Canada";"2016A000011124";"Ensemble";"2002=100";"17";"unités";"0";"v41690973";"2.2";"136.4";"";"";"";"1"
"2019-12";"Canada";"2016A000011124";"Ensemble";"2002=100";"17";"unités";"0";"v41690973";"2.2";"136.4";"";"";"";"1"
"2020-01";"Canada";"2016A000011124";"Ensemble";"2002=100";"17";"unités";"0";"v41690973";"2.2";"136.8";"";"";"";"1"
"2020-02";"Canada";"2016A000011124";"Ensemble";"2002=100";"17";"unités";"0";"v41690973";"2.2";"137.4";"";"";"";"1"
"2020-03";"Canada";"2016A000011124";"Ensemble";"2002=100";"17";"unités";"0";"v41690973";"2.2";"136.6";"";"";"";"1"
"2020-04";"Canada";"2016A000011124";"Ensemble";"2002=100";"17";"unités";"0";"v41690973";"2.2";"135.7";"";"";"";"1"
"2020-05";"Canada";"2016A000011124";"Ensemble";"2002=100";"17";"unités";"0";"v41690973";"2.2";"136.1";"";"";"";"1"
"2020-06";"Canada";"2016A000011124";"Ensemble";"2002=100";"17";"unités";"0";"v41690973";"2.2";"137.2";"";"";"";"1"
"2020-07";"Canada";"2016A000011124";"Ensemble";"2002=100";"17";"unités";"0";"v41690973";"2.2";"137.2";"";"";"";"1"
"2020-08";"Canada";"2016A000011124";"Ensemble";"2002=100";"17";"unités";"0";"v41690973";"2.2";"137.0";"";"";"";"1"
"2020-09";"Canada";"2016A000011124";"Ensemble";"2002=100";"17";"unités";"0";"v41690973";"2.2";"136.9";"";"";"";"1"
"2020-10";"Canada";"2016A000011124";"Ensemble";"2002=100";"17";"unités";"0";"v41690973";"2.2";"137.5";"";"";"";"1"
"2020-11";"Canada";"2016A000011124";"Ensemble";"2002=100";"17";"unités";"0";"v41690973";"2.2";"137.7";"";"";"";"1"
"2020-12";"Canada";"2016A000011124";"Ensemble";"2002=100";"17";"unités";"0";"v41690973";"2.2";"137.4";"";"";"";"1"
"2021-01";"Canada";"2016A000011124";"Ensemble";"2002=100";"17";"unités";"0";"v41690973";"2.2";"138.2";"";"";"";"1"
"2021-02";"Canada";"2016A000011124";"Ensemble";"2002=100";"17";"unités";"0";"v41690973";"2.2";"138.9";"";"";"";"1"
"2021-03";"Canada";"2016A000011124";"Ensemble";"2002=100";"17";"unités";"0";"v41690973";"2.2";"139.6";"";"";"";"1"
"2021-04";"Canada";"2016A000011124";"Ensemble";"2002=100";"17";"unités";"0";"v41690973";"2.2";"140.3";"";"";"";"1"
"2021-05";"Canada";"2016A000011124";"Ensemble";"2002=100";"17";"unités";"0";"v41690973";"2.2";"141.0";"";"";"";"1"
"2021-06";"Canada";"2016A000011124";"Ensemble";"2002=100";"17";"unités";"0";"v41690973";"2.2";"141.4";"";"";"";"1"
"2021-07";"Canada";"2016A000011124";"Ensemble";"2002=100";"17";"unités";"0";"v41690973";"2.2";"142.3";"";"";"";"1"
"2021-08";"Canada";"2016A000011124";"Ensemble";"2002=100";"17";"unités";"0";"v41690973";"2.2";"142.6";"";"";"";"1"
"2021-09";"Canada";"2016A000011124";"Ensemble";"2002=100";"17";"unités";"0";"v41690973";"2.2";"142.9";"";"";"";"1"
"2021-10";"Canada";"2016A000011124";"Ensemble";"2002=100";"17";"unités";"0";"v41690973";"2.2";"143.9";"";"";"";"1"
"2021-11";"Canada";"2016A000011124";"Ensemble";"2002=100";"17";"unités";"0";"v41690973";"2.2";"144.2";"";"";"";"1"
"2021-12";"Canada";"2016A000011124";"Ensemble";"2002=100";"17";"unités";"0";"v41690973";"2.2";"144.0";"";"";"";"1"
"2022-01";"Canada";"2016A000011124";"Ensemble";"2002=100";"17";"unités";"0";"v41690973";"2.2";"145.3";"";"";"";"1"
"2022-02";"Canada";"2016A000011124";"Ensemble";"2002=100";"17";"unités";"0";"v41690973";"2.2";"146.8";"";"";"";"1"
"2022-03";"Canada";"2016A000011124";"Ensemble";"2002=100";"17";"unités";"0";"v41690973";"2.2";"148.9";"";"";"";"1"
"2022-04";"Canada";"2016A000011124";"Ensemble";"2002=100";"17";"unités";"0";"v41690973";"2.2";"149.8";"";"";"";"1"
"2022-05";"Canada";"2016A000011124";"Ensemble";"2002=100";"17";"unités";"0";"v41690973";"2.2";"151.9";"";"";"";"1"
"2022-06";"Canada";"2016A000011124";"Ensemble";"2002=100";"17";"unités";"0";"v41690973";"2.2";"152.9";"";"";"";"1"
"2022-07";"Canada";"2016A000011124";"Ensemble";"2002=100";"17";"unités";"0";"v41690973";"2.2";"153.1";"";"";"";"1"
"2022-08";"Canada";"2016A000011124";"Ensemble";"2002=100";"17";"unités";"0";"v41690973";"2.2";"152.6";"";"";"";"1"
"2022-09";"Canada";"2016A000011124";"Ensemble";"2002=100";"17";"unités";"0";"v41690973";"2.2";"152.7";"";"";"";"1"
"2022-10";"Canada";"2016A000011124";"Ensemble";"2002=100";"17";"unités";"0";"v41690973";"2.2";"153.8";"";"";"";"1"
"2022-11";"Canada";"2016A000011124";"Ensemble";"2002=100";"17";"unités";"0";"v41690973";"2.2";"154.0";"";"";"";"1"
"2022-12";"Canada";"2016A000011124";"Ensemble";"2002=100";"17";"unités";"0";"v41690973";"2.2";"153.1";"";"";"";"1"
"2023-01";"Canada";"2016A000011124";"Ensemble";"2002=100";"17";"unités";"0";"v41690973";"2.2";"153.9";"";"";"";"1"
"2023-02";"Canada";"2016A000011124";"Ensemble";"2002=100";"17";"unités";"0";"v41690973";"2.2";"154.5";"";"";"";"1"
"2023-03";"Canada";"2016A000011124";"Ensemble";"2002=100";"17";"unités";"0";"v41690973";"2.2";"155.3";"";"";"";"1"
"2023-04";"Canada";"2016A000011124";"Ensemble";"2002=100";"17";"unités";"0";"v41690973";"2.2";"156.4";"";"";"";"1"
"2023-05";"Canada";"2016A000011124";"Ensemble";"2002=100";"17";"unités";"0";"v41690973";"2.2";"157.0";"";"";"";"1"
"2023-06";"Canada";"2016A000011124";"Ensemble";"2002=100";"17";"unités";"0";"v41690973";"2.2";"157.2";"";"";"";"1"
"2023-07";"Canada";"2016A000011124";"Ensemble";"2002=100";"17";"unités";"0";"v41690973";"2.2";"158.1";"";"";"";"1"
"2023-08";"Canada";"2016A000011124";"Ensemble";"2002=100";"17";"unités";"0";"v41690973";"2.2";"158.7";"";"";"";"1"
"2023-09";"Canada";"2016A000011124";"Ensemble";"2002=100";"17";"unités";"0";"v41690973";"2.2";"158.5";"";"";"";"1"
"2023-10";"Canada";"2016A000011124";"Ensemble";"2002=100";"17";"unités";"0";"v41690973";"2.2";"158.6";"";"";"";"1"
"2023-11";"Canada";"2016A000011124";"Ensemble";"2002=100";"17";"unités";"0";"v41690973";"2.2";"158.8";"";"";"";"1"
"2023-12";"Canada";"2016A000011124";"Ensemble";"2002=100";"17";"unités";"0";"v41690973";"2.2";"158.3";"";"";"";"1"
"2024-01";"Canada";"2016A000011124";"Ensemble";"2002=100";"17";"unités";"0";"v41690973";"2.2";"158.3";"";"";"";"1"
"2024-02";"Canada";"2016A000011124";"Ensemble";"2002=100";"17";"unités";"0";"v41690973";"2.2";"158.8";"";"";"";"1"
"2024-03";"Canada";"2016A000011124";"Ensemble";"2002=100";"17";"unités";"0";"v41690973";"2.2";"159.8";"";"";"";"1"
"2024-04";"Canada";"2016A000011124";"Ensemble";"2002=100";"17";"unités";"0";"v41690973";"2.2";"160.6";"";"";"";"1"
"2024-05";"Canada";"2016A000011124";"Ensemble";"2002=100";"17";"unités";"0";"v41690973";"2.2";"161.5";"";"";"";"1"
"2024-06";"Canada";"2016A000011124";"Ensemble";"2002=100";"17";"unités";"0";"v41690973";"2.2";"161.4";"";"";"";"1"
"2024-07";"Canada";"2016A000011124";"Ensemble";"2002=100";"17";"unités";"0";"v41690973";"2.2";"162.1";"";"";"";"1"
"2024-08";"Canada";"2016A000011124";"Ensemble";"2002=100";"17";"unités";"0";"v41690973";"2.2";"161.8";"";"";"";"1"
"2024-09";"Canada";"2016A000011124";"Ensemble";"2002=100";"17";"unités";"0";"v41690973";"2.2";"161.1";"";"";"";"1"
"2024-10";"Canada";"2016A000011124";"Ensemble";"2002=100";"17";"unités";"0";"v41690973";"2.2";"161.8";"";"";"";"1"
"2024-11";"Canada";"2016A000011124";"Ensemble";"2002=100";"17";"unités";"0";"v41690973";"2.2";"161.8";"";"";"";"1"
"2024-12";"Canada";"2016A000011124";"Ensemble";"2002=100";"17";"unités";"0";"v41690973";"2.2";"161.2";"";"";"";"1"
"2025-01";"Canada";"2016A000011124";"Ensemble";"2002=100";"17";"unités";"0";"v41690973";"2.2";"161.3";"";"";"";"1"
"2025-02";"Canada";"2016A000011124";"Ensemble";"2002=100";"17";"unités";"0";"v41690973";"2.2";"163.0";"";"";"";"1"
"2025-03";"Canada";"2016A000011124";"Ensemble";"2002=100";"17";"unités";"0";"v41690973";"2.2";"163.5";"";"";"";"1"
"2025-04";"Canada";"2016A000011124";"Ensemble";"2002=100";"17";"unités";"0";"v41690973";"2.2";"163.4";"";"";"";"1"
"2025-05";"Canada";"2016A000011124";"Ensemble";"2002=100";"17";"unités";"0";"v41690973";"2.2";"164.3";"";"";"";"1"
"2025-06";"Canada";"2016A000011124";"Ensemble";"2002=100";"17";"unités";"0";"v41690973";"2.2";"164.4";"";"";"";"1"
"2025-07";"Canada";"2016A000011124";"Ensemble";"2002=100";"17";"unités";"0";"v41690973";"2.2";"164.9";"";"";"";"1"
"2025-08";"Canada";"2016A000011124";"Ensemble";"2002=100";"17";"unités";"0";"v41690973";"2.2";"164.8";"";"";"";"1"
"2025-09";"Canada";"2016A000011124";"Ensemble";"2002=100";"17";"unités";"0";"v41690973";"2.2";"164.9";"";"";"";"1"
"2025-10";"Canada";"2016A000011124";"Ensemble";"2002=100";"17";"unités";"0";"v41690973";"2.2";"165.3";"";"";"";"1"
"2025-11";"Canada";"2016A000011124";"Ensemble";"2002=100";"17";"unités";"0";"v41690973";"2.2";"165.4";"";"";"";"1"
"2025-12";"Canada";"2016A000011124";"Ensemble";"2002=100";"17";"unités";"0";"v41690973";"2.2";"165.0";"";"";"";"1"
"2026-01";"Canada";"2016A000011124";"Ensemble";"2002=100";"17";"unités";"0";"v41690973";"2.2";"165.0";"";"";"";"1"
"2026-02";"Canada";"2016A000011124";"Ensemble";"2002=100";"17";"unités";"0";"v41690973";"2.2";"165.9";"";"";"";"1"
"2026-03";"Canada";"2016A000011124";"Ensemble";"2002=100";"17";"unités";"0";"v41690973";"2.2";"167.4";"";"";"";"1"
"2026-04";"Canada";"2016A000011124";"Ensemble";"2002=100";"17";"unités";"0";"v41690973";"2.2";"168.0";"";"";"";"1"
"2026-05";"Canada";"2016A000011124";"Ensemble";"2002=100";"17";"unités";"0";"v41690973";"2.2";"169.6";"";"";"";"1"
"2026-06";"Canada";"2016A000011124";"Ensemble";"2002=100";"17";"unités";"0";"v41690973";"2.2";"169.0";"";"";"";"1"
"2026-07";"Canada";"2016A000011124";"Ensemble";"2002=100";"17";"unités";"0";"v41690973";"2.2";"169.9";"";"";"";"1"
"2026-08";"Canada";"2016A000011124";"Ensemble";"2002=100";"17";"unités";"0";"v41690973";"2.2";"169.8";"";"";"";"1"
"2016-01";"Canada";"2016A000011124";"Loyer";"2002=100";"17";"unités";"0";"v41691052";"2.81";"118.9";"";"";"";"1"
"2016-02";"Canada";"2016A000011124";"Loyer";"2002=100";"17";"unités";"0";"v41691052";"2.81";"119.0";"";"";"";"1"
"2016-03";"Canada";"2016A000011124";"Loyer";"2002=100";"17";"unités";"0";"v41691052";"2.81";"119.0";"";"";"";"1"
"2016-04";"Canada";"2016A000011124";"Loyer";"2002=100";"17";"unités";"0";"v41691052";"2.81";"119.0";"";"";"";"1"
"2016-05";"Canada";"2016A000011124";"Loyer";"2002=100";"17";"unités";"0";"v41691052";"2.81";"119.1";"";"";"";"1"
"2016-06";"Canada";"2016A000011124";"Loyer";"2002=100";"17";"unités";"0";"v41691052";"2.81";"119.1";"";"";"";"1"
"2016-07";"Canada";"2016A000011124";"Loyer";"2002=100";"17";"unités";"0";"v41691052";"2.81";"119.1";"";"";"";"1"
"2016-08";"Canada";"2016A000011124";"Loyer";"2002=100";"17";"unités";"0";"v41691052";"2.81";"119.3";"";"";"";"1"
"2016-09";"Canada";"2016A000011124";"Loyer";"2002=100";"17";"unités";"0";"v41691052";"2.81";"119.3";"";"";"";"1"
"2016-10";"Canada";"2016A000011124";"Loyer";"2002=100";"17";"unités";"0";"v41691052";"2.81";"119.4";"";"";"";"1"
"2016-11";"Canada";"2016A000011124";"Loyer";"2002=100";"17";"unités";"0";"v41691052";"2.81";"119.4";"";"";"";"1"
"2016-12";"Canada";"2016A000011124";"Loyer";"2002=100";"17";"unités";"0";"v41691052";"2.81";"119.5";"";"";"";"1"
"2017-01";"Canada";"2016A000011124";"Loyer";"2002=100";"17";"unités";"0";"v41691052";"2.81";"119.5";"";"";"";"1"
"2017-02";"Canada";"2016A000011124";"Loyer";"2002=100";"17";"unités";"0";"v41691052";"2.81";"119.6";"";"";"";"1"
"2017-03";"Canada";"2016A000011124";"Loyer";"2002=100";"17";"unités";"0";"v41691052";"2.81";"119.7";"";"";"";"1"
"2017-04";"Canada";"2016A000011124";"Loyer";"2002=100";"17";"unités";"0";"v41691052";"2.81";"119.7";"";"";"";"1"
"2017-05";"Canada";"2016A000011124";"Loyer";"2002=100";"17";"unités";"0";"v41691052";"2.81";"119.8";"";"";"";"1"
"2017-06";"Canada";"2016A000011124";"Loyer";"2002=100";"17";"unités";"0";"v41691052";"2.81";"119.9";"";"";"";"1"
"2017-07";"Canada";"2016A000011124";"Loyer";"2002=100";"17";"unités";"0";"v41691052";"2.81";"119.9";"";"";"";"1"
"2017-08";"Canada";"2016A000011124";"Loyer";"2002=100";"17";"unités";"0";"v41691052";"2.81";"120.0";"";"";"";"1"
"2017-09";"Canada";"2016A000011124";"Loyer";"2002=100";"17";"unités";"0";"v41691052";"2.81";"120.1";"";"";"";"1"
"2017-10";"Canada";"2016A000011124";"Loyer";"2002=100";"17";"unités";"0";"v41691052";"2.81";"120.2";"";"";"";"1"
"2017-11";"Canada";"2016A000011124";"Loyer";"2002=100";"17";"unités";"0";"v41691052";"2.81";"120.3";"";"";"";"1"
"2017-12";"Canada";"2016A000011124";"Loyer";"2002=100";"17";"unités";"0";"v41691052";"2.81";"120.4";"";"";"";"1"
"2018-01";"Canada";"2016A000011124";"Loyer";"2002=100";"17";"unités";"0";"v41691052";"2.81";"120.5";"";"";"";"1"
"2018-02";"Canada";"2016A000011124";"Loyer";"2002=100";"17";"unités";"0";"v41691052";"2.81";"120.7";"";"";"";"1"
"2018-03";"Canada";"2016A000011124";"Loyer";"2002=100";"17";"unités";"0";"v41691052";"2.81";"120.8";"";"";"";"1"
"2018-04";"Canada";"2016A000011124";"Loyer";"2002=100";"17";"unités";"0";"v41691052";"2.81";"120.9";"";"";"";"1"
"2018-05";"Canada";"2016A000011124";"Loyer";"2002=100";"17";"unités";"0";"v41691052";"2.81";"121.1";"";"";"";"1"
"2018-06";"Canada";"2016A000011124";"Loyer";"2002=100";"17";"unités";"0";"v41691052";"2.81";"121.2";"";"";"";"1"
"2018-07";"Canada";"2016A000011124";"Loyer";"2002=100";"17";"unités";"0";"v41691052";"2.81";"121.3";"";"";"";"1"
"2018-08";"Canada";"2016A000011124";"Loyer";"2002=100";"17";"unités";"0";"v41691052";"2.81";"121.6";"";"";"";"1"
"2018-09";"Canada";"2016A000011124";"Loyer";"2002=100";"17";"unités";"0";"v41691052";"2.81";"121.7";"";"";"";"1"
"2018-10";"Canada";"2016A000011124";"Loyer";"2002=100";"17";"unités";"0";"v41691052";"2.81";"121.8";"";"";"";"1"
"2018-11";"Canada";"2016A000011124";"Loyer";"2002=100";"17";"unités";"0";"v41691052";"2.81";"122.0";"";"";"";"1"
"2018-12";"Canada";"2016A000011124";"Loyer";"2002=100";"17";"unités";"0";"v41691052";"2.81";"122.1";"";"";"";"1"
"2019-01";"Canada";"2016A000011124";"Loyer";"2002=100";"17";"unités";"0";"v41691052";"2.81";"123.2";"";"";"";"1"
"2019-02";"Canada";"2016A000011124";"Loyer";"2002=100";"17";"unités";"0";"v41691052";"2.81";"123.7";"";"";"";"1"
"2019-03";"Canada";"2016A000011124";"Loyer";"2002=100";"17";"unités";"0";"v41691052";"2.81";"124.1";"";"";"";"1"
"2019-04";"Canada";"2016A000011124";"Loyer";"2002=100";"17";"unités";"0";"v41691052";"2.81";"123.6";"";"";"";"1"
"2019-05";"Canada";"2016A000011124";"Loyer";"2002=100";"17";"unités";"0";"v41691052";"2.81";"123.7";"";"";"";"1"
"2019-06";"Canada";"2016A000011124";"Loyer";"2002=100";"17";"unités";"0";"v41691052";"2.81";"124.1";"";"";"";"1"
"2019-07";"Canada";"2016A000011124";"Loyer";"2002=100";"17";"unités";"0";"v41691052";"2.81";"124.4";"";"";"";"1"
"2019-08";"Canada";"2016A000011124";"Loyer";"2002=100";"17";"unités";"0";"v41691052";"2.81";"125.3";"";"";"";"1"
"2019-09";"Canada";"2016A000011124";"Loyer";"2002=100";"17";"unités";"0";"v41691052";"2.81";"125.3";"";"";"";"1"
"2019-10";"Canada";"2016A000011124";"Loyer";"2002=100";"17";"unités";"0";"v41691052";"2.81";"126.3";"";"";"";"1"
"2019-11";"Canada";"2016A000011124";"Loyer";"2002=100";"17";"unités";"0";"v41691052";"2.81";"125.8";"";"";"";"1"
"2019-12";"Canada";"2016A000011124";"Loyer";"2002=100";"17";"unités";"0";"v41691052";"2.81";"126.3";"";"";"";"1"
"2020-01";"Canada";"2016A000011124";"Loyer";"2002=100";"17";"unités";"0";"v41691052";"2.81";"126.2";"";"";"";"1"
"2020-02";"Canada";"2016A000011124";"Loyer";"2002=100";"17";"unités";"0";"v41691052";"2.81";"127.1";"";"";"";"1"
"2020-03";"Canada";"2016A000011124";"Loyer";"2002=100";"17";"unités";"0";"v41691052";"2.81";"127.3";"";"";"";"1"
"2020-04";"Canada";"2016A000011124";"Loyer";"2002=100";"17";"unités";"0";"v41691052";"2.81";"126.5";"";"";"";"1"
"2020-05";"Canada";"2016A000011124";"Loyer";"2002=100";"17";"unités";"0";"v41691052";"2.81";"125.5";"";"";"";"1"
"2020-06";"Canada";"2016A000011124";"Loyer";"2002=100";"17";"unités";"0";"v41691052";"2.81";"126.3";"";"";"";"1"
"2020-07";"Canada";"2016A000011124";"Loyer";"2002=100";"17";"unités";"0";"v41691052";"2.81";"125.9";"";"";"";"1"
"2020-08";"Canada";"2016A000011124";"Loyer";"2002=100";"17";"unités";"0";"v41691052";"2.81";"127.0";"";"";"";"1"
"2020-09";"Canada";"2016A000011124";"Loyer";"2002=100";"17";"unités";"0";"v41691052";"2.81";"127.3";"";"";"";"1"
"2020-10";"Canada";"2016A000011124";"Loyer";"2002=100";"17";"unités";"0";"v41691052";"2.81";"127.5";"";"";"";"1"
"2020-11";"Canada";"2016A000011124";"Loyer";"2002=100";"17";"unités";"0";"v41691052";"2.81";"127.7";"";"";"";"1"
"2020-12";"Canada";"2016A000011124";"Loyer";"2002=100";"17";"unités";"0";"v41691052";"2.81";"127.0";"";"";"";"1"
"2021-01";"Canada";"2016A000011124";"Loyer";"2002=100";"17";"unités";"0";"v41691052";"2.81";"127.3";"";"";"";"1"
"2021-02";"Canada";"2016A000011124";"Loyer";"2002=100";"17";"unités";"0";"v41691052";"2.81";"127.2";"";"";"";"1"
"2021-03";"Canada";"2016A000011124";"Loyer";"2002=100";"17";"unités";"0";"v41691052";"2.81";"128.0";"";"";"";"1"
"2021-04";"Canada";"2016A000011124";"Loyer";"2002=100";"17";"unités";"0";"v41691052";"2.81";"127.7";"";"";"";"1"
"2021-05";"Canada";"2016A000011124";"Loyer";"2002=100";"17";"unités";"0";"v41691052";"2.81";"128.6";"";"";"";"1"
"2021-06";"Canada";"2016A000011124";"Loyer";"2002=100";"17";"unités";"0";"v41691052";"2.81";"129.0";"";"";"";"1"
"2021-07";"Canada";"2016A000011124";"Loyer";"2002=100";"17";"unités";"0";"v41691052";"2.81";"129.2";"";"";"";"1"
"2021-08";"Canada";"2016A000011124";"Loyer";"2002=100";"17";"unités";"0";"v41691052";"2.81";"129.0";"";"";"";"1"
"2021-09";"Canada";"2016A000011124";"Loyer";"2002=100";"17";"unités";"0";"v41691052";"2.81";"129.7";"";"";"";"1"
"2021-10";"Canada";"2016A000011124";"Loyer";"2002=100";"17";"unités";"0";"v41691052";"2.81";"129.8";"";"";"";"1"
"2021-11";"Canada";"2016A000011124";"Loyer";"2002=100";"17";"unités";"0";"v41691052";"2.81";"129.9";"";"";"";"1"
"2021-12";"Canada";"2016A000011124";"Loyer";"2002=100";"17";"unités";"0";"v41691052";"2.81";"130.5";"";"";"";"1"
"2022-01";"Canada";"2016A000011124";"Loyer";"2002=100";"17";"unités";"0";"v41691052";"2.81";"131.3";"";"";"";"1"
"2022-02";"Canada";"2016A000011124";"Loyer";"2002=100";"17";"unités";"0";"v41691052";"2.81";"132.6";"";"";"";"1"
"2022-03";"Canada";"2016A000011124";"Loyer";"2002=100";"17";"unités";"0";"v41691052";"2.81";"133.3";"";"";"";"1"
"2022-04";"Canada";"2016A000011124";"Loyer";"2002=100";"17";"unités";"0";"v41691052";"2.81";"133.5";"";"";"";"1"
"2022-05";"Canada";"2016A000011124";"Loyer";"2002=100";"17";"unités";"0";"v41691052";"2.81";"134.3";"";"";"";"1"
"2022-06";"Canada";"2016A000011124";"Loyer";"2002=100";"17";"unités";"0";"v41691052";"2.81";"134.5";"";"";"";"1"
"2022-07";"Canada";"2016A000011124";"Loyer";"2002=100";"17";"unités";"0";"v41691052";"2.81";"135.5";"";"";"";"1"
"2022-08";"Canada";"2016A000011124";"Loyer";"2002=100";"17";"unités";"0";"v41691052";"2.81";"135.1";"";"";"";"1"
"2022-09";"Canada";"2016A000011124";"Loyer";"2002=100";"17";"unités";"0";"v41691052";"2.81";"135.2";"";"";"";"1"
"2022-10";"Canada";"2016A000011124";"Loyer";"2002=100";"17";"unités";"0";"v41691052";"2.81";"135.9";"";"";"";"1"
"2022-11";"Canada";"2016A000011124";"Loyer";"2002=100";"17";"unités";"0";"v41691052";"2.81";"137.5";"";"";"";"1"
"2022-12";"Canada";"2016A000011124";"Loyer";"2002=100";"17";"unités";"0";"v41691052";"2.81";"138.1";"";"";"";"1"
"2023-01";"Canada";"2016A000011124";"Loyer";"2002=100";"17";"unités";"0";"v41691052";"2.81";"138.9";"";"";"";"1"
"2023-02";"Canada";"2016A000011124";"Loyer";"2002=100";"17";"unités";"0";"v41691052";"2.81";"139.7";"";"";"";"1"
"2023-03";"Canada";"2016A000011124";"Loyer";"2002=100";"17";"unités";"0";"v41691052";"2.81";"140.4";"";"";"";"1"
"2023-04";"Canada";"2016A000011124";"Loyer";"2002=100";"17";"unités";"0";"v41691052";"2.81";"141.6";"";"";"";"1"
"2023-05";"Canada";"2016A000011124";"Loyer";"2002=100";"17";"unités";"0";"v41691052";"2.81";"141.9";"";"";"";"1"
"2023-06";"Canada";"2016A000011124";"Loyer";"2002=100";"17";"unités";"0";"v41691052";"2.81";"142.3";"";"";"";"1"
"2023-07";"Canada";"2016A000011124";"Loyer";"2002=100";"17";"unités";"0";"v41691052";"2.81";"142.9";"";"";"";"1"
"2023-08";"Canada";"2016A000011124";"Loyer";"2002=100";"17";"unités";"0";"v41691052";"2.81";"143.9";"";"";"";"1"
"2023-09";"Canada";"2016A000011124";"Loyer";"2002=100";"17";"unités";"0";"v41691052";"2.81";"145.1";"";"";"";"1"
"2023-10";"Canada";"2016A000011124";"Loyer";"2002=100";"17";"unités";"0";"v41691052";"2.81";"147.1";"";"";"";"1"
"2023-11";"Canada";"2016A000011124";"Loyer";"2002=100";"17";"unités";"0";"v41691052";"2.81";"147.7";"";"";"";"1"
"2023-12";"Canada";"2016A000011124";"Loyer";"2002=100";"17";"unités";"0";"v41691052";"2.81";"148.8";"";"";"";"1"
"2024-01";"Canada";"2016A000011124";"Loyer";"2002=100";"17";"unités";"0";"v41691052";"2.81";"149.9";"";"";"";"1"
"2024-02";"Canada";"2016A000011124";"Loyer";"2002=100";"17";"unités";"0";"v41691052";"2.81";"151.1";"";"";"";"1"
"2024-03";"Canada";"2016A000011124";"Loyer";"2002=100";"17";"unités";"0";"v41691052";"2.81";"152.4";"";"";"";"1"
"2024-04";"Canada";"2016A000011124";"Loyer";"2002=100";"17";"unités";"0";"v41691052";"2.81";"153.2";"";"";"";"1"
"2024-05";"Canada";"2016A000011124";"Loyer";"2002=100";"17";"unités";"0";"v41691052";"2.81";"154.6";"";"";"";"1"
"2024-06";"Canada";"2016A000011124";"Loyer";"2002=100";"17";"unités";"0";"v41691052";"2.81";"154.8";"";"";"";"1"
"2024-07";"Canada";"2016A000011124";"Loyer";"2002=100";"17";"unités";"0";"v41691052";"2.81";"155.1";"";"";"";"1"
"2024-08";"Canada";"2016A000011124";"Loyer";"2002=100";"17";"unités";"0";"v41691052";"2.81";"156.7";"";"";"";"1"
"2024-09";"Canada";"2016A000011124";"Loyer";"2002=100";"17";"unités";"0";"v41691052";"2.81";"157.0";"";"";"";"1"
"2024-10";"Canada";"2016A000011124";"Loyer";"2002=100";"17";"unités";"0";"v41691052";"2.81";"157.9";"";"";"";"1"
"2024-11";"Canada";"2016A000011124";"Loyer";"2002=100";"17";"unités";"0";"v41691052";"2.81";"159.0";"";"";"";"1"
"2024-12";"Canada";"2016A000011124";"Loyer";"2002=100";"17";"unités";"0";"v41691052";"2.81";"159.4";"";"";"";"1"
"2025-01";"Canada";"2016A000011124";"Loyer";"2002=100";"17";"unités";"0";"v41691052";"2.81";"159.3";"";"";"";"1"
"2025-02";"Canada";"2016A000011124";"Loyer";"2002=100";"17";"unités";"0";"v41691052";"2.81";"159.8";"";"";"";"1"
"2025-03";"Canada";"2016A000011124";"Loyer";"2002=100";"17";"unités";"0";"v41691052";"2.81";"160.1";"";"";"";"1"
"2025-04";"Canada";"2016A000011124";"Loyer";"2002=100";"17";"unités";"0";"v41691052";"2.81";"161.2";"";"";"";"1"
"2025-05";"Canada";"2016A000011124";"Loyer";"2002=100";"17";"unités";"0";"v41691052";"2.81";"161.5";"";"";"";"1"
"2025-06";"Canada";"2016A000011124";"Loyer";"2002=100";"17";"unités";"0";"v41691052";"2.81";"162.1";"";"";"";"1"
"2025-07";"Canada";"2016A000011124";"Loyer";"2002=100";"17";"unités";"0";"v41691052";"2.81";"163.0";"";"";"";"1"
"2025-08";"Canada";"2016A000011124";"Loyer";"2002=100";"17";"unités";"0";"v41691052";"2.81";"163.7";"";"";"";"1"
"2025-09";"Canada";"2016A000011124";"Loyer";"2002=100";"17";"unités";"0";"v41691052";"2.81";"164.5";"";"";"";"1"
"2025-10";"Canada";"2016A000011124";"Loyer";"2002=100";"17";"unités";"0";"v41691052";"2.81";"166.1";"";"";"";"1"
"2025-11";"Canada";"2016A000011124";"Loyer";"2002=100";"17";"unités";"0";"v41691052";"2.81";"166.4";"";"";"";"1"
"2025-12";"Canada";"2016A000011124";"Loyer";"2002=100";"17";"unités";"0";"v41691052";"2.81";"167.2";"";"";"";"1"
"2026-01";"Canada";"2016A000011124";"Loyer";"2002=100";"17";"unités";"0";"v41691052";"2.81";"166.2";"";"";"";"1"
"2026-02";"Canada";"2016A000011124";"Loyer";"2002=100";"17";"unités";"0";"v41691052";"2.81";"166.0";"";"";"";"1"
"2026-03";"Canada";"2016A000011124";"Loyer";"2002=100";"17";"unités";"0";"v41691052";"2.81";"166.9";"";"";"";"1"
"2026-04";"Canada";"2016A000011124";"Loyer";"2002=100";"17";"unités";"0";"v41691052";"2.81";"167.0";"";"";"";"1"
"2026-05";"Canada";"2016A000011124";"Loyer";"2002=100";"17";"unités";"0";"v41691052";"2.81";"167.2";"";"";"";"1"
"2026-06";"Canada";"2016A000011124";"Loyer";"2002=100";"17";"unités";"0";"v41691052";"2.81";"167.8";"";"";"";"1"
"2026-07";"Canada";"2016A000011124";"Loyer";"2002=100";"17";"unités";"0";"v41691052";"2.81";"167.0";"";"";"";"1"
"2026-08";"Canada";"2016A000011124";"Loyer";"2002=100";"17";"unités";"0";"v41691052";"2.81";"168.3";"";"";"";"1"
"2016-01";"Canada";"2016A000011124";"Essence";"2002=100";"17";"unités";"0";"v41691136";"2.184";"134.1";"";"";"";"1"
"2016-02";"Canada";"2016A000011124";"Essence";"2002=100";"17";"unités";"0";"v41691136";"2.184";"124.9";"";"";"";"1"
"2016-03";"Canada";"2016A000011124";"Essence";"2002=100";"17";"unités";"0";"v41691136";"2.184";"132.0";"";"";"";"1"
"2016-04";"Canada";"2016A000011124";"Essence";"2002=100";"17";"unités";"0";"v41691136";"2.184";"143.7";"";"";"";"1"
"2016-05";"Canada";"2016A000011124";"Essence";"2002=100";"17";"unités";"0";"v41691136";"2.184";"149.6";"";"";"";"1"
"2016-06";"Canada";"2016A000011124";"Essence";"2002=100";"17";"unités";"0";"v41691136";"2.184";"156.1";"";"";"";"1"
"2016-07";"Canada";"2016A000011124";"Essence";"2002=100";"17";"unités";"0";"v41691136";"2.184";"147.4";"";"";"";"1"
"2016-08";"Canada";"2016A000011124";"Essence";"2002=100";"17";"unités";"0";"v41691136";"2.184";"146.1";"";"";"";"1"
"2016-09";"Canada";"2016A000011124";"Essence";"2002=100";"17";"unités";"0";"v41691136";"2.184";"147.3";"";"";"";"1"
"2016-10";"Canada";"2016A000011124";"Essence";"2002=100";"17";"unités";"0";"v41691136";"2.184";"152.7";"";"";"";"1"
"2016-11";"Canada";"2016A000011124";"Essence";"2002=100";"17";"unités";"0";"v41691136";"2.184";"146.1";"";"";"";"1"
"2016-12";"Canada";"2016A000011124";"Essence";"2002=100";"17";"unités";"0";"v41691136";"2.184";"150.6";"";"";"";"1"
"2017-01";"Canada";"2016A000011124";"Essence";"2002=100";"17";"unités";"0";"v41691136";"2.184";"161.7";"";"";"";"1"
"2017-02";"Canada";"2016A000011124";"Essence";"2002=100";"17";"unités";"0";"v41691136";"2.184";"153.7";"";"";"";"1"
"2017-03";"Canada";"2016A000011124";"Essence";"2002=100";"17";"unités";"0";"v41691136";"2.184";"152.0";"";"";"";"1"
"2017-04";"Canada";"2016A000011124";"Essence";"2002=100";"17";"unités";"0";"v41691136";"2.184";"166.5";"";"";"";"1"
"2017-05";"Canada";"2016A000011124";"Essence";"2002=100";"17";"unités";"0";"v41691136";"2.184";"159.8";"";"";"";"1"
"2017-06";"Canada";"2016A000011124";"Essence";"2002=100";"17";"unités";"0";"v41691136";"2.184";"153.9";"";"";"";"1"
"2017-07";"Canada";"2016A000011124";"Essence";"2002=100";"17";"unités";"0";"v41691136";"2.184";"154.2";"";"";"";"1"
"2017-08";"Canada";"2016A000011124";"Essence";"2002=100";"17";"unités";"0";"v41691136";"2.184";"158.7";"";"";"";"1"
"2017-09";"Canada";"2016A000011124";"Essence";"2002=100";"17";"unités";"0";"v41691136";"2.184";"168.1";"";"";"";"1"
"2017-10";"Canada";"2016A000011124";"Essence";"2002=100";"17";"unités";"0";"v41691136";"2.184";"162.7";"";"";"";"1"
"2017-11";"Canada";"2016A000011124";"Essence";"2002=100";"17";"unités";"0";"v41691136";"2.184";"174.7";"";"";"";"1"
"2017-12";"Canada";"2016A000011124";"Essence";"2002=100";"17";"unités";"0";"v41691136";"2.184";"168.9";"";"";"";"1"
"2018-01";"Canada";"2016A000011124";"Essence";"2002=100";"17";"unités";"0";"v41691136";"2.184";"174.3";"";"";"";"1"
"2018-02";"Canada";"2016A000011124";"Essence";"2002=100";"17";"unités";"0";"v41691136";"2.184";"173.0";"";"";"";"1"
"2018-03";"Canada";"2016A000011124";"Essence";"2002=100";"17";"unités";"0";"v41691136";"2.184";"178.0";"";"";"";"1"
"2018-04";"Canada";"2016A000011124";"Essence";"2002=100";"17";"unités";"0";"v41691136";"2.184";"190.1";"";"";"";"1"
"2018-05";"Canada";"2016A000011124";"Essence";"2002=100";"17";"unités";"0";"v41691136";"2.184";"196.4";"";"";"";"1"
"2018-06";"Canada";"2016A000011124";"Essence";"2002=100";"17";"unités";"0";"v41691136";"2.184";"191.8";"";"";"";"1"
"2018-07";"Canada";"2016A000011124";"Essence";"2002=100";"17";"unités";"0";"v41691136";"2.184";"193.3";"";"";"";"1"
"2018-08";"Canada";"2016A000011124";"Essence";"2002=100";"17";"unités";"0";"v41691136";"2.184";"190.3";"";"";"";"1"
"2018-09";"Canada";"2016A000011124";"Essence";"2002=100";"17";"unités";"0";"v41691136";"2.184";"188.3";"";"";"";"1"
"2018-10";"Canada";"2016A000011124";"Essence";"2002=100";"17";"unités";"0";"v41691136";"2.184";"182.3";"";"";"";"1"
"2018-11";"Canada";"2016A000011124";"Essence";"2002=100";"17";"unités";"0";"v41691136";"2.184";"165.2";"";"";"";"1"
"2018-12";"Canada";"2016A000011124";"Essence";"2002=100";"17";"unités";"0";"v41691136";"2.184";"154.4";"";"";"";"1"
"2019-01";"Canada";"2016A000011124";"Essence";"2002=100";"17";"unités";"0";"v41691136";"2.184";"149.6";"";"";"";"1"
"2019-02";"Canada";"2016A000011124";"Essence";"2002=100";"17";"unités";"0";"v41691136";"2.184";"152.4";"";"";"";"1"
"2019-03";"Canada";"2016A000011124";"Essence";"2002=100";"17";"unités";"0";"v41691136";"2.184";"170.1";"";"";"";"1"
"2019-04";"Canada";"2016A000011124";"Essence";"2002=100";"17";"unités";"0";"v41691136";"2.184";"187.1";"";"";"";"1"
"2019-05";"Canada";"2016A000011124";"Essence";"2002=100";"17";"unités";"0";"v41691136";"2.184";"189.2";"";"";"";"1"
"2019-06";"Canada";"2016A000011124";"Essence";"2002=100";"17";"unités";"0";"v41691136";"2.184";"174.1";"";"";"";"1"
"2019-07";"Canada";"2016A000011124";"Essence";"2002=100";"17";"unités";"0";"v41691136";"2.184";"179.9";"";"";"";"1"
"2019-08";"Canada";"2016A000011124";"Essence";"2002=100";"17";"unités";"0";"v41691136";"2.184";"170.9";"";"";"";"1"
"2019-09";"Canada";"2016A000011124";"Essence";"2002=100";"17";"unités";"0";"v41691136";"2.184";"169.5";"";"";"";"1"
"2019-10";"Canada";"2016A000011124";"Essence";"2002=100";"17";"unités";"0";"v41691136";"2.184";"170.1";"";"";"";"1"
"2019-11";"Canada";"2016A000011124";"Essence";"2002=100";"17";"unités";"0";"v41691136";"2.184";"166.7";"";"";"";"1"
"2019-12";"Canada";"2016A000011124";"Essence";"2002=100";"17";"unités";"0";"v41691136";"2.184";"165.8";"";"";"";"1"
"2020-01";"Canada";"2016A000011124";"Essence";"2002=100";"17";"unités";"0";"v41691136";"2.184";"166.4";"";"";"";"1"
"2020-02";"Canada";"2016A000011124";"Essence";"2002=100";"17";"unités";"0";"v41691136";"2.184";"163.1";"";"";"";"1"
"2020-03";"Canada";"2016A000011124";"Essence";"2002=100";"17";"unités";"0";"v41691136";"2.184";"134.0";"";"";"";"1"
"2020-04";"Canada";"2016A000011124";"Essence";"2002=100";"17";"unités";"0";"v41691136";"2.184";"113.6";"";"";"";"1"
"2020-05";"Canada";"2016A000011124";"Essence";"2002=100";"17";"unités";"0";"v41691136";"2.184";"132.8";"";"";"";"1"
"2020-06";"Canada";"2016A000011124";"Essence";"2002=100";"17";"unités";"0";"v41691136";"2.184";"146.7";"";"";"";"1"
"2020-07";"Canada";"2016A000011124";"Essence";"2002=100";"17";"unités";"0";"v41691136";"2.184";"153.1";"";"";"";"1"
"2020-08";"Canada";"2016A000011124";"Essence";"2002=100";"17";"unités";"0";"v41691136";"2.184";"151.9";"";"";"";"1"
"2020-09";"Canada";"2016A000011124";"Essence";"2002=100";"17";"unités";"0";"v41691136";"2.184";"151.3";"";"";"";"1"
"2020-10";"Canada";"2016A000011124";"Essence";"2002=100";"17";"unités";"0";"v41691136";"2.184";"149.0";"";"";"";"1"
"2020-11";"Canada";"2016A000011124";"Essence";"2002=100";"17";"unités";"0";"v41691136";"2.184";"146.8";"";"";"";"1"
"2020-12";"Canada";"2016A000011124";"Essence";"2002=100";"17";"unités";"0";"v41691136";"2.184";"151.7";"";"";"";"1"
"2021-01";"Canada";"2016A000011124";"Essence";"2002=100";"17";"unités";"0";"v41691136";"2.184";"160.9";"";"";"";"1"
"2021-02";"Canada";"2016A000011124";"Essence";"2002=100";"17";"unités";"0";"v41691136";"2.184";"171.3";"";"";"";"1"
"2021-03";"Canada";"2016A000011124";"Essence";"2002=100";"17";"unités";"0";"v41691136";"2.184";"181.3";"";"";"";"1"
"2021-04";"Canada";"2016A000011124";"Essence";"2002=100";"17";"unités";"0";"v41691136";"2.184";"184.6";"";"";"";"1"
"2021-05";"Canada";"2016A000011124";"Essence";"2002=100";"17";"unités";"0";"v41691136";"2.184";"190.5";"";"";"";"1"
"2021-06";"Canada";"2016A000011124";"Essence";"2002=100";"17";"unités";"0";"v41691136";"2.184";"193.6";"";"";"";"1"
"2021-07";"Canada";"2016A000011124";"Essence";"2002=100";"17";"unités";"0";"v41691136";"2.184";"200.4";"";"";"";"1"
"2021-08";"Canada";"2016A000011124";"Essence";"2002=100";"17";"unités";"0";"v41691136";"2.184";"201.3";"";"";"";"1"
"2021-09";"Canada";"2016A000011124";"Essence";"2002=100";"17";"unités";"0";"v41691136";"2.184";"201.0";"";"";"";"1"
"2021-10";"Canada";"2016A000011124";"Essence";"2002=100";"17";"unités";"0";"v41691136";"2.184";"211.1";"";"";"";"1"
"2021-11";"Canada";"2016A000011124";"Essence";"2002=100";"17";"unités";"0";"v41691136";"2.184";"210.8";"";"";"";"1"
"2021-12";"Canada";"2016A000011124";"Essence";"2002=100";"17";"unités";"0";"v41691136";"2.184";"202.2";"";"";"";"1"
"2022-01";"Canada";"2016A000011124";"Essence";"2002=100";"17";"unités";"0";"v41691136";"2.184";"211.9";"";"";"";"1"
"2022-02";"Canada";"2016A000011124";"Essence";"2002=100";"17";"unités";"0";"v41691136";"2.184";"226.6";"";"";"";"1"
"2022-03";"Canada";"2016A000011124";"Essence";"2002=100";"17";"unités";"0";"v41691136";"2.184";"253.4";"";"";"";"1"
"2022-04";"Canada";"2016A000011124";"Essence";"2002=100";"17";"unités";"0";"v41691136";"2.184";"251.7";"";"";"";"1"
"2022-05";"Canada";"2016A000011124";"Essence";"2002=100";"17";"unités";"0";"v41691136";"2.184";"281.9";"";"";"";"1"
"2022-06";"Canada";"2016A000011124";"Essence";"2002=100";"17";"unités";"0";"v41691136";"2.184";"299.4";"";"";"";"1"
"2022-07";"Canada";"2016A000011124";"Essence";"2002=100";"17";"unités";"0";"v41691136";"2.184";"271.8";"";"";"";"1"
"2022-08";"Canada";"2016A000011124";"Essence";"2002=100";"17";"unités";"0";"v41691136";"2.184";"245.8";"";"";"";"1"
"2022-09";"Canada";"2016A000011124";"Essence";"2002=100";"17";"unités";"0";"v41691136";"2.184";"227.6";"";"";"";"1"
"2022-10";"Canada";"2016A000011124";"Essence";"2002=100";"17";"unités";"0";"v41691136";"2.184";"248.6";"";"";"";"1"
"2022-11";"Canada";"2016A000011124";"Essence";"2002=100";"17";"unités";"0";"v41691136";"2.184";"239.6";"";"";"";"1"
"2022-12";"Canada";"2016A000011124";"Essence";"2002=100";"17";"unités";"0";"v41691136";"2.184";"208.3";"";"";"";"1"
"2023-01";"Canada";"2016A000011124";"Essence";"2002=100";"17";"unités";"0";"v41691136";"2.184";"218.1";"";"";"";"1"
"2023-02";"Canada";"2016A000011124";"Essence";"2002=100";"17";"unités";"0";"v41691136";"2.184";"215.9";"";"";"";"1"
"2023-03";"Canada";"2016A000011124";"Essence";"2002=100";"17";"unités";"0";"v41691136";"2.184";"218.4";"";"";"";"1"
"2023-04";"Canada";"2016A000011124";"Essence";"2002=100";"17";"unités";"0";"v41691136";"2.184";"232.2";"";"";"";"1"
"2023-05";"Canada";"2016A000011124";"Essence";"2002=100";"17";"unités";"0";"v41691136";"2.184";"230.3";"";"";"";"1"
"2023-06";"Canada";"2016A000011124";"Essence";"2002=100";"17";"unités";"0";"v41691136";"2.184";"234.7";"";"";"";"1"
"2023-07";"Canada";"2016A000011124";"Essence";"2002=100";"17";"unités";"0";"v41691136";"2.184";"236.8";"";"";"";"1"
"2023-08";"Canada";"2016A000011124";"Essence";"2002=100";"17";"unités";"0";"v41691136";"2.184";"247.8";"";"";"";"1"
"2023-09";"Canada";"2016A000011124";"Essence";"2002=100";"17";"unités";"0";"v41691136";"2.184";"244.7";"";"";"";"1"
"2023-10";"Canada";"2016A000011124";"Essence";"2002=100";"17";"unités";"0";"v41691136";"2.184";"229.1";"";"";"";"1"
"2023-11";"Canada";"2016A000011124";"Essence";"2002=100";"17";"unités";"0";"v41691136";"2.184";"221.1";"";"";"";"1"
"2023-12";"Canada";"2016A000011124";"Essence";"2002=100";"17";"unités";"0";"v41691136";"2.184";"211.3";"";"";"";"1"
"2024-01";"Canada";"2016A000011124";"Essence";"2002=100";"17";"unités";"0";"v41691136";"2.184";"209.3";"";"";"";"1"
"2024-02";"Canada";"2016A000011124";"Essence";"2002=100";"17";"unités";"0";"v41691136";"2.184";"217.7";"";"";"";"1"
"2024-03";"Canada";"2016A000011124";"Essence";"2002=100";"17";"unités";"0";"v41691136";"2.184";"228.3";"";"";"";"1"
"2024-04";"Canada";"2016A000011124";"Essence";"2002=100";"17";"unités";"0";"v41691136";"2.184";"246.3";"";"";"";"1"
"2024-05";"Canada";"2016A000011124";"Essence";"2002=100";"17";"unités";"0";"v41691136";"2.184";"243.2";"";"";"";"1"
"2024-06";"Canada";"2016A000011124";"Essence";"2002=100";"17";"unités";"0";"v41691136";"2.184";"235.7";"";"";"";"1"
"2024-07";"Canada";"2016A000011124";"Essence";"2002=100";"17";"unités";"0";"v41691136";"2.184";"241.4";"";"";"";"1"
"2024-08";"Canada";"2016A000011124";"Essence";"2002=100";"17";"unités";"0";"v41691136";"2.184";"235.2";"";"";"";"1"
"2024-09";"Canada";"2016A000011124";"Essence";"2002=100";"17";"unités";"0";"v41691136";"2.184";"218.4";"";"";"";"1"
"2024-10";"Canada";"2016A000011124";"Essence";"2002=100";"17";"unités";"0";"v41691136";"2.184";"220.0";"";"";"";"1"
"2024-11";"Canada";"2016A000011124";"Essence";"2002=100";"17";"unités";"0";"v41691136";"2.184";"220.1";"";"";"";"1"
"2024-12";"Canada";"2016A000011124";"Essence";"2002=100";"17";"unités";"0";"v41691136";"2.184";"218.7";"";"";"";"1"
"2025-01";"Canada";"2016A000011124";"Essence";"2002=100";"17";"unités";"0";"v41691136";"2.184";"227.4";"";"";"";"1"
"2025-02";"Canada";"2016A000011124";"Essence";"2002=100";"17";"unités";"0";"v41691136";"2.184";"228.8";"";"";"";"1"
"2025-03";"Canada";"2016A000011124";"Essence";"2002=100";"17";"unités";"0";"v41691136";"2.184";"224.7";"";"";"";"1"
"2025-04";"Canada";"2016A000011124";"Essence";"2002=100";"17";"unités";"0";"v41691136";"2.184";"201.7";"";"";"";"1"
"2025-05";"Canada";"2016A000011124";"Essence";"2002=100";"17";"unités";"0";"v41691136";"2.184";"205.5";"";"";"";"1"
"2025-06";"Canada";"2016A000011124";"Essence";"2002=100";"17";"unités";"0";"v41691136";"2.184";"204.0";"";"";"";"1"
"2025-07";"Canada";"2016A000011124";"Essence";"2002=100";"17";"unités";"0";"v41691136";"2.184";"202.5";"";"";"";"1"
"2025-08";"Canada";"2016A000011124";"Essence";"2002=100";"17";"unités";"0";"v41691136";"2.184";"205.4";"";"";"";"1"
"2025-09";"Canada";"2016A000011124";"Essence";"2002=100";"17";"unités";"0";"v41691136";"2.184";"209.4";"";"";"";"1"
"2025-10";"Canada";"2016A000011124";"Essence";"2002=100";"17";"unités";"0";"v41691136";"2.184";"199.4";"";"";"";"1"
"2025-11";"Canada";"2016A000011124";"Essence";"2002=100";"17";"unités";"0";"v41691136";"2.184";"203.0";"";"";"";"1"
"2025-12";"Canada";"2016A000011124";"Essence";"2002=100";"17";"unités";"0";"v41691136";"2.184";"188.6";"";"";"";"1"
"2026-01";"Canada";"2016A000011124";"Essence";"2002=100";"17";"unités";"0";"v41691136";"2.184";"189.5";"";"";"";"1"
"2026-02";"Canada";"2016A000011124";"Essence";"2002=100";"17";"unités";"0";"v41691136";"2.184";"196.3";"";"";"";"1"
"2026-03";"Canada";"2016A000011124";"Essence";"2002=100";"17";"unités";"0";"v41691136";"2.184";"238.0";"";"";"";"1"
"2026-04";"Canada";"2016A000011124";"Essence";"2002=100";"17";"unités";"0";"v41691136";"2.184";"259.3";"";"";"";"1"
"2026-05";"Canada";"2016A000011124";"Essence";"2002=100";"17";"unités";"0";"v41691136";"2.184";"273.7";"";"";"";"1"
"2026-06";"Canada";"2016A000011124";"Essence";"2002=100";"17";"unités";"0";"v41691136";"2.184";"245.8";"";"";"";"1"
"2026-07";"Canada";"2016A000011124";"Essence";"2002=100";"17";"unités";"0";"v41691136";"2.184";"254.6";"";"";"";"1"
"2026-08";"Canada";"2016A000011124";"Essence";"2002=100";"17";"unités";"0";"v41691136";"2.184";"252.2";"";"";"";"1"
"2016-01";"Québec";"2016A000224";"Ensemble";"2002=100";"17";"unités";"0";"v41691783";"11.2";"124.6";"";"";"";"1"
"2016-02";"Québec";"2016A000224";"Ensemble";"2002=100";"17";"unités";"0";"v41691783";"11.2";"125.1";"";"";"";"1"
"2016-03";"Québec";"2016A000224";"Ensemble";"2002=100";"17";"unités";"0";"v41691783";"11.2";"125.6";"";"";"";"1"
"2016-04";"Québec";"2016A000224";"Ensemble";"2002=100";"17";"unités";"0";"v41691783";"11.2";"126.0";"";"";"";"1"
"2016-05";"Québec";"2016A000224";"Ensemble";"2002=100";"17";"unités";"0";"v41691783";"11.2";"126.2";"";"";"";"1"
"2016-06";"Québec";"2016A000224";"Ensemble";"2002=100";"17";"unités";"0";"v41691783";"11.2";"126.0";"";"";"";"1"
"2016-07";"Québec";"2016A000224";"Ensemble";"2002=100";"17";"unités";"0";"v41691783";"11.2";"125.6";"";"";"";"1"
"2016-08";"Québec";"2016A000224";"Ensemble";"2002=100";"17";"unités";"0";"v41691783";"11.2";"125.3";"";"";"";"1"
"2016-09";"Québec";"2016A000224";"Ensemble";"2002=100";"17";"unités";"0";"v41691783";"11.2";"125.8";"";"";"";"1"
"2016-10";"Québec";"2016A000224";"Ensemble";"2002=100";"17";"unités";"0";"v41691783";"11.2";"125.9";"";"";"";"1"
"2016-11";"Québec";"2016A000224";"Ensemble";"2002=100";"17";"unités";"0";"v41691783";"11.2";"125.6";"";"";"";"1"
"2016-12";"Québec";"2016A000224";"Ensemble";"2002=100";"17";"unités";"0";"v41691783";"11.2";"125.2";"";"";"";"1"
"2017-01";"Québec";"2016A000224";"Ensemble";"2002=100";"17";"unités";"0";"v41691783";"11.2";"126.2";"";"";"";"1"
"2017-02";"Québec";"2016A000224";"Ensemble";"2002=100";"17";"unités";"0";"v41691783";"11.2";"126.6";"";"";"";"1"
"2017-03";"Québec";"2016A000224";"Ensemble";"2002=100";"17";"unités";"0";"v41691783";"11.2";"126.7";"";"";"";"1"
"2017-04";"Québec";"2016A000224";"Ensemble";"2002=100";"17";"unités";"0";"v41691783";"11.2";"127.0";"";"";"";"1"
"2017-05";"Québec";"2016A000224";"Ensemble";"2002=100";"17";"unités";"0";"v41691783";"11.2";"127.1";"";"";"";"1"
"2017-06";"Québec";"2016A000224";"Ensemble";"2002=100";"17";"unités";"0";"v41691783";"11.2";"126.7";"";"";"";"1"
"2017-07";"Québec";"2016A000224";"Ensemble";"2002=100";"17";"unités";"0";"v41691783";"11.2";"126.7";"";"";"";"1"
"2017-08";"Québec";"2016A000224";"Ensemble";"2002=100";"17";"unités";"0";"v41691783";"11.2";"126.7";"";"";"";"1"
"2017-09";"Québec";"2016A000224";"Ensemble";"2002=100";"17";"unités";"0";"v41691783";"11.2";"127.1";"";"";"";"1"
"2017-10";"Québec";"2016A000224";"Ensemble";"2002=100";"17";"unités";"0";"v41691783";"11.2";"127.2";"";"";"";"1"
"2017-11";"Québec";"2016A000224";"Ensemble";"2002=100";"17";"unités";"0";"v41691783";"11.2";"127.7";"";"";"";"1"
"2017-12";"Québec";"2016A000224";"Ensemble";"2002=100";"17";"unités";"0";"v41691783";"11.2";"127.5";"";"";"";"1"
"2018-01";"Québec";"2016A000224";"Ensemble";"2002=100";"17";"unités";"0";"v41691783";"11.2";"127.8";"";"";"";"1"
"2018-02";"Québec";"2016A000224";"Ensemble";"2002=100";"17";"unités";"0";"v41691783";"11.2";"128.5";"";"";"";"1"
"2018-03";"Québec";"2016A000224";"Ensemble";"2002=100";"17";"unités";"0";"v41691783";"11.2";"128.7";"";"";"";"1"
"2018-04";"Québec";"2016A000224";"Ensemble";"2002=100";"17";"unités";"0";"v41691783";"11.2";"129.2";"";"";"";"1"
"2018-05";"Québec";"2016A000224";"Ensemble";"2002=100";"17";"unités";"0";"v41691783";"11.2";"129.3";"";"";"";"1"
"2018-06";"Québec";"2016A000224";"Ensemble";"2002=100";"17";"unités";"0";"v41691783";"11.2";"129.2";"";"";"";"1"
"2018-07";"Québec";"2016A000224";"Ensemble";"2002=100";"17";"unités";"0";"v41691783";"11.2";"129.7";"";"";"";"1"
"2018-08";"Québec";"2016A000224";"Ensemble";"2002=100";"17";"unités";"0";"v41691783";"11.2";"129.5";"";"";"";"1"
"2018-09";"Québec";"2016A000224";"Ensemble";"2002=100";"17";"unités";"0";"v41691783";"11.2";"129.3";"";"";"";"1"
"2018-10";"Québec";"2016A000224";"Ensemble";"2002=100";"17";"unités";"0";"v41691783";"11.2";"129.4";"";"";"";"1"
"2018-11";"Québec";"2016A000224";"Ensemble";"2002=100";"17";"unités";"0";"v41691783";"11.2";"128.9";"";"";"";"1"
"2018-12";"Québec";"2016A000224";"Ensemble";"2002=100";"17";"unités";"0";"v41691783";"11.2";"128.9";"";"";"";"1"
"2019-01";"Québec";"2016A000224";"Ensemble";"2002=100";"17";"unités";"0";"v41691783";"11.2";"129.1";"";"";"";"1"
"2019-02";"Québec";"2016A000224";"Ensemble";"2002=100";"17";"unités";"0";"v41691783";"11.2";"130.2";"";"";"";"1"
"2019-03";"Québec";"2016A000224";"Ensemble";"2002=100";"17";"unités";"0";"v41691783";"11.2";"131.0";"";"";"";"1"
"2019-04";"Québec";"2016A000224";"Ensemble";"2002=100";"17";"unités";"0";"v41691783";"11.2";"131.5";"";"";"";"1"
"2019-05";"Québec";"2016A000224";"Ensemble";"2002=100";"17";"unités";"0";"v41691783";"11.2";"132.4";"";"";"";"1"
"2019-06";"Québec";"2016A000224";"Ensemble";"2002=100";"17";"unités";"0";"v41691783";"11.2";"132.0";"";"";"";"1"
"2019-07";"Québec";"2016A000224";"Ensemble";"2002=100";"17";"unités";"0";"v41691783";"11.2";"132.6";"";"";"";"1"
"2019-08";"Québec";"2016A000224";"Ensemble";"2002=100";"17";"unités";"0";"v41691783";"11.2";"132.4";"";"";"";"1"
"2019-09";"Québec";"2016A000224";"Ensemble";"2002=100";"17";"unités";"0";"v41691783";"11.2";"132.1";"";"";"";"1"
"2019-10";"Québec";"2016A000224";"Ensemble";"2002=100";"17";"unités";"0";"v41691783";"11.2";"132.4";"";"";"";"1"
"2019-11";"Québec";"2016A000224";"Ensemble";"2002=100";"17";"unités";"0";"v41691783";"11.2";"132.4";"";"";"";"1"
"2019-12";"Québec";"2016A000224";"Ensemble";"2002=100";"17";"unités";"0";"v41691783";"11.2";"132.4";"";"";"";"1"
"2020-01";"Québec";"2016A000224";"Ensemble";"2002=100";"17";"unités";"0";"v41691783";"11.2";"132.6";"";"";"";"1"
"2020-02";"Québec";"2016A000224";"Ensemble";"2002=100";"17";"unités";"0";"v41691783";"11.2";"133.2";"";"";"";"1"
"2020-03";"Québec";"2016A000224";"Ensemble";"2002=100";"17";"unités";"0";"v41691783";"11.2";"132.5";"";"";"";"1"
"2020-04";"Québec";"2016A000224";"Ensemble";"2002=100";"17";"unités";"0";"v41691783";"11.2";"131.7";"";"";"";"1"
"2020-05";"Québec";"2016A000224";"Ensemble";"2002=100";"17";"unités";"0";"v41691783";"11.2";"131.9";"";"";"";"1"
"2020-06";"Québec";"2016A000224";"Ensemble";"2002=100";"17";"unités";"0";"v41691783";"11.2";"132.8";"";"";"";"1"
"2020-07";"Québec";"2016A000224";"Ensemble";"2002=100";"17";"unités";"0";"v41691783";"11.2";"133.0";"";"";"";"1"
"2020-08";"Québec";"2016A000224";"Ensemble";"2002=100";"17";"unités";"0";"v41691783";"11.2";"132.9";"";"";"";"1"
"2020-09";"Québec";"2016A000224";"Ensemble";"2002=100";"17";"unités";"0";"v41691783";"11.2";"132.5";"";"";"";"1"
"2020-10";"Québec";"2016A000224";"Ensemble";"2002=100";"17";"unités";"0";"v41691783";"11.2";"133.1";"";"";"";"1"
"2020-11";"Québec";"2016A000224";"Ensemble";"2002=100";"17";"unités";"0";"v41691783";"11.2";"133.5";"";"";"";"1"
"2020-12";"Québec";"2016A000224";"Ensemble";"2002=100";"17";"unités";"0";"v41691783";"11.2";"133.4";"";"";"";"1"
"2021-01";"Québec";"2016A000224";"Ensemble";"2002=100";"17";"unités";"0";"v41691783";"11.2";"134.3";"";"";"";"1"
"2021-02";"Québec";"2016A000224";"Ensemble";"2002=100";"17";"unités";"0";"v41691783";"11.2";"135.3";"";"";"";"1"
"2021-03";"Québec";"2016A000224";"Ensemble";"2002=100";"17";"unités";"0";"v41691783";"11.2";"135.4";"";"";"";"1"
"2021-04";"Québec";"2016A000224";"Ensemble";"2002=100";"17";"unités";"0";"v41691783";"11.2";"136.2";"";"";"";"1"
"2021-05";"Québec";"2016A000224";"Ensemble";"2002=100";"17";"unités";"0";"v41691783";"11.2";"137.3";"";"";"";"1"
"2021-06";"Québec";"2016A000224";"Ensemble";"2002=100";"17";"unités";"0";"v41691783";"11.2";"137.7";"";"";"";"1"
"2021-07";"Québec";"2016A000224";"Ensemble";"2002=100";"17";"unités";"0";"v41691783";"11.2";"138.5";"";"";"";"1"
"2021-08";"Québec";"2016A000224";"Ensemble";"2002=100";"17";"unités";"0";"v41691783";"11.2";"138.7";"";"";"";"1"
"2021-09";"Québec";"2016A000224";"Ensemble";"2002=100";"17";"unités";"0";"v41691783";"11.2";"139.2";"";"";"";"1"
"2021-10";"Québec";"2016A000224";"Ensemble";"2002=100";"17";"unités";"0";"v41691783";"11.2";"140.2";"";"";"";"1"
"2021-11";"Québec";"2016A000224";"Ensemble";"2002=100";"17";"unités";"0";"v41691783";"11.2";"140.5";"";"";"";"1"
"2021-12";"Québec";"2016A000224";"Ensemble";"2002=100";"17";"unités";"0";"v41691783";"11.2";"140.2";"";"";"";"1"
"2022-01";"Québec";"2016A000224";"Ensemble";"2002=100";"17";"unités";"0";"v41691783";"11.2";"141.1";"";"";"";"1"
"2022-02";"Québec";"2016A000224";"Ensemble";"2002=100";"17";"unités";"0";"v41691783";"11.2";"142.6";"";"";"";"1"
"2022-03";"Québec";"2016A000224";"Ensemble";"2002=100";"17";"unités";"0";"v41691783";"11.2";"144.5";"";"";"";"1"
"2022-04";"Québec";"2016A000224";"Ensemble";"2002=100";"17";"unités";"0";"v41691783";"11.2";"145.5";"";"";"";"1"
"2022-05";"Québec";"2016A000224";"Ensemble";"2002=100";"17";"unités";"0";"v41691783";"11.2";"147.6";"";"";"";"1"
"2022-06";"Québec";"2016A000224";"Ensemble";"2002=100";"17";"unités";"0";"v41691783";"11.2";"148.7";"";"";"";"1"
"2022-07";"Québec";"2016A000224";"Ensemble";"2002=100";"17";"unités";"0";"v41691783";"11.2";"148.6";"";"";"";"1"
"2022-08";"Québec";"2016A000224";"Ensemble";"2002=100";"17";"unités";"0";"v41691783";"11.2";"148.6";"";"";"";"1"
"2022-09";"Québec";"2016A000224";"Ensemble";"2002=100";"17";"unités";"0";"v41691783";"11.2";"148.3";"";"";"";"1"
"2022-10";"Québec";"2016A000224";"Ensemble";"2002=100";"17";"unités";"0";"v41691783";"11.2";"149.2";"";"";"";"1"
"2022-11";"Québec";"2016A000224";"Ensemble";"2002=100";"17";"unités";"0";"v41691783";"11.2";"150.1";"";"";"";"1"
"2022-12";"Québec";"2016A000224";"Ensemble";"2002=100";"17";"unités";"0";"v41691783";"11.2";"149.0";"";"";"";"1"
"2023-01";"Québec";"2016A000224";"Ensemble";"2002=100";"17";"unités";"0";"v41691783";"11.2";"149.9";"";"";"";"1"
"2023-02";"Québec";"2016A000224";"Ensemble";"2002=100";"17";"unités";"0";"v41691783";"11.2";"150.6";"";"";"";"1"
"2023-03";"Québec";"2016A000224";"Ensemble";"2002=100";"17";"unités";"0";"v41691783";"11.2";"151.3";"";"";"";"1"
"2023-04";"Québec";"2016A000224";"Ensemble";"2002=100";"17";"unités";"0";"v41691783";"11.2";"152.5";"";"";"";"1"
"2023-05";"Québec";"2016A000224";"Ensemble";"2002=100";"17";"unités";"0";"v41691783";"11.2";"153.5";"";"";"";"1"
"2023-06";"Québec";"2016A000224";"Ensemble";"2002=100";"17";"unités";"0";"v41691783";"11.2";"154.1";"";"";"";"1"
"2023-07";"Québec";"2016A000224";"Ensemble";"2002=100";"17";"unités";"0";"v41691783";"11.2";"154.4";"";"";"";"1"
"2023-08";"Québec";"2016A000224";"Ensemble";"2002=100";"17";"unités";"0";"v41691783";"11.2";"155.4";"";"";"";"1"
"2023-09";"Québec";"2016A000224";"Ensemble";"2002=100";"17";"unités";"0";"v41691783";"11.2";"155.4";"";"";"";"1"
"2023-10";"Québec";"2016A000224";"Ensemble";"2002=100";"17";"unités";"0";"v41691783";"11.2";"155.4";"";"";"";"1"
"2023-11";"Québec";"2016A000224";"Ensemble";"2002=100";"17";"unités";"0";"v41691783";"11.2";"155.5";"";"";"";"1"
"2023-12";"Québec";"2016A000224";"Ensemble";"2002=100";"17";"unités";"0";"v41691783";"11.2";"155.0";"";"";"";"1"
"2024-01";"Québec";"2016A000224";"Ensemble";"2002=100";"17";"unités";"0";"v41691783";"11.2";"154.8";"";"";"";"1"
"2024-02";"Québec";"2016A000224";"Ensemble";"2002=100";"17";"unités";"0";"v41691783";"11.2";"155.5";"";"";"";"1"
"2024-03";"Québec";"2016A000224";"Ensemble";"2002=100";"17";"unités";"0";"v41691783";"11.2";"156.7";"";"";"";"1"
"2024-04";"Québec";"2016A000224";"Ensemble";"2002=100";"17";"unités";"0";"v41691783";"11.2";"157.0";"";"";"";"1"
"2024-05";"Québec";"2016A000224";"Ensemble";"2002=100";"17";"unités";"0";"v41691783";"11.2";"158.2";"";"";"";"1"
"2024-06";"Québec";"2016A000224";"Ensemble";"2002=100";"17";"unités";"0";"v41691783";"11.2";"157.5";"";"";"";"1"
"2024-07";"Québec";"2016A000224";"Ensemble";"2002=100";"17";"unités";"0";"v41691783";"11.2";"157.9";"";"";"";"1"
"2024-08";"Québec";"2016A000224";"Ensemble";"2002=100";"17";"unités";"0";"v41691783";"11.2";"157.7";"";"";"";"1"
"2024-09";"Québec";"2016A000224";"Ensemble";"2002=100";"17";"unités";"0";"v41691783";"11.2";"157.4";"";"";"";"1"
"2024-10";"Québec";"2016A000224";"Ensemble";"2002=100";"17";"unités";"0";"v41691783";"11.2";"157.9";"";"";"";"1"
"2024-11";"Québec";"2016A000224";"Ensemble";"2002=100";"17";"unités";"0";"v41691783";"11.2";"157.8";"";"";"";"1"
"2024-12";"Québec";"2016A000224";"Ensemble";"2002=100";"17";"unités";"0";"v41691783";"11.2";"157.5";"";"";"";"1"
"2025-01";"Québec";"2016A000224";"Ensemble";"2002=100";"17";"unités";"0";"v41691783";"11.2";"157.6";"";"";"";"1"
"2025-02";"Québec";"2016A000224";"Ensemble";"2002=100";"17";"unités";"0";"v41691783";"11.2";"158.6";"";"";"";"1"
"2025-03";"Québec";"2016A000224";"Ensemble";"2002=100";"17";"unités";"0";"v41691783";"11.2";"159.7";"";"";"";"1"
"2025-04";"Québec";"2016A000224";"Ensemble";"2002=100";"17";"unités";"0";"v41691783";"11.2";"160.4";"";"";"";"1"
"2025-05";"Québec";"2016A000224";"Ensemble";"2002=100";"17";"unités";"0";"v41691783";"11.2";"160.9";"";"";"";"1"
"2025-06";"Québec";"2016A000224";"Ensemble";"2002=100";"17";"unités";"0";"v41691783";"11.2";"161.0";"";"";"";"1"
"2025-07";"Québec";"2016A000224";"Ensemble";"2002=100";"17";"unités";"0";"v41691783";"11.2";"161.6";"";"";"";"1"
"2025-08";"Québec";"2016A000224";"Ensemble";"2002=100";"17";"unités";"0";"v41691783";"11.2";"161.9";"";"";"";"1"
"2025-09";"Québec";"2016A000224";"Ensemble";"2002=100";"17";"unités";"0";"v41691783";"11.2";"162.6";"";"";"";"1"
"2025-10";"Québec";"2016A000224";"Ensemble";"2002=100";"17";"unités";"0";"v41691783";"11.2";"162.9";"";"";"";"1"
"2025-11";"Québec";"2016A000224";"Ensemble";"2002=100";"17";"unités";"0";"v41691783";"11.2";"162.6";"";"";"";"1"
"2025-12";"Québec";"2016A000224";"Ensemble";"2002=100";"17";"unités";"0";"v41691783";"11.2";"162.6";"";"";"";"1"
"2026-01";"Québec";"2016A000224";"Ensemble";"2002=100";"17";"unités";"0";"v41691783";"11.2";"162.3";"";"";"";"1"
"2026-02";"Québec";"2016A000224";"Ensemble";"2002=100";"17";"unités";"0";"v41691783";"11.2";"163.1";"";"";"";"1"
"2026-03";"Québec";"2016A000224";"Ensemble";"2002=100";"17";"unités";"0";"v41691783";"11.2";"164.3";"";"";"";"1"
"2026-04";"Québec";"2016A000224";"Ensemble";"2002=100";"17";"unités";"0";"v41691783";"11.2";"165.2";"";"";"";"1"
"2026-05";"Québec";"2016A000224";"Ensemble";"2002=100";"17";"unités";"0";"v41691783";"11.2";"166.7";"";"";"";"1"
"2026-06";"Québec";"2016A000224";"Ensemble";"2002=100";"17";"unités";"0";"v41691783";"11.2";"166.2";"";"";"";"1"
"2026-07";"Québec";"2016A000224";"Ensemble";"2002=100";"17";"unités";"0";"v41691783";"11.2";"167.0";"";"";"";"1"
"2026-08";"Québec";"2016A000224";"Ensemble";"2002=100";"17";"unités";"0";"v41691783";"11.2";"166.9";"";"";"";"1"
"2016-01";"Québec";"2016A000224";"Loyer";"2002=100";"17";"unités";"0";"v41691818";"11.81";"116.7";"";"";"";"1"
"2016-02";"Québec";"2016A000224";"Loyer";"2002=100";"17";"unités";"0";"v41691818";"11.81";"116.8";"";"";"";"1"
"2016-03";"Québec";"2016A000224";"Loyer";"2002=100";"17";"unités";"0";"v41691818";"11.81";"116.8";"";"";"";"1"
"2016-04";"Québec";"2016A000224";"Loyer";"2002=100";"17";"unités";"0";"v41691818";"11.81";"116.8";"";"";"";"1"
"2016-05";"Québec";"2016A000224";"Loyer";"2002=100";"17";"unités";"0";"v41691818";"11.81";"116.8";"";"";"";"1"
"2016-06";"Québec";"2016A000224";"Loyer";"2002=100";"17";"unités";"0";"v41691818";"11.81";"116.9";"";"";"";"1"
"2016-07";"Québec";"2016A000224";"Loyer";"2002=100";"17";"unités";"0";"v41691818";"11.81";"116.9";"";"";"";"1"
"2016-08";"Québec";"2016A000224";"Loyer";"2002=100";"17";"unités";"0";"v41691818";"11.81";"117.4";"";"";"";"1"
"2016-09";"Québec";"2016A000224";"Loyer";"2002=100";"17";"unités";"0";"v41691818";"11.81";"117.5";"";"";"";"1"
"2016-10";"Québec";"2016A000224";"Loyer";"2002=100";"17";"unités";"0";"v41691818";"11.81";"117.5";"";"";"";"1"
"2016-11";"Québec";"2016A000224";"Loyer";"2002=100";"17";"unités";"0";"v41691818";"11.81";"117.5";"";"";"";"1"
"2016-12";"Québec";"2016A000224";"Loyer";"2002=100";"17";"unités";"0";"v41691818";"11.81";"117.6";"";"";"";"1"
"2017-01";"Québec";"2016A000224";"Loyer";"2002=100";"17";"unités";"0";"v41691818";"11.81";"117.6";"";"";"";"1"
"2017-02";"Québec";"2016A000224";"Loyer";"2002=100";"17";"unités";"0";"v41691818";"11.81";"117.6";"";"";"";"1"
"2017-03";"Québec";"2016A000224";"Loyer";"2002=100";"17";"unités";"0";"v41691818";"11.81";"117.7";"";"";"";"1"
"2017-04";"Québec";"2016A000224";"Loyer";"2002=100";"17";"unités";"0";"v41691818";"11.81";"117.7";"";"";"";"1"
"2017-05";"Québec";"2016A000224";"Loyer";"2002=100";"17";"unités";"0";"v41691818";"11.81";"117.8";"";"";"";"1"
"2017-06";"Québec";"2016A000224";"Loyer";"2002=100";"17";"unités";"0";"v41691818";"11.81";"117.8";"";"";"";"1"
"2017-07";"Québec";"2016A000224";"Loyer";"2002=100";"17";"unités";"0";"v41691818";"11.81";"117.8";"";"";"";"1"
"2017-08";"Québec";"2016A000224";"Loyer";"2002=100";"17";"unités";"0";"v41691818";"11.81";"118.2";"";"";"";"1"
"2017-09";"Québec";"2016A000224";"Loyer";"2002=100";"17";"unités";"0";"v41691818";"11.81";"118.3";"";"";"";"1"
"2017-10";"Québec";"2016A000224";"Loyer";"2002=100";"17";"unités";"0";"v41691818";"11.81";"118.3";"";"";"";"1"
"2017-11";"Québec";"2016A000224";"Loyer";"2002=100";"17";"unités";"0";"v41691818";"11.81";"118.3";"";"";"";"1"
"2017-12";"Québec";"2016A000224";"Loyer";"2002=100";"17";"unités";"0";"v41691818";"11.81";"118.4";"";"";"";"1"
"2018-01";"Québec";"2016A000224";"Loyer";"2002=100";"17";"unités";"0";"v41691818";"11.81";"118.4";"";"";"";"1"
"2018-02";"Québec";"2016A000224";"Loyer";"2002=100";"17";"unités";"0";"v41691818";"11.81";"118.5";"";"";"";"1"
"2018-03";"Québec";"2016A000224";"Loyer";"2002=100";"17";"unités";"0";"v41691818";"11.81";"118.5";"";"";"";"1"
"2018-04";"Québec";"2016A000224";"Loyer";"2002=100";"17";"unités";"0";"v41691818";"11.81";"118.6";"";"";"";"1"
"2018-05";"Québec";"2016A000224";"Loyer";"2002=100";"17";"unités";"0";"v41691818";"11.81";"118.6";"";"";"";"1"
"2018-06";"Québec";"2016A000224";"Loyer";"2002=100";"17";"unités";"0";"v41691818";"11.81";"118.6";"";"";"";"1"
"2018-07";"Québec";"2016A000224";"Loyer";"2002=100";"17";"unités";"0";"v41691818";"11.81";"118.7";"";"";"";"1"
"2018-08";"Québec";"2016A000224";"Loyer";"2002=100";"17";"unités";"0";"v41691818";"11.81";"119.2";"";"";"";"1"
"2018-09";"Québec";"2016A000224";"Loyer";"2002=100";"17";"unités";"0";"v41691818";"11.81";"119.3";"";"";"";"1"
"2018-10";"Québec";"2016A000224";"Loyer";"2002=100";"17";"unités";"0";"v41691818";"11.81";"119.4";"";"";"";"1"
"2018-11";"Québec";"2016A000224";"Loyer";"2002=100";"17";"unités";"0";"v41691818";"11.81";"119.5";"";"";"";"1"
"2018-12";"Québec";"2016A000224";"Loyer";"2002=100";"17";"unités";"0";"v41691818";"11.81";"119.6";"";"";"";"1"
"2019-01";"Québec";"2016A000224";"Loyer";"2002=100";"17";"unités";"0";"v41691818";"11.81";"120.0";"";"";"";"1"
"2019-02";"Québec";"2016A000224";"Loyer";"2002=100";"17";"unités";"0";"v41691818";"11.81";"120.2";"";"";"";"1"
"2019-03";"Québec";"2016A000224";"Loyer";"2002=100";"17";"unités";"0";"v41691818";"11.81";"120.9";"";"";"";"1"
"2019-04";"Québec";"2016A000224";"Loyer";"2002=100";"17";"unités";"0";"v41691818";"11.81";"120.0";"";"";"";"1"
"2019-05";"Québec";"2016A000224";"Loyer";"2002=100";"17";"unités";"0";"v41691818";"11.81";"120.3";"";"";"";"1"
"2019-06";"Québec";"2016A000224";"Loyer";"2002=100";"17";"unités";"0";"v41691818";"11.81";"120.1";"";"";"";"1"
"2019-07";"Québec";"2016A000224";"Loyer";"2002=100";"17";"unités";"0";"v41691818";"11.81";"120.0";"";"";"";"1"
"2019-08";"Québec";"2016A000224";"Loyer";"2002=100";"17";"unités";"0";"v41691818";"11.81";"121.4";"";"";"";"1"
"2019-09";"Québec";"2016A000224";"Loyer";"2002=100";"17";"unités";"0";"v41691818";"11.81";"122.7";"";"";"";"1"
"2019-10";"Québec";"2016A000224";"Loyer";"2002=100";"17";"unités";"0";"v41691818";"11.81";"123.6";"";"";"";"1"
"2019-11";"Québec";"2016A000224";"Loyer";"2002=100";"17";"unités";"0";"v41691818";"11.81";"122.3";"";"";"";"1"
"2019-12";"Québec";"2016A000224";"Loyer";"2002=100";"17";"unités";"0";"v41691818";"11.81";"123.0";"";"";"";"1"
"2020-01";"Québec";"2016A000224";"Loyer";"2002=100";"17";"unités";"0";"v41691818";"11.81";"122.3";"";"";"";"1"
"2020-02";"Québec";"2016A000224";"Loyer";"2002=100";"17";"unités";"0";"v41691818";"11.81";"122.7";"";"";"";"1"
"2020-03";"Québec";"2016A000224";"Loyer";"2002=100";"17";"unités";"0";"v41691818";"11.81";"123.2";"";"";"";"1"
"2020-04";"Québec";"2016A000224";"Loyer";"2002=100";"17";"unités";"0";"v41691818";"11.81";"121.7";"";"";"";"1"
"2020-05";"Québec";"2016A000224";"Loyer";"2002=100";"17";"unités";"0";"v41691818";"11.81";"120.6";"";"";"";"1"
"2020-06";"Québec";"2016A000224";"Loyer";"2002=100";"17";"unités";"0";"v41691818";"11.81";"121.5";"";"";"";"1"
"2020-07";"Québec";"2016A000224";"Loyer";"2002=100";"17";"unités";"0";"v41691818";"11.81";"121.1";"";"";"";"1"
"2020-08";"Québec";"2016A000224";"Loyer";"2002=100";"17";"unités";"0";"v41691818";"11.81";"123.0";"";"";"";"1"
"2020-09";"Québec";"2016A000224";"Loyer";"2002=100";"17";"unités";"0";"v41691818";"11.81";"122.7";"";"";"";"1"
"2020-10";"Québec";"2016A000224";"Loyer";"2002=100";"17";"unités";"0";"v41691818";"11.81";"124.1";"";"";"";"1"
"2020-11";"Québec";"2016A000224";"Loyer";"2002=100";"17";"unités";"0";"v41691818";"11.81";"124.8";"";"";"";"1"
"2020-12";"Québec";"2016A000224";"Loyer";"2002=100";"17";"unités";"0";"v41691818";"11.81";"124.2";"";"";"";"1"
"2021-01";"Québec";"2016A000224";"Loyer";"2002=100";"17";"unités";"0";"v41691818";"11.81";"124.5";"";"";"";"1"
"2021-02";"Québec";"2016A000224";"Loyer";"2002=100";"17";"unités";"0";"v41691818";"11.81";"124.5";"";"";"";"1"
"2021-03";"Québec";"2016A000224";"Loyer";"2002=100";"17";"unités";"0";"v41691818";"11.81";"124.2";"";"";"";"1"
"2021-04";"Québec";"2016A000224";"Loyer";"2002=100";"17";"unités";"0";"v41691818";"11.81";"124.5";"";"";"";"1"
"2021-05";"Québec";"2016A000224";"Loyer";"2002=100";"17";"unités";"0";"v41691818";"11.81";"126.0";"";"";"";"1"
"2021-06";"Québec";"2016A000224";"Loyer";"2002=100";"17";"unités";"0";"v41691818";"11.81";"126.7";"";"";"";"1"
"2021-07";"Québec";"2016A000224";"Loyer";"2002=100";"17";"unités";"0";"v41691818";"11.81";"127.7";"";"";"";"1"
"2021-08";"Québec";"2016A000224";"Loyer";"2002=100";"17";"unités";"0";"v41691818";"11.81";"127.6";"";"";"";"1"
"2021-09";"Québec";"2016A000224";"Loyer";"2002=100";"17";"unités";"0";"v41691818";"11.81";"127.2";"";"";"";"1"
"2021-10";"Québec";"2016A000224";"Loyer";"2002=100";"17";"unités";"0";"v41691818";"11.81";"126.1";"";"";"";"1"
"2021-11";"Québec";"2016A000224";"Loyer";"2002=100";"17";"unités";"0";"v41691818";"11.81";"126.3";"";"";"";"1"
"2021-12";"Québec";"2016A000224";"Loyer";"2002=100";"17";"unités";"0";"v41691818";"11.81";"127.0";"";"";"";"1"
"2022-01";"Québec";"2016A000224";"Loyer";"2002=100";"17";"unités";"0";"v41691818";"11.81";"127.8";"";"";"";"1"
"2022-02";"Québec";"2016A000224";"Loyer";"2002=100";"17";"unités";"0";"v41691818";"11.81";"128.8";"";"";"";"1"
"2022-03";"Québec";"2016A000224";"Loyer";"2002=100";"17";"unités";"0";"v41691818";"11.81";"128.9";"";"";"";"1"
"2022-04";"Québec";"2016A000224";"Loyer";"2002=100";"17";"unités";"0";"v41691818";"11.81";"129.9";"";"";"";"1"
"2022-05";"Québec";"2016A000224";"Loyer";"2002=100";"17";"unités";"0";"v41691818";"11.81";"130.3";"";"";"";"1"
"2022-06";"Québec";"2016A000224";"Loyer";"2002=100";"17";"unités";"0";"v41691818";"11.81";"130.6";"";"";"";"1"
"2022-07";"Québec";"2016A000224";"Loyer";"2002=100";"17";"unités";"0";"v41691818";"11.81";"130.2";"";"";"";"1"
"2022-08";"Québec";"2016A000224";"Loyer";"2002=100";"17";"unités";"0";"v41691818";"11.81";"131.4";"";"";"";"1"
"2022-09";"Québec";"2016A000224";"Loyer";"2002=100";"17";"unités";"0";"v41691818";"11.81";"131.0";"";"";"";"1"
"2022-10";"Québec";"2016A000224";"Loyer";"2002=100";"17";"unités";"0";"v41691818";"11.81";"130.9";"";"";"";"1"
"2022-11";"Québec";"2016A000224";"Loyer";"2002=100";"17";"unités";"0";"v41691818";"11.81";"133.0";"";"";"";"1"
"2022-12";"Québec";"2016A000224";"Loyer";"2002=100";"17";"unités";"0";"v41691818";"11.81";"133.9";"";"";"";"1"
"2023-01";"Québec";"2016A000224";"Loyer";"2002=100";"17";"unités";"0";"v41691818";"11.81";"134.2";"";"";"";"1"
"2023-02";"Québec";"2016A000224";"Loyer";"2002=100";"17";"unités";"0";"v41691818";"11.81";"134.3";"";"";"";"1"
"2023-03";"Québec";"2016A000224";"Loyer";"2002=100";"17";"unités";"0";"v41691818";"11.81";"134.3";"";"";"";"1"
"2023-04";"Québec";"2016A000224";"Loyer";"2002=100";"17";"unités";"0";"v41691818";"11.81";"135.2";"";"";"";"1"
"2023-05";"Québec";"2016A000224";"Loyer";"2002=100";"17";"unités";"0";"v41691818";"11.81";"135.8";"";"";"";"1"
"2023-06";"Québec";"2016A000224";"Loyer";"2002=100";"17";"unités";"0";"v41691818";"11.81";"137.0";"";"";"";"1"
"2023-07";"Québec";"2016A000224";"Loyer";"2002=100";"17";"unités";"0";"v41691818";"11.81";"137.7";"";"";"";"1"
"2023-08";"Québec";"2016A000224";"Loyer";"2002=100";"17";"unités";"0";"v41691818";"11.81";"140.3";"";"";"";"1"
"2023-09";"Québec";"2016A000224";"Loyer";"2002=100";"17";"unités";"0";"v41691818";"11.81";"141.3";"";"";"";"1"
"2023-10";"Québec";"2016A000224";"Loyer";"2002=100";"17";"unités";"0";"v41691818";"11.81";"142.8";"";"";"";"1"
"2023-11";"Québec";"2016A000224";"Loyer";"2002=100";"17";"unités";"0";"v41691818";"11.81";"142.9";"";"";"";"1"
"2023-12";"Québec";"2016A000224";"Loyer";"2002=100";"17";"unités";"0";"v41691818";"11.81";"143.0";"";"";"";"1"
"2024-01";"Québec";"2016A000224";"Loyer";"2002=100";"17";"unités";"0";"v41691818";"11.81";"145.0";"";"";"";"1"
"2024-02";"Québec";"2016A000224";"Loyer";"2002=100";"17";"unités";"0";"v41691818";"11.81";"145.6";"";"";"";"1"
"2024-03";"Québec";"2016A000224";"Loyer";"2002=100";"17";"unités";"0";"v41691818";"11.81";"147.6";"";"";"";"1"
"2024-04";"Québec";"2016A000224";"Loyer";"2002=100";"17";"unités";"0";"v41691818";"11.81";"147.7";"";"";"";"1"
"2024-05";"Québec";"2016A000224";"Loyer";"2002=100";"17";"unités";"0";"v41691818";"11.81";"148.3";"";"";"";"1"
"2024-06";"Québec";"2016A000224";"Loyer";"2002=100";"17";"unités";"0";"v41691818";"11.81";"149.3";"";"";"";"1"
"2024-07";"Québec";"2016A000224";"Loyer";"2002=100";"17";"unités";"0";"v41691818";"11.81";"150.5";"";"";"";"1"
"2024-08";"Québec";"2016A000224";"Loyer";"2002=100";"17";"unités";"0";"v41691818";"11.81";"154.3";"";"";"";"1"
"2024-09";"Québec";"2016A000224";"Loyer";"2002=100";"17";"unités";"0";"v41691818";"11.81";"153.9";"";"";"";"1"
"2024-10";"Québec";"2016A000224";"Loyer";"2002=100";"17";"unités";"0";"v41691818";"11.81";"154.1";"";"";"";"1"
"2024-11";"Québec";"2016A000224";"Loyer";"2002=100";"17";"unités";"0";"v41691818";"11.81";"154.6";"";"";"";"1"
"2024-12";"Québec";"2016A000224";"Loyer";"2002=100";"17";"unités";"0";"v41691818";"11.81";"155.1";"";"";"";"1"
"2025-01";"Québec";"2016A000224";"Loyer";"2002=100";"17";"unités";"0";"v41691818";"11.81";"155.7";"";"";"";"1"
"2025-02";"Québec";"2016A000224";"Loyer";"2002=100";"17";"unités";"0";"v41691818";"11.81";"154.6";"";"";"";"1"
"2025-03";"Québec";"2016A000224";"Loyer";"2002=100";"17";"unités";"0";"v41691818";"11.81";"157.2";"";"";"";"1"
"2025-04";"Québec";"2016A000224";"Loyer";"2002=100";"17";"unités";"0";"v41691818";"11.81";"158.4";"";"";"";"1"
"2025-05";"Québec";"2016A000224";"Loyer";"2002=100";"17";"unités";"0";"v41691818";"11.81";"158.2";"";"";"";"1"
"2025-06";"Québec";"2016A000224";"Loyer";"2002=100";"17";"unités";"0";"v41691818";"11.81";"159.4";"";"";"";"1"
"2025-07";"Québec";"2016A000224";"Loyer";"2002=100";"17";"unités";"0";"v41691818";"11.81";"161.7";"";"";"";"1"
"2025-08";"Québec";"2016A000224";"Loyer";"2002=100";"17";"unités";"0";"v41691818";"11.81";"165.5";"";"";"";"1"
"2025-09";"Québec";"2016A000224";"Loyer";"2002=100";"17";"unités";"0";"v41691818";"11.81";"168.6";"";"";"";"1"
"2025-10";"Québec";"2016A000224";"Loyer";"2002=100";"17";"unités";"0";"v41691818";"11.81";"169.0";"";"";"";"1"
"2025-11";"Québec";"2016A000224";"Loyer";"2002=100";"17";"unités";"0";"v41691818";"11.81";"167.4";"";"";"";"1"
"2025-12";"Québec";"2016A000224";"Loyer";"2002=100";"17";"unités";"0";"v41691818";"11.81";"170.2";"";"";"";"1"
"2026-01";"Québec";"2016A000224";"Loyer";"2002=100";"17";"unités";"0";"v41691818";"11.81";"169.0";"";"";"";"1"
"2026-02";"Québec";"2016A000224";"Loyer";"2002=100";"17";"unités";"0";"v41691818";"11.81";"168.0";"";"";"";"1"
"2026-03";"Québec";"2016A000224";"Loyer";"2002=100";"17";"unités";"0";"v41691818";"11.81";"165.1";"";"";"";"1"
"2026-04";"Québec";"2016A000224";"Loyer";"2002=100";"17";"unités";"0";"v41691818";"11.81";"167.0";"";"";"";"1"
"2026-05";"Québec";"2016A000224";"Loyer";"2002=100";"17";"unités";"0";"v41691818";"11.81";"167.2";"";"";"";"1"
"2026-06";"Québec";"2016A000224";"Loyer";"2002=100";"17";"unités";"0";"v41691818";"11.81";"168.0";"";"";"";"1"
"2026-07";"Québec";"2016A000224";"Loyer";"2002=100";"17";"unités";"0";"v41691818";"11.81";"168.1";"";"";"";"1"
"2026-08";"Québec";"2016A000224";"Loyer";"2002=100";"17";"unités";"0";"v41691818";"11.81";"170.5";"";"";"";"1"
"2016-01";"Québec";"2016A000224";"Essence";"2002=100";"17";"unités";"0";"v41691858";"11.184";"138.2";"";"";"";"1"
"2016-02";"Québec";"2016A000224";"Essence";"2002=100";"17";"unités";"0";"v41691858";"11.184";"129.3";"";"";"";"1"
"2016-03";"Québec";"2016A000224";"Essence";"2002=100";"17";"unités";"0";"v41691858";"11.184";"132.0";"";"";"";"1"
"2016-04";"Québec";"2016A000224";"Essence";"2002=100";"17";"unités";"0";"v41691858";"11.184";"144.8";"";"";"";"1"
"2016-05";"Québec";"2016A000224";"Essence";"2002=100";"17";"unités";"0";"v41691858";"11.184";"148.1";"";"";"";"1"
"2016-06";"Québec";"2016A000224";"Essence";"2002=100";"17";"unités";"0";"v41691858";"11.184";"151.2";"";"";"";"1"
"2016-07";"Québec";"2016A000224";"Essence";"2002=100";"17";"unités";"0";"v41691858";"11.184";"143.0";"";"";"";"1"
"2016-08";"Québec";"2016A000224";"Essence";"2002=100";"17";"unités";"0";"v41691858";"11.184";"143.0";"";"";"";"1"
"2016-09";"Québec";"2016A000224";"Essence";"2002=100";"17";"unités";"0";"v41691858";"11.184";"146.2";"";"";"";"1"
"2016-10";"Québec";"2016A000224";"Essence";"2002=100";"17";"unités";"0";"v41691858";"11.184";"151.9";"";"";"";"1"
"2016-11";"Québec";"2016A000224";"Essence";"2002=100";"17";"unités";"0";"v41691858";"11.184";"148.6";"";"";"";"1"
"2016-12";"Québec";"2016A000224";"Essence";"2002=100";"17";"unités";"0";"v41691858";"11.184";"152.4";"";"";"";"1"
"2017-01";"Québec";"2016A000224";"Essence";"2002=100";"17";"unités";"0";"v41691858";"11.184";"156.1";"";"";"";"1"
"2017-02";"Québec";"2016A000224";"Essence";"2002=100";"17";"unités";"0";"v41691858";"11.184";"151.8";"";"";"";"1"
"2017-03";"Québec";"2016A000224";"Essence";"2002=100";"17";"unités";"0";"v41691858";"11.184";"149.7";"";"";"";"1"
"2017-04";"Québec";"2016A000224";"Essence";"2002=100";"17";"unités";"0";"v41691858";"11.184";"164.9";"";"";"";"1"
"2017-05";"Québec";"2016A000224";"Essence";"2002=100";"17";"unités";"0";"v41691858";"11.184";"158.0";"";"";"";"1"
"2017-06";"Québec";"2016A000224";"Essence";"2002=100";"17";"unités";"0";"v41691858";"11.184";"152.3";"";"";"";"1"
"2017-07";"Québec";"2016A000224";"Essence";"2002=100";"17";"unités";"0";"v41691858";"11.184";"152.5";"";"";"";"1"
"2017-08";"Québec";"2016A000224";"Essence";"2002=100";"17";"unités";"0";"v41691858";"11.184";"158.2";"";"";"";"1"
"2017-09";"Québec";"2016A000224";"Essence";"2002=100";"17";"unités";"0";"v41691858";"11.184";"170.0";"";"";"";"1"
"2017-10";"Québec";"2016A000224";"Essence";"2002=100";"17";"unités";"0";"v41691858";"11.184";"160.7";"";"";"";"1"
"2017-11";"Québec";"2016A000224";"Essence";"2002=100";"17";"unités";"0";"v41691858";"11.184";"170.7";"";"";"";"1"
"2017-12";"Québec";"2016A000224";"Essence";"2002=100";"17";"unités";"0";"v41691858";"11.184";"165.2";"";"";"";"1"
"2018-01";"Québec";"2016A000224";"Essence";"2002=100";"17";"unités";"0";"v41691858";"11.184";"170.8";"";"";"";"1"
"2018-02";"Québec";"2016A000224";"Essence";"2002=100";"17";"unités";"0";"v41691858";"11.184";"170.9";"";"";"";"1"
"2018-03";"Québec";"2016A000224";"Essence";"2002=100";"17";"unités";"0";"v41691858";"11.184";"175.4";"";"";"";"1"
"2018-04";"Québec";"2016A000224";"Essence";"2002=100";"17";"unités";"0";"v41691858";"11.184";"186.4";"";"";"";"1"
"2018-05";"Québec";"2016A000224";"Essence";"2002=100";"17";"unités";"0";"v41691858";"11.184";"192.5";"";"";"";"1"
"2018-06";"Québec";"2016A000224";"Essence";"2002=100";"17";"unités";"0";"v41691858";"11.184";"187.7";"";"";"";"1"
"2018-07";"Québec";"2016A000224";"Essence";"2002=100";"17";"unités";"0";"v41691858";"11.184";"186.2";"";"";"";"1"
"2018-08";"Québec";"2016A000224";"Essence";"2002=100";"17";"unités";"0";"v41691858";"11.184";"186.3";"";"";"";"1"
"2018-09";"Québec";"2016A000224";"Essence";"2002=100";"17";"unités";"0";"v41691858";"11.184";"187.0";"";"";"";"1"
"2018-10";"Québec";"2016A000224";"Essence";"2002=100";"17";"unités";"0";"v41691858";"11.184";"178.9";"";"";"";"1"
"2018-11";"Québec";"2016A000224";"Essence";"2002=100";"17";"unités";"0";"v41691858";"11.184";"161.8";"";"";"";"1"
"2018-12";"Québec";"2016A000224";"Essence";"2002=100";"17";"unités";"0";"v41691858";"11.184";"152.6";"";"";"";"1"
"2019-01";"Québec";"2016A000224";"Essence";"2002=100";"17";"unités";"0";"v41691858";"11.184";"150.3";"";"";"";"1"
"2019-02";"Québec";"2016A000224";"Essence";"2002=100";"17";"unités";"0";"v41691858";"11.184";"151.5";"";"";"";"1"
"2019-03";"Québec";"2016A000224";"Essence";"2002=100";"17";"unités";"0";"v41691858";"11.184";"168.4";"";"";"";"1"
"2019-04";"Québec";"2016A000224";"Essence";"2002=100";"17";"unités";"0";"v41691858";"11.184";"181.3";"";"";"";"1"
"2019-05";"Québec";"2016A000224";"Essence";"2002=100";"17";"unités";"0";"v41691858";"11.184";"186.0";"";"";"";"1"
"2019-06";"Québec";"2016A000224";"Essence";"2002=100";"17";"unités";"0";"v41691858";"11.184";"173.7";"";"";"";"1"
"2019-07";"Québec";"2016A000224";"Essence";"2002=100";"17";"unités";"0";"v41691858";"11.184";"179.7";"";"";"";"1"
"2019-08";"Québec";"2016A000224";"Essence";"2002=100";"17";"unités";"0";"v41691858";"11.184";"169.9";"";"";"";"1"
"2019-09";"Québec";"2016A000224";"Essence";"2002=100";"17";"unités";"0";"v41691858";"11.184";"167.0";"";"";"";"1"
"2019-10";"Québec";"2016A000224";"Essence";"2002=100";"17";"unités";"0";"v41691858";"11.184";"166.2";"";"";"";"1"
"2019-11";"Québec";"2016A000224";"Essence";"2002=100";"17";"unités";"0";"v41691858";"11.184";"165.6";"";"";"";"1"
"2019-12";"Québec";"2016A000224";"Essence";"2002=100";"17";"unités";"0";"v41691858";"11.184";"165.0";"";"";"";"1"
"2020-01";"Québec";"2016A000224";"Essence";"2002=100";"17";"unités";"0";"v41691858";"11.184";"164.1";"";"";"";"1"
"2020-02";"Québec";"2016A000224";"Essence";"2002=100";"17";"unités";"0";"v41691858";"11.184";"161.1";"";"";"";"1"
"2020-03";"Québec";"2016A000224";"Essence";"2002=100";"17";"unités";"0";"v41691858";"11.184";"138.3";"";"";"";"1"
"2020-04";"Québec";"2016A000224";"Essence";"2002=100";"17";"unités";"0";"v41691858";"11.184";"114.5";"";"";"";"1"
"2020-05";"Québec";"2016A000224";"Essence";"2002=100";"17";"unités";"0";"v41691858";"11.184";"129.6";"";"";"";"1"
"2020-06";"Québec";"2016A000224";"Essence";"2002=100";"17";"unités";"0";"v41691858";"11.184";"142.7";"";"";"";"1"
"2020-07";"Québec";"2016A000224";"Essence";"2002=100";"17";"unités";"0";"v41691858";"11.184";"149.7";"";"";"";"1"
"2020-08";"Québec";"2016A000224";"Essence";"2002=100";"17";"unités";"0";"v41691858";"11.184";"148.4";"";"";"";"1"
"2020-09";"Québec";"2016A000224";"Essence";"2002=100";"17";"unités";"0";"v41691858";"11.184";"146.6";"";"";"";"1"
"2020-10";"Québec";"2016A000224";"Essence";"2002=100";"17";"unités";"0";"v41691858";"11.184";"143.2";"";"";"";"1"
"2020-11";"Québec";"2016A000224";"Essence";"2002=100";"17";"unités";"0";"v41691858";"11.184";"142.4";"";"";"";"1"
"2020-12";"Québec";"2016A000224";"Essence";"2002=100";"17";"unités";"0";"v41691858";"11.184";"149.0";"";"";"";"1"
"2021-01";"Québec";"2016A000224";"Essence";"2002=100";"17";"unités";"0";"v41691858";"11.184";"157.6";"";"";"";"1"
"2021-02";"Québec";"2016A000224";"Essence";"2002=100";"17";"unités";"0";"v41691858";"11.184";"166.6";"";"";"";"1"
"2021-03";"Québec";"2016A000224";"Essence";"2002=100";"17";"unités";"0";"v41691858";"11.184";"176.5";"";"";"";"1"
"2021-04";"Québec";"2016A000224";"Essence";"2002=100";"17";"unités";"0";"v41691858";"11.184";"176.2";"";"";"";"1"
"2021-05";"Québec";"2016A000224";"Essence";"2002=100";"17";"unités";"0";"v41691858";"11.184";"183.6";"";"";"";"1"
"2021-06";"Québec";"2016A000224";"Essence";"2002=100";"17";"unités";"0";"v41691858";"11.184";"186.8";"";"";"";"1"
"2021-07";"Québec";"2016A000224";"Essence";"2002=100";"17";"unités";"0";"v41691858";"11.184";"191.4";"";"";"";"1"
"2021-08";"Québec";"2016A000224";"Essence";"2002=100";"17";"unités";"0";"v41691858";"11.184";"194.8";"";"";"";"1"
"2021-09";"Québec";"2016A000224";"Essence";"2002=100";"17";"unités";"0";"v41691858";"11.184";"197.7";"";"";"";"1"
"2021-10";"Québec";"2016A000224";"Essence";"2002=100";"17";"unités";"0";"v41691858";"11.184";"206.6";"";"";"";"1"
"2021-11";"Québec";"2016A000224";"Essence";"2002=100";"17";"unités";"0";"v41691858";"11.184";"209.6";"";"";"";"1"
"2021-12";"Québec";"2016A000224";"Essence";"2002=100";"17";"unités";"0";"v41691858";"11.184";"203.6";"";"";"";"1"
"2022-01";"Québec";"2016A000224";"Essence";"2002=100";"17";"unités";"0";"v41691858";"11.184";"210.8";"";"";"";"1"
"2022-02";"Québec";"2016A000224";"Essence";"2002=100";"17";"unités";"0";"v41691858";"11.184";"226.5";"";"";"";"1"
"2022-03";"Québec";"2016A000224";"Essence";"2002=100";"17";"unités";"0";"v41691858";"11.184";"253.2";"";"";"";"1"
"2022-04";"Québec";"2016A000224";"Essence";"2002=100";"17";"unités";"0";"v41691858";"11.184";"250.3";"";"";"";"1"
"2022-05";"Québec";"2016A000224";"Essence";"2002=100";"17";"unités";"0";"v41691858";"11.184";"285.9";"";"";"";"1"
"2022-06";"Québec";"2016A000224";"Essence";"2002=100";"17";"unités";"0";"v41691858";"11.184";"302.4";"";"";"";"1"
"2022-07";"Québec";"2016A000224";"Essence";"2002=100";"17";"unités";"0";"v41691858";"11.184";"276.8";"";"";"";"1"
"2022-08";"Québec";"2016A000224";"Essence";"2002=100";"17";"unités";"0";"v41691858";"11.184";"256.1";"";"";"";"1"
"2022-09";"Québec";"2016A000224";"Essence";"2002=100";"17";"unités";"0";"v41691858";"11.184";"224.8";"";"";"";"1"
"2022-10";"Québec";"2016A000224";"Essence";"2002=100";"17";"unités";"0";"v41691858";"11.184";"237.7";"";"";"";"1"
"2022-11";"Québec";"2016A000224";"Essence";"2002=100";"17";"unités";"0";"v41691858";"11.184";"241.8";"";"";"";"1"
"2022-12";"Québec";"2016A000224";"Essence";"2002=100";"17";"unités";"0";"v41691858";"11.184";"211.2";"";"";"";"1"
"2023-01";"Québec";"2016A000224";"Essence";"2002=100";"17";"unités";"0";"v41691858";"11.184";"221.1";"";"";"";"1"
"2023-02";"Québec";"2016A000224";"Essence";"2002=100";"17";"unités";"0";"v41691858";"11.184";"218.4";"";"";"";"1"
"2023-03";"Québec";"2016A000224";"Essence";"2002=100";"17";"unités";"0";"v41691858";"11.184";"219.5";"";"";"";"1"
"2023-04";"Québec";"2016A000224";"Essence";"2002=100";"17";"unités";"0";"v41691858";"11.184";"231.3";"";"";"";"1"
"2023-05";"Québec";"2016A000224";"Essence";"2002=100";"17";"unités";"0";"v41691858";"11.184";"232.3";"";"";"";"1"
"2023-06";"Québec";"2016A000224";"Essence";"2002=100";"17";"unités";"0";"v41691858";"11.184";"237.5";"";"";"";"1"
"2023-07";"Québec";"2016A000224";"Essence";"2002=100";"17";"unités";"0";"v41691858";"11.184";"238.3";"";"";"";"1"
"2023-08";"Québec";"2016A000224";"Essence";"2002=100";"17";"unités";"0";"v41691858";"11.184";"251.5";"";"";"";"1"
"2023-09";"Québec";"2016A000224";"Essence";"2002=100";"17";"unités";"0";"v41691858";"11.184";"249.5";"";"";"";"1"
"2023-10";"Québec";"2016A000224";"Essence";"2002=100";"17";"unités";"0";"v41691858";"11.184";"234.3";"";"";"";"1"
"2023-11";"Québec";"2016A000224";"Essence";"2002=100";"17";"unités";"0";"v41691858";"11.184";"225.2";"";"";"";"1"
"2023-12";"Québec";"2016A000224";"Essence";"2002=100";"17";"unités";"0";"v41691858";"11.184";"218.8";"";"";"";"1"
"2024-01";"Québec";"2016A000224";"Essence";"2002=100";"17";"unités";"0";"v41691858";"11.184";"218.3";"";"";"";"1"
"2024-02";"Québec";"2016A000224";"Essence";"2002=100";"17";"unités";"0";"v41691858";"11.184";"223.6";"";"";"";"1"
"2024-03";"Québec";"2016A000224";"Essence";"2002=100";"17";"unités";"0";"v41691858";"11.184";"225.9";"";"";"";"1"
"2024-04";"Québec";"2016A000224";"Essence";"2002=100";"17";"unités";"0";"v41691858";"11.184";"243.2";"";"";"";"1"
"2024-05";"Québec";"2016A000224";"Essence";"2002=100";"17";"unités";"0";"v41691858";"11.184";"243.0";"";"";"";"1"
"2024-06";"Québec";"2016A000224";"Essence";"2002=100";"17";"unités";"0";"v41691858";"11.184";"233.3";"";"";"";"1"
"2024-07";"Québec";"2016A000224";"Essence";"2002=100";"17";"unités";"0";"v41691858";"11.184";"238.9";"";"";"";"1"
"2024-08";"Québec";"2016A000224";"Essence";"2002=100";"17";"unités";"0";"v41691858";"11.184";"231.1";"";"";"";"1"
"2024-09";"Québec";"2016A000224";"Essence";"2002=100";"17";"unités";"0";"v41691858";"11.184";"214.3";"";"";"";"1"
"2024-10";"Québec";"2016A000224";"Essence";"2002=100";"17";"unités";"0";"v41691858";"11.184";"212.4";"";"";"";"1"
"2024-11";"Québec";"2016A000224";"Essence";"2002=100";"17";"unités";"0";"v41691858";"11.184";"215.1";"";"";"";"1"
"2024-12";"Québec";"2016A000224";"Essence";"2002=100";"17";"unités";"0";"v41691858";"11.184";"214.8";"";"";"";"1"
"2025-01";"Québec";"2016A000224";"Essence";"2002=100";"17";"unités";"0";"v41691858";"11.184";"221.2";"";"";"";"1"
"2025-02";"Québec";"2016A000224";"Essence";"2002=100";"17";"unités";"0";"v41691858";"11.184";"218.9";"";"";"";"1"
"2025-03";"Québec";"2016A000224";"Essence";"2002=100";"17";"unités";"0";"v41691858";"11.184";"214.0";"";"";"";"1"
"2025-04";"Québec";"2016A000224";"Essence";"2002=100";"17";"unités";"0";"v41691858";"11.184";"213.7";"";"";"";"1"
"2025-05";"Québec";"2016A000224";"Essence";"2002=100";"17";"unités";"0";"v41691858";"11.184";"214.8";"";"";"";"1"
"2025-06";"Québec";"2016A000224";"Essence";"2002=100";"17";"unités";"0";"v41691858";"11.184";"212.9";"";"";"";"1"
"2025-07";"Québec";"2016A000224";"Essence";"2002=100";"17";"unités";"0";"v41691858";"11.184";"209.6";"";"";"";"1"
"2025-08";"Québec";"2016A000224";"Essence";"2002=100";"17";"unités";"0";"v41691858";"11.184";"212.1";"";"";"";"1"
"2025-09";"Québec";"2016A000224";"Essence";"2002=100";"17";"unités";"0";"v41691858";"11.184";"220.1";"";"";"";"1"
"2025-10";"Québec";"2016A000224";"Essence";"2002=100";"17";"unités";"0";"v41691858";"11.184";"208.9";"";"";"";"1"
"2025-11";"Québec";"2016A000224";"Essence";"2002=100";"17";"unités";"0";"v41691858";"11.184";"211.7";"";"";"";"1"
"2025-12";"Québec";"2016A000224";"Essence";"2002=100";"17";"unités";"0";"v41691858";"11.184";"201.7";"";"";"";"1"
"2026-01";"Québec";"2016A000224";"Essence";"2002=100";"17";"unités";"0";"v41691858";"11.184";"197.7";"";"";"";"1"
"2026-02";"Québec";"2016A000224";"Essence";"2002=100";"17";"unités";"0";"v41691858";"11.184";"201.1";"";"";"";"1"
"2026-03";"Québec";"2016A000224";"Essence";"2002=100";"17";"unités";"0";"v41691858";"11.184";"238.4";"";"";"";"1"
"2026-04";"Québec";"2016A000224";"Essence";"2002=100";"17";"unités";"0";"v41691858";"11.184";"261.4";"";"";"";"1"
"2026-05";"Québec";"2016A000224";"Essence";"2002=100";"17";"unités";"0";"v41691858";"11.184";"271.0";"";"";"";"1"
"2026-06";"Québec";"2016A000224";"Essence";"2002=100";"17";"unités";"0";"v41691858";"11.184";"245.7";"";"";"";"1"
"2026-07";"Québec";"2016A000224";"Essence";"2002=100";"17";"unités";"0";"v41691858";"11.184";"254.5";"";"";"";"1"
"2026-08";"Québec";"2016A000224";"Essence";"2002=100";"17";"unités";"0";"v41691858";"11.184";"251.9";"";"";"";"1"
"2016-01";"Montréal, Québec";"2011S0503462";"Ensemble";"2002=100";"17";"unités";"0";"v41692876";"13.2";"124.8";"";"";"";"1"
"2016-02";"Montréal, Québec";"2011S0503462";"Ensemble";"2002=100";"17";"unités";"0";"v41692876";"13.2";"125.4";"";"";"";"1"
"2016-03";"Montréal, Québec";"2011S0503462";"Ensemble";"2002=100";"17";"unités";"0";"v41692876";"13.2";"125.8";"";"";"";"1"
"2016-04";"Montréal, Québec";"2011S0503462";"Ensemble";"2002=100";"17";"unités";"0";"v41692876";"13.2";"126.2";"";"";"";"1"
"2016-05";"Montréal, Québec";"2011S0503462";"Ensemble";"2002=100";"17";"unités";"0";"v41692876";"13.2";"126.6";"";"";"";"1"
"2016-06";"Montréal, Québec";"2011S0503462";"Ensemble";"2002=100";"17";"unités";"0";"v41692876";"13.2";"126.2";"";"";"";"1"
"2016-07";"Montréal, Québec";"2011S0503462";"Ensemble";"2002=100";"17";"unités";"0";"v41692876";"13.2";"125.9";"";"";"";"1"
"2016-08";"Montréal, Québec";"2011S0503462";"Ensemble";"2002=100";"17";"unités";"0";"v41692876";"13.2";"125.8";"";"";"";"1"
"2016-09";"Montréal, Québec";"2011S0503462";"Ensemble";"2002=100";"17";"unités";"0";"v41692876";"13.2";"126.4";"";"";"";"1"
"2016-10";"Montréal, Québec";"2011S0503462";"Ensemble";"2002=100";"17";"unités";"0";"v41692876";"13.2";"126.3";"";"";"";"1"
"2016-11";"Montréal, Québec";"2011S0503462";"Ensemble";"2002=100";"17";"unités";"0";"v41692876";"13.2";"125.9";"";"";"";"1"
"2016-12";"Montréal, Québec";"2011S0503462";"Ensemble";"2002=100";"17";"unités";"0";"v41692876";"13.2";"125.5";"";"";"";"1"
"2017-01";"Montréal, Québec";"2011S0503462";"Ensemble";"2002=100";"17";"unités";"0";"v41692876";"13.2";"126.2";"";"";"";"1"
"2017-02";"Montréal, Québec";"2011S0503462";"Ensemble";"2002=100";"17";"unités";"0";"v41692876";"13.2";"126.7";"";"";"";"1"
"2017-03";"Montréal, Québec";"2011S0503462";"Ensemble";"2002=100";"17";"unités";"0";"v41692876";"13.2";"127.0";"";"";"";"1"
"2017-04";"Montréal, Québec";"2011S0503462";"Ensemble";"2002=100";"17";"unités";"0";"v41692876";"13.2";"127.4";"";"";"";"1"
"2017-05";"Montréal, Québec";"2011S0503462";"Ensemble";"2002=100";"17";"unités";"0";"v41692876";"13.2";"127.6";"";"";"";"1"
"2017-06";"Montréal, Québec";"2011S0503462";"Ensemble";"2002=100";"17";"unités";"0";"v41692876";"13.2";"127.2";"";"";"";"1"
"2017-07";"Montréal, Québec";"2011S0503462";"Ensemble";"2002=100";"17";"unités";"0";"v41692876";"13.2";"127.3";"";"";"";"1"
"2017-08";"Montréal, Québec";"2011S0503462";"Ensemble";"2002=100";"17";"unités";"0";"v41692876";"13.2";"127.4";"";"";"";"1"
"2017-09";"Montréal, Québec";"2011S0503462";"Ensemble";"2002=100";"17";"unités";"0";"v41692876";"13.2";"127.6";"";"";"";"1"
"2017-10";"Montréal, Québec";"2011S0503462";"Ensemble";"2002=100";"17";"unités";"0";"v41692876";"13.2";"127.7";"";"";"";"1"
"2017-11";"Montréal, Québec";"2011S0503462";"Ensemble";"2002=100";"17";"unités";"0";"v41692876";"13.2";"128.1";"";"";"";"1"
"2017-12";"Montréal, Québec";"2011S0503462";"Ensemble";"2002=100";"17";"unités";"0";"v41692876";"13.2";"127.9";"";"";"";"1"
"2018-01";"Montréal, Québec";"2011S0503462";"Ensemble";"2002=100";"17";"unités";"0";"v41692876";"13.2";"128.2";"";"";"";"1"
"2018-02";"Montréal, Québec";"2011S0503462";"Ensemble";"2002=100";"17";"unités";"0";"v41692876";"13.2";"128.9";"";"";"";"1"
"2018-03";"Montréal, Québec";"2011S0503462";"Ensemble";"2002=100";"17";"unités";"0";"v41692876";"13.2";"129.1";"";"";"";"1"
"2018-04";"Montréal, Québec";"2011S0503462";"Ensemble";"2002=100";"17";"unités";"0";"v41692876";"13.2";"129.4";"";"";"";"1"
"2018-05";"Montréal, Québec";"2011S0503462";"Ensemble";"2002=100";"17";"unités";"0";"v41692876";"13.2";"129.6";"";"";"";"1"
"2018-06";"Montréal, Québec";"2011S0503462";"Ensemble";"2002=100";"17";"unités";"0";"v41692876";"13.2";"129.5";"";"";"";"1"
"2018-07";"Montréal, Québec";"2011S0503462";"Ensemble";"2002=100";"17";"unités";"0";"v41692876";"13.2";"130.1";"";"";"";"1"
"2018-08";"Montréal, Québec";"2011S0503462";"Ensemble";"2002=100";"17";"unités";"0";"v41692876";"13.2";"130.0";"";"";"";"1"
"2018-09";"Montréal, Québec";"2011S0503462";"Ensemble";"2002=100";"17";"unités";"0";"v41692876";"13.2";"129.9";"";"";"";"1"
"2018-10";"Montréal, Québec";"2011S0503462";"Ensemble";"2002=100";"17";"unités";"0";"v41692876";"13.2";"130.0";"";"";"";"1"
"2018-11";"Montréal, Québec";"2011S0503462";"Ensemble";"2002=100";"17";"unités";"0";"v41692876";"13.2";"129.5";"";"";"";"1"
"2018-12";"Montréal, Québec";"2011S0503462";"Ensemble";"2002=100";"17";"unités";"0";"v41692876";"13.2";"129.7";"";"";"";"1"
"2019-01";"Montréal, Québec";"2011S0503462";"Ensemble";"2002=100";"17";"unités";"0";"v41692876";"13.2";"129.8";"";"";"";"1"
"2019-02";"Montréal, Québec";"2011S0503462";"Ensemble";"2002=100";"17";"unités";"0";"v41692876";"13.2";"130.9";"";"";"";"1"
"2019-03";"Montréal, Québec";"2011S0503462";"Ensemble";"2002=100";"17";"unités";"0";"v41692876";"13.2";"131.6";"";"";"";"1"
"2019-04";"Montréal, Québec";"2011S0503462";"Ensemble";"2002=100";"17";"unités";"0";"v41692876";"13.2";"131.9";"";"";"";"1"
"2019-05";"Montréal, Québec";"2011S0503462";"Ensemble";"2002=100";"17";"unités";"0";"v41692876";"13.2";"132.8";"";"";"";"1"
"2019-06";"Montréal, Québec";"2011S0503462";"Ensemble";"2002=100";"17";"unités";"0";"v41692876";"13.2";"132.4";"";"";"";"1"
"2019-07";"Montréal, Québec";"2011S0503462";"Ensemble";"2002=100";"17";"unités";"0";"v41692876";"13.2";"133.2";"";"";"";"1"
"2019-08";"Montréal, Québec";"2011S0503462";"Ensemble";"2002=100";"17";"unités";"0";"v41692876";"13.2";"133.2";"";"";"";"1"
"2019-09";"Montréal, Québec";"2011S0503462";"Ensemble";"2002=100";"17";"unités";"0";"v41692876";"13.2";"133.2";"";"";"";"1"
"2019-10";"Montréal, Québec";"2011S0503462";"Ensemble";"2002=100";"17";"unités";"0";"v41692876";"13.2";"133.5";"";"";"";"1"
"2019-11";"Montréal, Québec";"2011S0503462";"Ensemble";"2002=100";"17";"unités";"0";"v41692876";"13.2";"133.3";"";"";"";"1"
"2019-12";"Montréal, Québec";"2011S0503462";"Ensemble";"2002=100";"17";"unités";"0";"v41692876";"13.2";"133.3";"";"";"";"1"
"2020-01";"Montréal, Québec";"2011S0503462";"Ensemble";"2002=100";"17";"unités";"0";"v41692876";"13.2";"133.3";"";"";"";"1"
"2020-02";"Montréal, Québec";"2011S0503462";"Ensemble";"2002=100";"17";"unités";"0";"v41692876";"13.2";"133.9";"";"";"";"1"
"2020-03";"Montréal, Québec";"2011S0503462";"Ensemble";"2002=100";"17";"unités";"0";"v41692876";"13.2";"133.5";"";"";"";"1"
"2020-04";"Montréal, Québec";"2011S0503462";"Ensemble";"2002=100";"17";"unités";"0";"v41692876";"13.2";"132.9";"";"";"";"1"
"2020-05";"Montréal, Québec";"2011S0503462";"Ensemble";"2002=100";"17";"unités";"0";"v41692876";"13.2";"132.8";"";"";"";"1"
"2020-06";"Montréal, Québec";"2011S0503462";"Ensemble";"2002=100";"17";"unités";"0";"v41692876";"13.2";"133.6";"";"";"";"1"
"2020-07";"Montréal, Québec";"2011S0503462";"Ensemble";"2002=100";"17";"unités";"0";"v41692876";"13.2";"133.6";"";"";"";"1"
"2020-08";"Montréal, Québec";"2011S0503462";"Ensemble";"2002=100";"17";"unités";"0";"v41692876";"13.2";"133.7";"";"";"";"1"
"2020-09";"Montréal, Québec";"2011S0503462";"Ensemble";"2002=100";"17";"unités";"0";"v41692876";"13.2";"133.4";"";"";"";"1"
"2020-10";"Montréal, Québec";"2011S0503462";"Ensemble";"2002=100";"17";"unités";"0";"v41692876";"13.2";"134.3";"";"";"";"1"
"2020-11";"Montréal, Québec";"2011S0503462";"Ensemble";"2002=100";"17";"unités";"0";"v41692876";"13.2";"134.7";"";"";"";"1"
"2020-12";"Montréal, Québec";"2011S0503462";"Ensemble";"2002=100";"17";"unités";"0";"v41692876";"13.2";"134.6";"";"";"";"1"
"2021-01";"Montréal, Québec";"2011S0503462";"Ensemble";"2002=100";"17";"unités";"0";"v41692876";"13.2";"135.3";"";"";"";"1"
"2021-02";"Montréal, Québec";"2011S0503462";"Ensemble";"2002=100";"17";"unités";"0";"v41692876";"13.2";"136.1";"";"";"";"1"
"2021-03";"Montréal, Québec";"2011S0503462";"Ensemble";"2002=100";"17";"unités";"0";"v41692876";"13.2";"136.1";"";"";"";"1"
"2021-04";"Montréal, Québec";"2011S0503462";"Ensemble";"2002=100";"17";"unités";"0";"v41692876";"13.2";"136.8";"";"";"";"1"
"2021-05";"Montréal, Québec";"2011S0503462";"Ensemble";"2002=100";"17";"unités";"0";"v41692876";"13.2";"138.3";"";"";"";"1"
"2021-06";"Montréal, Québec";"2011S0503462";"Ensemble";"2002=100";"17";"unités";"0";"v41692876";"13.2";"138.7";"";"";"";"1"
"2021-07";"Montréal, Québec";"2011S0503462";"Ensemble";"2002=100";"17";"unités";"0";"v41692876";"13.2";"139.2";"";"";"";"1"
"2021-08";"Montréal, Québec";"2011S0503462";"Ensemble";"2002=100";"17";"unités";"0";"v41692876";"13.2";"139.6";"";"";"";"1"
"2021-09";"Montréal, Québec";"2011S0503462";"Ensemble";"2002=100";"17";"unités";"0";"v41692876";"13.2";"140.2";"";"";"";"1"
"2021-10";"Montréal, Québec";"2011S0503462";"Ensemble";"2002=100";"17";"unités";"0";"v41692876";"13.2";"141.1";"";"";"";"1"
"2021-11";"Montréal, Québec";"2011S0503462";"Ensemble";"2002=100";"17";"unités";"0";"v41692876";"13.2";"141.4";"";"";"";"1"
"2021-12";"Montréal, Québec";"2011S0503462";"Ensemble";"2002=100";"17";"unités";"0";"v41692876";"13.2";"141.3";"";"";"";"1"
"2022-01";"Montréal, Québec";"2011S0503462";"Ensemble";"2002=100";"17";"unités";"0";"v41692876";"13.2";"142.1";"";"";"";"1"
"2022-02";"Montréal, Québec";"2011S0503462";"Ensemble";"2002=100";"17";"unités";"0";"v41692876";"13.2";"143.4";"";"";"";"1"
"2022-03";"Montréal, Québec";"2011S0503462";"Ensemble";"2002=100";"17";"unités";"0";"v41692876";"13.2";"145.0";"";"";"";"1"
"2022-04";"Montréal, Québec";"2011S0503462";"Ensemble";"2002=100";"17";"unités";"0";"v41692876";"13.2";"146.0";"";"";"";"1"
"2022-05";"Montréal, Québec";"2011S0503462";"Ensemble";"2002=100";"17";"unités";"0";"v41692876";"13.2";"147.9";"";"";"";"1"
"2022-06";"Montréal, Québec";"2011S0503462";"Ensemble";"2002=100";"17";"unités";"0";"v41692876";"13.2";"149.3";"";"";"";"1"
"2022-07";"Montréal, Québec";"2011S0503462";"Ensemble";"2002=100";"17";"unités";"0";"v41692876";"13.2";"149.3";"";"";"";"1"
"2022-08";"Montréal, Québec";"2011S0503462";"Ensemble";"2002=100";"17";"unités";"0";"v41692876";"13.2";"149.6";"";"";"";"1"
"2022-09";"Montréal, Québec";"2011S0503462";"Ensemble";"2002=100";"17";"unités";"0";"v41692876";"13.2";"149.7";"";"";"";"1"
"2022-10";"Montréal, Québec";"2011S0503462";"Ensemble";"2002=100";"17";"unités";"0";"v41692876";"13.2";"150.6";"";"";"";"1"
"2022-11";"Montréal, Québec";"2011S0503462";"Ensemble";"2002=100";"17";"unités";"0";"v41692876";"13.2";"151.4";"";"";"";"1"
"2022-12";"Montréal, Québec";"2011S0503462";"Ensemble";"2002=100";"17";"unités";"0";"v41692876";"13.2";"150.8";"";"";"";"1"
"2023-01";"Montréal, Québec";"2011S0503462";"Ensemble";"2002=100";"17";"unités";"0";"v41692876";"13.2";"151.5";"";"";"";"1"
"2023-02";"Montréal, Québec";"2011S0503462";"Ensemble";"2002=100";"17";"unités";"0";"v41692876";"13.2";"152.4";"";"";"";"1"
"2023-03";"Montréal, Québec";"2011S0503462";"Ensemble";"2002=100";"17";"unités";"0";"v41692876";"13.2";"152.9";"";"";"";"1"
"2023-04";"Montréal, Québec";"2011S0503462";"Ensemble";"2002=100";"17";"unités";"0";"v41692876";"13.2";"154.4";"";"";"";"1"
"2023-05";"Montréal, Québec";"2011S0503462";"Ensemble";"2002=100";"17";"unités";"0";"v41692876";"13.2";"155.5";"";"";"";"1"
"2023-06";"Montréal, Québec";"2011S0503462";"Ensemble";"2002=100";"17";"unités";"0";"v41692876";"13.2";"156.2";"";"";"";"1"
"2023-07";"Montréal, Québec";"2011S0503462";"Ensemble";"2002=100";"17";"unités";"0";"v41692876";"13.2";"156.4";"";"";"";"1"
"2023-08";"Montréal, Québec";"2011S0503462";"Ensemble";"2002=100";"17";"unités";"0";"v41692876";"13.2";"157.4";"";"";"";"1"
"2023-09";"Montréal, Québec";"2011S0503462";"Ensemble";"2002=100";"17";"unités";"0";"v41692876";"13.2";"157.2";"";"";"";"1"
"2023-10";"Montréal, Québec";"2011S0503462";"Ensemble";"2002=100";"17";"unités";"0";"v41692876";"13.2";"157.5";"";"";"";"1"
"2023-11";"Montréal, Québec";"2011S0503462";"Ensemble";"2002=100";"17";"unités";"0";"v41692876";"13.2";"157.6";"";"";"";"1"
"2023-12";"Montréal, Québec";"2011S0503462";"Ensemble";"2002=100";"17";"unités";"0";"v41692876";"13.2";"157.2";"";"";"";"1"
"2024-01";"Montréal, Québec";"2011S0503462";"Ensemble";"2002=100";"17";"unités";"0";"v41692876";"13.2";"156.8";"";"";"";"1"
"2024-02";"Montréal, Québec";"2011S0503462";"Ensemble";"2002=100";"17";"unités";"0";"v41692876";"13.2";"157.6";"";"";"";"1"
"2024-03";"Montréal, Québec";"2011S0503462";"Ensemble";"2002=100";"17";"unités";"0";"v41692876";"13.2";"159.2";"";"";"";"1"
"2024-04";"Montréal, Québec";"2011S0503462";"Ensemble";"2002=100";"17";"unités";"0";"v41692876";"13.2";"159.2";"";"";"";"1"
"2024-05";"Montréal, Québec";"2011S0503462";"Ensemble";"2002=100";"17";"unités";"0";"v41692876";"13.2";"160.5";"";"";"";"1"
"2024-06";"Montréal, Québec";"2011S0503462";"Ensemble";"2002=100";"17";"unités";"0";"v41692876";"13.2";"160.1";"";"";"";"1"
"2024-07";"Montréal, Québec";"2011S0503462";"Ensemble";"2002=100";"17";"unités";"0";"v41692876";"13.2";"160.4";"";"";"";"1"
"2024-08";"Montréal, Québec";"2011S0503462";"Ensemble";"2002=100";"17";"unités";"0";"v41692876";"13.2";"160.3";"";"";"";"1"
"2024-09";"Montréal, Québec";"2011S0503462";"Ensemble";"2002=100";"17";"unités";"0";"v41692876";"13.2";"160.1";"";"";"";"1"
"2024-10";"Montréal, Québec";"2011S0503462";"Ensemble";"2002=100";"17";"unités";"0";"v41692876";"13.2";"160.7";"";"";"";"1"
"2024-11";"Montréal, Québec";"2011S0503462";"Ensemble";"2002=100";"17";"unités";"0";"v41692876";"13.2";"160.6";"";"";"";"1"
"2024-12";"Montréal, Québec";"2011S0503462";"Ensemble";"2002=100";"17";"unités";"0";"v41692876";"13.2";"160.4";"";"";"";"1"
"2025-01";"Montréal, Québec";"2011S0503462";"Ensemble";"2002=100";"17";"unités";"0";"v41692876";"13.2";"160.2";"";"";"";"1"
"2025-02";"Montréal, Québec";"2011S0503462";"Ensemble";"2002=100";"17";"unités";"0";"v41692876";"13.2";"161.3";"";"";"";"1"
"2025-03";"Montréal, Québec";"2011S0503462";"Ensemble";"2002=100";"17";"unités";"0";"v41692876";"13.2";"162.5";"";"";"";"1"
"2025-04";"Montréal, Québec";"2011S0503462";"Ensemble";"2002=100";"17";"unités";"0";"v41692876";"13.2";"163.2";"";"";"";"1"
"2025-05";"Montréal, Québec";"2011S0503462";"Ensemble";"2002=100";"17";"unités";"0";"v41692876";"13.2";"163.7";"";"";"";"1"
"2025-06";"Montréal, Québec";"2011S0503462";"Ensemble";"2002=100";"17";"unités";"0";"v41692876";"13.2";"163.8";"";"";"";"1"
"2025-07";"Montréal, Québec";"2011S0503462";"Ensemble";"2002=100";"17";"unités";"0";"v41692876";"13.2";"164.4";"";"";"";"1"
"2025-08";"Montréal, Québec";"2011S0503462";"Ensemble";"2002=100";"17";"unités";"0";"v41692876";"13.2";"164.8";"";"";"";"1"
"2025-09";"Montréal, Québec";"2011S0503462";"Ensemble";"2002=100";"17";"unités";"0";"v41692876";"13.2";"165.6";"";"";"";"1"
"2025-10";"Montréal, Québec";"2011S0503462";"Ensemble";"2002=100";"17";"unités";"0";"v41692876";"13.2";"166.0";"";"";"";"1"
"2025-11";"Montréal, Québec";"2011S0503462";"Ensemble";"2002=100";"17";"unités";"0";"v41692876";"13.2";"165.5";"";"";"";"1"
"2025-12";"Montréal, Québec";"2011S0503462";"Ensemble";"2002=100";"17";"unités";"0";"v41692876";"13.2";"165.7";"";"";"";"1"
"2026-01";"Montréal, Québec";"2011S0503462";"Ensemble";"2002=100";"17";"unités";"0";"v41692876";"13.2";"165.3";"";"";"";"1"
"2026-02";"Montréal, Québec";"2011S0503462";"Ensemble";"2002=100";"17";"unités";"0";"v41692876";"13.2";"166.1";"";"";"";"1"
"2026-03";"Montréal, Québec";"2011S0503462";"Ensemble";"2002=100";"17";"unités";"0";"v41692876";"13.2";"167.0";"";"";"";"1"
"2026-04";"Montréal, Québec";"2011S0503462";"Ensemble";"2002=100";"17";"unités";"0";"v41692876";"13.2";"167.8";"";"";"";"1"
"2026-05";"Montréal, Québec";"2011S0503462";"Ensemble";"2002=100";"17";"unités";"0";"v41692876";"13.2";"169.3";"";"";"";"1"
"2026-06";"Montréal, Québec";"2011S0503462";"Ensemble";"2002=100";"17";"unités";"0";"v41692876";"13.2";"168.9";"";"";"";"1"
"2026-07";"Montréal, Québec";"2011S0503462";"Ensemble";"2002=100";"17";"unités";"0";"v41692876";"13.2";"169.9";"";"";"";"1"
"2026-08";"Montréal, Québec";"2011S0503462";"Ensemble";"2002=100";"17";"unités";"0";"v41692876";"13.2";"169.8";"";"";"";"1"
"2016-01";"Ontario";"2016A000235";"Ensemble";"2002=100";"17";"unités";"0";"v41691919";"14.2";"127.8";"";"";"";"1"
"2016-02";"Ontario";"2016A000235";"Ensemble";"2002=100";"17";"unités";"0";"v41691919";"14.2";"128.2";"";"";"";"1"
"2016-03";"Ontario";"2016A000235";"Ensemble";"2002=100";"17";"unités";"0";"v41691919";"14.2";"129.0";"";"";"";"1"
"2016-04";"Ontario";"2016A000235";"Ensemble";"2002=100";"17";"unités";"0";"v41691919";"14.2";"129.6";"";"";"";"1"
"2016-05";"Ontario";"2016A000235";"Ensemble";"2002=100";"17";"unités";"0";"v41691919";"14.2";"130.1";"";"";"";"1"
"2016-06";"Ontario";"2016A000235";"Ensemble";"2002=100";"17";"unités";"0";"v41691919";"14.2";"130.4";"";"";"";"1"
"2016-07";"Ontario";"2016A000235";"Ensemble";"2002=100";"17";"unités";"0";"v41691919";"14.2";"130.3";"";"";"";"1"
"2016-08";"Ontario";"2016A000235";"Ensemble";"2002=100";"17";"unités";"0";"v41691919";"14.2";"129.9";"";"";"";"1"
"2016-09";"Ontario";"2016A000235";"Ensemble";"2002=100";"17";"unités";"0";"v41691919";"14.2";"130.1";"";"";"";"1"
"2016-10";"Ontario";"2016A000235";"Ensemble";"2002=100";"17";"unités";"0";"v41691919";"14.2";"130.6";"";"";"";"1"
"2016-11";"Ontario";"2016A000235";"Ensemble";"2002=100";"17";"unités";"0";"v41691919";"14.2";"130.2";"";"";"";"1"
"2016-12";"Ontario";"2016A000235";"Ensemble";"2002=100";"17";"unités";"0";"v41691919";"14.2";"130.0";"";"";"";"1"
"2017-01";"Ontario";"2016A000235";"Ensemble";"2002=100";"17";"unités";"0";"v41691919";"14.2";"130.8";"";"";"";"1"
"2017-02";"Ontario";"2016A000235";"Ensemble";"2002=100";"17";"unités";"0";"v41691919";"14.2";"131.2";"";"";"";"1"
"2017-03";"Ontario";"2016A000235";"Ensemble";"2002=100";"17";"unités";"0";"v41691919";"14.2";"131.4";"";"";"";"1"
"2017-04";"Ontario";"2016A000235";"Ensemble";"2002=100";"17";"unités";"0";"v41691919";"14.2";"132.0";"";"";"";"1"
"2017-05";"Ontario";"2016A000235";"Ensemble";"2002=100";"17";"unités";"0";"v41691919";"14.2";"131.9";"";"";"";"1"
"2017-06";"Ontario";"2016A000235";"Ensemble";"2002=100";"17";"unités";"0";"v41691919";"14.2";"132.1";"";"";"";"1"
"2017-07";"Ontario";"2016A000235";"Ensemble";"2002=100";"17";"unités";"0";"v41691919";"14.2";"131.9";"";"";"";"1"
"2017-08";"Ontario";"2016A000235";"Ensemble";"2002=100";"17";"unités";"0";"v41691919";"14.2";"131.8";"";"";"";"1"
"2017-09";"Ontario";"2016A000235";"Ensemble";"2002=100";"17";"unités";"0";"v41691919";"14.2";"132.3";"";"";"";"1"
"2017-10";"Ontario";"2016A000235";"Ensemble";"2002=100";"17";"unités";"0";"v41691919";"14.2";"132.3";"";"";"";"1"
"2017-11";"Ontario";"2016A000235";"Ensemble";"2002=100";"17";"unités";"0";"v41691919";"14.2";"132.7";"";"";"";"1"
"2017-12";"Ontario";"2016A000235";"Ensemble";"2002=100";"17";"unités";"0";"v41691919";"14.2";"132.0";"";"";"";"1"
"2018-01";"Ontario";"2016A000235";"Ensemble";"2002=100";"17";"unités";"0";"v41691919";"14.2";"133.2";"";"";"";"1"
"2018-02";"Ontario";"2016A000235";"Ensemble";"2002=100";"17";"unités";"0";"v41691919";"14.2";"134.0";"";"";"";"1"
"2018-03";"Ontario";"2016A000235";"Ensemble";"2002=100";"17";"unités";"0";"v41691919";"14.2";"134.6";"";"";"";"1"
"2018-04";"Ontario";"2016A000235";"Ensemble";"2002=100";"17";"unités";"0";"v41691919";"14.2";"134.8";"";"";"";"1"
"2018-05";"Ontario";"2016A000235";"Ensemble";"2002=100";"17";"unités";"0";"v41691919";"14.2";"134.9";"";"";"";"1"
"2018-06";"Ontario";"2016A000235";"Ensemble";"2002=100";"17";"unités";"0";"v41691919";"14.2";"135.3";"";"";"";"1"
"2018-07";"Ontario";"2016A000235";"Ensemble";"2002=100";"17";"unités";"0";"v41691919";"14.2";"136.0";"";"";"";"1"
"2018-08";"Ontario";"2016A000235";"Ensemble";"2002=100";"17";"unités";"0";"v41691919";"14.2";"135.9";"";"";"";"1"
"2018-09";"Ontario";"2016A000235";"Ensemble";"2002=100";"17";"unités";"0";"v41691919";"14.2";"135.2";"";"";"";"1"
"2018-10";"Ontario";"2016A000235";"Ensemble";"2002=100";"17";"unités";"0";"v41691919";"14.2";"135.6";"";"";"";"1"
"2018-11";"Ontario";"2016A000235";"Ensemble";"2002=100";"17";"unités";"0";"v41691919";"14.2";"135.1";"";"";"";"1"
"2018-12";"Ontario";"2016A000235";"Ensemble";"2002=100";"17";"unités";"0";"v41691919";"14.2";"135.0";"";"";"";"1"
"2019-01";"Ontario";"2016A000235";"Ensemble";"2002=100";"17";"unités";"0";"v41691919";"14.2";"135.2";"";"";"";"1"
"2019-02";"Ontario";"2016A000235";"Ensemble";"2002=100";"17";"unités";"0";"v41691919";"14.2";"136.0";"";"";"";"1"
"2019-03";"Ontario";"2016A000235";"Ensemble";"2002=100";"17";"unités";"0";"v41691919";"14.2";"137.0";"";"";"";"1"
"2019-04";"Ontario";"2016A000235";"Ensemble";"2002=100";"17";"unités";"0";"v41691919";"14.2";"137.4";"";"";"";"1"
"2019-05";"Ontario";"2016A000235";"Ensemble";"2002=100";"17";"unités";"0";"v41691919";"14.2";"138.1";"";"";"";"1"
"2019-06";"Ontario";"2016A000235";"Ensemble";"2002=100";"17";"unités";"0";"v41691919";"14.2";"138.0";"";"";"";"1"
"2019-07";"Ontario";"2016A000235";"Ensemble";"2002=100";"17";"unités";"0";"v41691919";"14.2";"138.8";"";"";"";"1"
"2019-08";"Ontario";"2016A000235";"Ensemble";"2002=100";"17";"unités";"0";"v41691919";"14.2";"138.5";"";"";"";"1"
"2019-09";"Ontario";"2016A000235";"Ensemble";"2002=100";"17";"unités";"0";"v41691919";"14.2";"137.5";"";"";"";"1"
"2019-10";"Ontario";"2016A000235";"Ensemble";"2002=100";"17";"unités";"0";"v41691919";"14.2";"137.9";"";"";"";"1"
"2019-11";"Ontario";"2016A000235";"Ensemble";"2002=100";"17";"unités";"0";"v41691919";"14.2";"137.7";"";"";"";"1"
"2019-12";"Ontario";"2016A000235";"Ensemble";"2002=100";"17";"unités";"0";"v41691919";"14.2";"137.8";"";"";"";"1"
"2020-01";"Ontario";"2016A000235";"Ensemble";"2002=100";"17";"unités";"0";"v41691919";"14.2";"138.0";"";"";"";"1"
"2020-02";"Ontario";"2016A000235";"Ensemble";"2002=100";"17";"unités";"0";"v41691919";"14.2";"138.7";"";"";"";"1"
"2020-03";"Ontario";"2016A000235";"Ensemble";"2002=100";"17";"unités";"0";"v41691919";"14.2";"137.9";"";"";"";"1"
"2020-04";"Ontario";"2016A000235";"Ensemble";"2002=100";"17";"unités";"0";"v41691919";"14.2";"137.3";"";"";"";"1"
"2020-05";"Ontario";"2016A000235";"Ensemble";"2002=100";"17";"unités";"0";"v41691919";"14.2";"137.5";"";"";"";"1"
"2020-06";"Ontario";"2016A000235";"Ensemble";"2002=100";"17";"unités";"0";"v41691919";"14.2";"138.6";"";"";"";"1"
"2020-07";"Ontario";"2016A000235";"Ensemble";"2002=100";"17";"unités";"0";"v41691919";"14.2";"138.8";"";"";"";"1"
"2020-08";"Ontario";"2016A000235";"Ensemble";"2002=100";"17";"unités";"0";"v41691919";"14.2";"138.6";"";"";"";"1"
"2020-09";"Ontario";"2016A000235";"Ensemble";"2002=100";"17";"unités";"0";"v41691919";"14.2";"138.3";"";"";"";"1"
"2020-10";"Ontario";"2016A000235";"Ensemble";"2002=100";"17";"unités";"0";"v41691919";"14.2";"138.9";"";"";"";"1"
"2020-11";"Ontario";"2016A000235";"Ensemble";"2002=100";"17";"unités";"0";"v41691919";"14.2";"139.0";"";"";"";"1"
"2020-12";"Ontario";"2016A000235";"Ensemble";"2002=100";"17";"unités";"0";"v41691919";"14.2";"138.8";"";"";"";"1"
"2021-01";"Ontario";"2016A000235";"Ensemble";"2002=100";"17";"unités";"0";"v41691919";"14.2";"139.5";"";"";"";"1"
"2021-02";"Ontario";"2016A000235";"Ensemble";"2002=100";"17";"unités";"0";"v41691919";"14.2";"140.2";"";"";"";"1"
"2021-03";"Ontario";"2016A000235";"Ensemble";"2002=100";"17";"unités";"0";"v41691919";"14.2";"141.0";"";"";"";"1"
"2021-04";"Ontario";"2016A000235";"Ensemble";"2002=100";"17";"unités";"0";"v41691919";"14.2";"141.8";"";"";"";"1"
"2021-05";"Ontario";"2016A000235";"Ensemble";"2002=100";"17";"unités";"0";"v41691919";"14.2";"142.6";"";"";"";"1"
"2021-06";"Ontario";"2016A000235";"Ensemble";"2002=100";"17";"unités";"0";"v41691919";"14.2";"143.1";"";"";"";"1"
"2021-07";"Ontario";"2016A000235";"Ensemble";"2002=100";"17";"unités";"0";"v41691919";"14.2";"143.7";"";"";"";"1"
"2021-08";"Ontario";"2016A000235";"Ensemble";"2002=100";"17";"unités";"0";"v41691919";"14.2";"144.1";"";"";"";"1"
"2021-09";"Ontario";"2016A000235";"Ensemble";"2002=100";"17";"unités";"0";"v41691919";"14.2";"144.4";"";"";"";"1"
"2021-10";"Ontario";"2016A000235";"Ensemble";"2002=100";"17";"unités";"0";"v41691919";"14.2";"145.7";"";"";"";"1"
"2021-11";"Ontario";"2016A000235";"Ensemble";"2002=100";"17";"unités";"0";"v41691919";"14.2";"146.0";"";"";"";"1"
"2021-12";"Ontario";"2016A000235";"Ensemble";"2002=100";"17";"unités";"0";"v41691919";"14.2";"146.0";"";"";"";"1"
"2022-01";"Ontario";"2016A000235";"Ensemble";"2002=100";"17";"unités";"0";"v41691919";"14.2";"147.4";"";"";"";"1"
"2022-02";"Ontario";"2016A000235";"Ensemble";"2002=100";"17";"unités";"0";"v41691919";"14.2";"148.8";"";"";"";"1"
"2022-03";"Ontario";"2016A000235";"Ensemble";"2002=100";"17";"unités";"0";"v41691919";"14.2";"150.8";"";"";"";"1"
"2022-04";"Ontario";"2016A000235";"Ensemble";"2002=100";"17";"unités";"0";"v41691919";"14.2";"151.6";"";"";"";"1"
"2022-05";"Ontario";"2016A000235";"Ensemble";"2002=100";"17";"unités";"0";"v41691919";"14.2";"153.7";"";"";"";"1"
"2022-06";"Ontario";"2016A000235";"Ensemble";"2002=100";"17";"unités";"0";"v41691919";"14.2";"154.4";"";"";"";"1"
"2022-07";"Ontario";"2016A000235";"Ensemble";"2002=100";"17";"unités";"0";"v41691919";"14.2";"154.6";"";"";"";"1"
"2022-08";"Ontario";"2016A000235";"Ensemble";"2002=100";"17";"unités";"0";"v41691919";"14.2";"154.1";"";"";"";"1"
"2022-09";"Ontario";"2016A000235";"Ensemble";"2002=100";"17";"unités";"0";"v41691919";"14.2";"154.1";"";"";"";"1"
"2022-10";"Ontario";"2016A000235";"Ensemble";"2002=100";"17";"unités";"0";"v41691919";"14.2";"155.2";"";"";"";"1"
"2022-11";"Ontario";"2016A000235";"Ensemble";"2002=100";"17";"unités";"0";"v41691919";"14.2";"155.4";"";"";"";"1"
"2022-12";"Ontario";"2016A000235";"Ensemble";"2002=100";"17";"unités";"0";"v41691919";"14.2";"154.8";"";"";"";"1"
"2023-01";"Ontario";"2016A000235";"Ensemble";"2002=100";"17";"unités";"0";"v41691919";"14.2";"155.7";"";"";"";"1"
"2023-02";"Ontario";"2016A000235";"Ensemble";"2002=100";"17";"unités";"0";"v41691919";"14.2";"156.4";"";"";"";"1"
"2023-03";"Ontario";"2016A000235";"Ensemble";"2002=100";"17";"unités";"0";"v41691919";"14.2";"157.3";"";"";"";"1"
"2023-04";"Ontario";"2016A000235";"Ensemble";"2002=100";"17";"unités";"0";"v41691919";"14.2";"157.9";"";"";"";"1"
"2023-05";"Ontario";"2016A000235";"Ensemble";"2002=100";"17";"unités";"0";"v41691919";"14.2";"158.5";"";"";"";"1"
"2023-06";"Ontario";"2016A000235";"Ensemble";"2002=100";"17";"unités";"0";"v41691919";"14.2";"158.4";"";"";"";"1"
"2023-07";"Ontario";"2016A000235";"Ensemble";"2002=100";"17";"unités";"0";"v41691919";"14.2";"159.6";"";"";"";"1"
"2023-08";"Ontario";"2016A000235";"Ensemble";"2002=100";"17";"unités";"0";"v41691919";"14.2";"159.9";"";"";"";"1"
"2023-09";"Ontario";"2016A000235";"Ensemble";"2002=100";"17";"unités";"0";"v41691919";"14.2";"159.7";"";"";"";"1"
"2023-10";"Ontario";"2016A000235";"Ensemble";"2002=100";"17";"unités";"0";"v41691919";"14.2";"160.3";"";"";"";"1"
"2023-11";"Ontario";"2016A000235";"Ensemble";"2002=100";"17";"unités";"0";"v41691919";"14.2";"160.6";"";"";"";"1"
"2023-12";"Ontario";"2016A000235";"Ensemble";"2002=100";"17";"unités";"0";"v41691919";"14.2";"160.0";"";"";"";"1"
"2024-01";"Ontario";"2016A000235";"Ensemble";"2002=100";"17";"unités";"0";"v41691919";"14.2";"159.9";"";"";"";"1"
"2024-02";"Ontario";"2016A000235";"Ensemble";"2002=100";"17";"unités";"0";"v41691919";"14.2";"160.2";"";"";"";"1"
"2024-03";"Ontario";"2016A000235";"Ensemble";"2002=100";"17";"unités";"0";"v41691919";"14.2";"161.4";"";"";"";"1"
"2024-04";"Ontario";"2016A000235";"Ensemble";"2002=100";"17";"unités";"0";"v41691919";"14.2";"162.2";"";"";"";"1"
"2024-05";"Ontario";"2016A000235";"Ensemble";"2002=100";"17";"unités";"0";"v41691919";"14.2";"163.2";"";"";"";"1"
"2024-06";"Ontario";"2016A000235";"Ensemble";"2002=100";"17";"unités";"0";"v41691919";"14.2";"163.1";"";"";"";"1"
"2024-07";"Ontario";"2016A000235";"Ensemble";"2002=100";"17";"unités";"0";"v41691919";"14.2";"163.9";"";"";"";"1"
"2024-08";"Ontario";"2016A000235";"Ensemble";"2002=100";"17";"unités";"0";"v41691919";"14.2";"163.3";"";"";"";"1"
"2024-09";"Ontario";"2016A000235";"Ensemble";"2002=100";"17";"unités";"0";"v41691919";"14.2";"162.8";"";"";"";"1"
"2024-10";"Ontario";"2016A000235";"Ensemble";"2002=100";"17";"unités";"0";"v41691919";"14.2";"163.5";"";"";"";"1"
"2024-11";"Ontario";"2016A000235";"Ensemble";"2002=100";"17";"unités";"0";"v41691919";"14.2";"163.5";"";"";"";"1"
"2024-12";"Ontario";"2016A000235";"Ensemble";"2002=100";"17";"unités";"0";"v41691919";"14.2";"162.7";"";"";"";"1"
"2025-01";"Ontario";"2016A000235";"Ensemble";"2002=100";"17";"unités";"0";"v41691919";"14.2";"162.6";"";"";"";"1"
"2025-02";"Ontario";"2016A000235";"Ensemble";"2002=100";"17";"unités";"0";"v41691919";"14.2";"164.6";"";"";"";"1"
"2025-03";"Ontario";"2016A000235";"Ensemble";"2002=100";"17";"unités";"0";"v41691919";"14.2";"165.1";"";"";"";"1"
"2025-04";"Ontario";"2016A000235";"Ensemble";"2002=100";"17";"unités";"0";"v41691919";"14.2";"164.8";"";"";"";"1"
"2025-05";"Ontario";"2016A000235";"Ensemble";"2002=100";"17";"unités";"0";"v41691919";"14.2";"165.9";"";"";"";"1"
"2025-06";"Ontario";"2016A000235";"Ensemble";"2002=100";"17";"unités";"0";"v41691919";"14.2";"166.0";"";"";"";"1"
"2025-07";"Ontario";"2016A000235";"Ensemble";"2002=100";"17";"unités";"0";"v41691919";"14.2";"166.5";"";"";"";"1"
"2025-08";"Ontario";"2016A000235";"Ensemble";"2002=100";"17";"unités";"0";"v41691919";"14.2";"166.0";"";"";"";"1"
"2025-09";"Ontario";"2016A000235";"Ensemble";"2002=100";"17";"unités";"0";"v41691919";"14.2";"166.1";"";"";"";"1"
"2025-10";"Ontario";"2016A000235";"Ensemble";"2002=100";"17";"unités";"0";"v41691919";"14.2";"166.4";"";"";"";"1"
"2025-11";"Ontario";"2016A000235";"Ensemble";"2002=100";"17";"unités";"0";"v41691919";"14.2";"166.6";"";"";"";"1"
"2025-12";"Ontario";"2016A000235";"Ensemble";"2002=100";"17";"unités";"0";"v41691919";"14.2";"166.1";"";"";"";"1"
"2026-01";"Ontario";"2016A000235";"Ensemble";"2002=100";"17";"unités";"0";"v41691919";"14.2";"165.9";"";"";"";"1"
"2026-02";"Ontario";"2016A000235";"Ensemble";"2002=100";"17";"unités";"0";"v41691919";"14.2";"166.7";"";"";"";"1"
"2026-03";"Ontario";"2016A000235";"Ensemble";"2002=100";"17";"unités";"0";"v41691919";"14.2";"168.2";"";"";"";"1"
"2026-04";"Ontario";"2016A000235";"Ensemble";"2002=100";"17";"unités";"0";"v41691919";"14.2";"168.8";"";"";"";"1"
"2026-05";"Ontario";"2016A000235";"Ensemble";"2002=100";"17";"unités";"0";"v41691919";"14.2";"170.2";"";"";"";"1"
"2026-06";"Ontario";"2016A000235";"Ensemble";"2002=100";"17";"unités";"0";"v41691919";"14.2";"169.3";"";"";"";"1"
"2026-07";"Ontario";"2016A000235";"Ensemble";"2002=100";"17";"unités";"0";"v41691919";"14.2";"169.9";"";"";"";"1"
"2026-08";"Ontario";"2016A000235";"Ensemble";"2002=100";"17";"unités";"0";"v41691919";"14.2";"170.0";"";"";"";"1"
"2016-01";"Ontario";"2016A000235";"Loyer";"2002=100";"17";"unités";"0";"v41691954";"14.81";"116.7";"";"";"";"1"
"2016-02";"Ontario";"2016A000235";"Loyer";"2002=100";"17";"unités";"0";"v41691954";"14.81";"116.8";"";"";"";"1"
"2016-03";"Ontario";"2016A000235";"Loyer";"2002=100";"17";"unités";"0";"v41691954";"14.81";"116.9";"";"";"";"1"
"2016-04";"Ontario";"2016A000235";"Loyer";"2002=100";"17";"unités";"0";"v41691954";"14.81";"117.0";"";"";"";"1"
"2016-05";"Ontario";"2016A000235";"Loyer";"2002=100";"17";"unités";"0";"v41691954";"14.81";"117.1";"";"";"";"1"
"2016-06";"Ontario";"2016A000235";"Loyer";"2002=100";"17";"unités";"0";"v41691954";"14.81";"117.2";"";"";"";"1"
"2016-07";"Ontario";"2016A000235";"Loyer";"2002=100";"17";"unités";"0";"v41691954";"14.81";"117.3";"";"";"";"1"
"2016-08";"Ontario";"2016A000235";"Loyer";"2002=100";"17";"unités";"0";"v41691954";"14.81";"117.4";"";"";"";"1"
"2016-09";"Ontario";"2016A000235";"Loyer";"2002=100";"17";"unités";"0";"v41691954";"14.81";"117.5";"";"";"";"1"
"2016-10";"Ontario";"2016A000235";"Loyer";"2002=100";"17";"unités";"0";"v41691954";"14.81";"117.6";"";"";"";"1"
"2016-11";"Ontario";"2016A000235";"Loyer";"2002=100";"17";"unités";"0";"v41691954";"14.81";"117.7";"";"";"";"1"
"2016-12";"Ontario";"2016A000235";"Loyer";"2002=100";"17";"unités";"0";"v41691954";"14.81";"117.8";"";"";"";"1"
"2017-01";"Ontario";"2016A000235";"Loyer";"2002=100";"17";"unités";"0";"v41691954";"14.81";"117.8";"";"";"";"1"
"2017-02";"Ontario";"2016A000235";"Loyer";"2002=100";"17";"unités";"0";"v41691954";"14.81";"117.9";"";"";"";"1"
"2017-03";"Ontario";"2016A000235";"Loyer";"2002=100";"17";"unités";"0";"v41691954";"14.81";"118.1";"";"";"";"1"
"2017-04";"Ontario";"2016A000235";"Loyer";"2002=100";"17";"unités";"0";"v41691954";"14.81";"118.2";"";"";"";"1"
"2017-05";"Ontario";"2016A000235";"Loyer";"2002=100";"17";"unités";"0";"v41691954";"14.81";"118.2";"";"";"";"1"
"2017-06";"Ontario";"2016A000235";"Loyer";"2002=100";"17";"unités";"0";"v41691954";"14.81";"118.3";"";"";"";"1"
"2017-07";"Ontario";"2016A000235";"Loyer";"2002=100";"17";"unités";"0";"v41691954";"14.81";"118.4";"";"";"";"1"
"2017-08";"Ontario";"2016A000235";"Loyer";"2002=100";"17";"unités";"0";"v41691954";"14.81";"118.4";"";"";"";"1"
"2017-09";"Ontario";"2016A000235";"Loyer";"2002=100";"17";"unités";"0";"v41691954";"14.81";"118.5";"";"";"";"1"
"2017-10";"Ontario";"2016A000235";"Loyer";"2002=100";"17";"unités";"0";"v41691954";"14.81";"118.6";"";"";"";"1"
"2017-11";"Ontario";"2016A000235";"Loyer";"2002=100";"17";"unités";"0";"v41691954";"14.81";"118.9";"";"";"";"1"
"2017-12";"Ontario";"2016A000235";"Loyer";"2002=100";"17";"unités";"0";"v41691954";"14.81";"119.0";"";"";"";"1"
"2018-01";"Ontario";"2016A000235";"Loyer";"2002=100";"17";"unités";"0";"v41691954";"14.81";"119.2";"";"";"";"1"
"2018-02";"Ontario";"2016A000235";"Loyer";"2002=100";"17";"unités";"0";"v41691954";"14.81";"119.4";"";"";"";"1"
"2018-03";"Ontario";"2016A000235";"Loyer";"2002=100";"17";"unités";"0";"v41691954";"14.81";"119.5";"";"";"";"1"
"2018-04";"Ontario";"2016A000235";"Loyer";"2002=100";"17";"unités";"0";"v41691954";"14.81";"119.7";"";"";"";"1"
"2018-05";"Ontario";"2016A000235";"Loyer";"2002=100";"17";"unités";"0";"v41691954";"14.81";"119.8";"";"";"";"1"
"2018-06";"Ontario";"2016A000235";"Loyer";"2002=100";"17";"unités";"0";"v41691954";"14.81";"120.0";"";"";"";"1"
"2018-07";"Ontario";"2016A000235";"Loyer";"2002=100";"17";"unités";"0";"v41691954";"14.81";"120.1";"";"";"";"1"
"2018-08";"Ontario";"2016A000235";"Loyer";"2002=100";"17";"unités";"0";"v41691954";"14.81";"120.3";"";"";"";"1"
"2018-09";"Ontario";"2016A000235";"Loyer";"2002=100";"17";"unités";"0";"v41691954";"14.81";"120.4";"";"";"";"1"
"2018-10";"Ontario";"2016A000235";"Loyer";"2002=100";"17";"unités";"0";"v41691954";"14.81";"120.7";"";"";"";"1"
"2018-11";"Ontario";"2016A000235";"Loyer";"2002=100";"17";"unités";"0";"v41691954";"14.81";"120.8";"";"";"";"1"
"2018-12";"Ontario";"2016A000235";"Loyer";"2002=100";"17";"unités";"0";"v41691954";"14.81";"120.9";"";"";"";"1"
"2019-01";"Ontario";"2016A000235";"Loyer";"2002=100";"17";"unités";"0";"v41691954";"14.81";"122.4";"";"";"";"1"
"2019-02";"Ontario";"2016A000235";"Loyer";"2002=100";"17";"unités";"0";"v41691954";"14.81";"123.7";"";"";"";"1"
"2019-03";"Ontario";"2016A000235";"Loyer";"2002=100";"17";"unités";"0";"v41691954";"14.81";"123.9";"";"";"";"1"
"2019-04";"Ontario";"2016A000235";"Loyer";"2002=100";"17";"unités";"0";"v41691954";"14.81";"123.9";"";"";"";"1"
"2019-05";"Ontario";"2016A000235";"Loyer";"2002=100";"17";"unités";"0";"v41691954";"14.81";"123.7";"";"";"";"1"
"2019-06";"Ontario";"2016A000235";"Loyer";"2002=100";"17";"unités";"0";"v41691954";"14.81";"124.0";"";"";"";"1"
"2019-07";"Ontario";"2016A000235";"Loyer";"2002=100";"17";"unités";"0";"v41691954";"14.81";"125.2";"";"";"";"1"
"2019-08";"Ontario";"2016A000235";"Loyer";"2002=100";"17";"unités";"0";"v41691954";"14.81";"125.8";"";"";"";"1"
"2019-09";"Ontario";"2016A000235";"Loyer";"2002=100";"17";"unités";"0";"v41691954";"14.81";"125.2";"";"";"";"1"
"2019-10";"Ontario";"2016A000235";"Loyer";"2002=100";"17";"unités";"0";"v41691954";"14.81";"126.3";"";"";"";"1"
"2019-11";"Ontario";"2016A000235";"Loyer";"2002=100";"17";"unités";"0";"v41691954";"14.81";"125.5";"";"";"";"1"
"2019-12";"Ontario";"2016A000235";"Loyer";"2002=100";"17";"unités";"0";"v41691954";"14.81";"125.9";"";"";"";"1"
"2020-01";"Ontario";"2016A000235";"Loyer";"2002=100";"17";"unités";"0";"v41691954";"14.81";"125.7";"";"";"";"1"
"2020-02";"Ontario";"2016A000235";"Loyer";"2002=100";"17";"unités";"0";"v41691954";"14.81";"126.6";"";"";"";"1"
"2020-03";"Ontario";"2016A000235";"Loyer";"2002=100";"17";"unités";"0";"v41691954";"14.81";"126.7";"";"";"";"1"
"2020-04";"Ontario";"2016A000235";"Loyer";"2002=100";"17";"unités";"0";"v41691954";"14.81";"126.6";"";"";"";"1"
"2020-05";"Ontario";"2016A000235";"Loyer";"2002=100";"17";"unités";"0";"v41691954";"14.81";"125.7";"";"";"";"1"
"2020-06";"Ontario";"2016A000235";"Loyer";"2002=100";"17";"unités";"0";"v41691954";"14.81";"126.5";"";"";"";"1"
"2020-07";"Ontario";"2016A000235";"Loyer";"2002=100";"17";"unités";"0";"v41691954";"14.81";"125.6";"";"";"";"1"
"2020-08";"Ontario";"2016A000235";"Loyer";"2002=100";"17";"unités";"0";"v41691954";"14.81";"127.6";"";"";"";"1"
"2020-09";"Ontario";"2016A000235";"Loyer";"2002=100";"17";"unités";"0";"v41691954";"14.81";"127.7";"";"";"";"1"
"2020-10";"Ontario";"2016A000235";"Loyer";"2002=100";"17";"unités";"0";"v41691954";"14.81";"127.9";"";"";"";"1"
"2020-11";"Ontario";"2016A000235";"Loyer";"2002=100";"17";"unités";"0";"v41691954";"14.81";"127.2";"";"";"";"1"
"2020-12";"Ontario";"2016A000235";"Loyer";"2002=100";"17";"unités";"0";"v41691954";"14.81";"126.2";"";"";"";"1"
"2021-01";"Ontario";"2016A000235";"Loyer";"2002=100";"17";"unités";"0";"v41691954";"14.81";"126.8";"";"";"";"1"
"2021-02";"Ontario";"2016A000235";"Loyer";"2002=100";"17";"unités";"0";"v41691954";"14.81";"126.9";"";"";"";"1"
"2021-03";"Ontario";"2016A000235";"Loyer";"2002=100";"17";"unités";"0";"v41691954";"14.81";"128.0";"";"";"";"1"
"2021-04";"Ontario";"2016A000235";"Loyer";"2002=100";"17";"unités";"0";"v41691954";"14.81";"127.5";"";"";"";"1"
"2021-05";"Ontario";"2016A000235";"Loyer";"2002=100";"17";"unités";"0";"v41691954";"14.81";"128.1";"";"";"";"1"
"2021-06";"Ontario";"2016A000235";"Loyer";"2002=100";"17";"unités";"0";"v41691954";"14.81";"128.3";"";"";"";"1"
"2021-07";"Ontario";"2016A000235";"Loyer";"2002=100";"17";"unités";"0";"v41691954";"14.81";"128.3";"";"";"";"1"
"2021-08";"Ontario";"2016A000235";"Loyer";"2002=100";"17";"unités";"0";"v41691954";"14.81";"128.1";"";"";"";"1"
"2021-09";"Ontario";"2016A000235";"Loyer";"2002=100";"17";"unités";"0";"v41691954";"14.81";"129.6";"";"";"";"1"
"2021-10";"Ontario";"2016A000235";"Loyer";"2002=100";"17";"unités";"0";"v41691954";"14.81";"130.3";"";"";"";"1"
"2021-11";"Ontario";"2016A000235";"Loyer";"2002=100";"17";"unités";"0";"v41691954";"14.81";"130.1";"";"";"";"1"
"2021-12";"Ontario";"2016A000235";"Loyer";"2002=100";"17";"unités";"0";"v41691954";"14.81";"130.6";"";"";"";"1"
"2022-01";"Ontario";"2016A000235";"Loyer";"2002=100";"17";"unités";"0";"v41691954";"14.81";"131.2";"";"";"";"1"
"2022-02";"Ontario";"2016A000235";"Loyer";"2002=100";"17";"unités";"0";"v41691954";"14.81";"133.3";"";"";"";"1"
"2022-03";"Ontario";"2016A000235";"Loyer";"2002=100";"17";"unités";"0";"v41691954";"14.81";"134.2";"";"";"";"1"
"2022-04";"Ontario";"2016A000235";"Loyer";"2002=100";"17";"unités";"0";"v41691954";"14.81";"134.2";"";"";"";"1"
"2022-05";"Ontario";"2016A000235";"Loyer";"2002=100";"17";"unités";"0";"v41691954";"14.81";"135.3";"";"";"";"1"
"2022-06";"Ontario";"2016A000235";"Loyer";"2002=100";"17";"unités";"0";"v41691954";"14.81";"135.2";"";"";"";"1"
"2022-07";"Ontario";"2016A000235";"Loyer";"2002=100";"17";"unités";"0";"v41691954";"14.81";"136.5";"";"";"";"1"
"2022-08";"Ontario";"2016A000235";"Loyer";"2002=100";"17";"unités";"0";"v41691954";"14.81";"135.8";"";"";"";"1"
"2022-09";"Ontario";"2016A000235";"Loyer";"2002=100";"17";"unités";"0";"v41691954";"14.81";"136.4";"";"";"";"1"
"2022-10";"Ontario";"2016A000235";"Loyer";"2002=100";"17";"unités";"0";"v41691954";"14.81";"137.6";"";"";"";"1"
"2022-11";"Ontario";"2016A000235";"Loyer";"2002=100";"17";"unités";"0";"v41691954";"14.81";"139.4";"";"";"";"1"
"2022-12";"Ontario";"2016A000235";"Loyer";"2002=100";"17";"unités";"0";"v41691954";"14.81";"139.6";"";"";"";"1"
"2023-01";"Ontario";"2016A000235";"Loyer";"2002=100";"17";"unités";"0";"v41691954";"14.81";"140.5";"";"";"";"1"
"2023-02";"Ontario";"2016A000235";"Loyer";"2002=100";"17";"unités";"0";"v41691954";"14.81";"140.6";"";"";"";"1"
"2023-03";"Ontario";"2016A000235";"Loyer";"2002=100";"17";"unités";"0";"v41691954";"14.81";"142.1";"";"";"";"1"
"2023-04";"Ontario";"2016A000235";"Loyer";"2002=100";"17";"unités";"0";"v41691954";"14.81";"142.9";"";"";"";"1"
"2023-05";"Ontario";"2016A000235";"Loyer";"2002=100";"17";"unités";"0";"v41691954";"14.81";"143.0";"";"";"";"1"
"2023-06";"Ontario";"2016A000235";"Loyer";"2002=100";"17";"unités";"0";"v41691954";"14.81";"143.9";"";"";"";"1"
"2023-07";"Ontario";"2016A000235";"Loyer";"2002=100";"17";"unités";"0";"v41691954";"14.81";"144.7";"";"";"";"1"
"2023-08";"Ontario";"2016A000235";"Loyer";"2002=100";"17";"unités";"0";"v41691954";"14.81";"145.2";"";"";"";"1"
"2023-09";"Ontario";"2016A000235";"Loyer";"2002=100";"17";"unités";"0";"v41691954";"14.81";"144.9";"";"";"";"1"
"2023-10";"Ontario";"2016A000235";"Loyer";"2002=100";"17";"unités";"0";"v41691954";"14.81";"147.3";"";"";"";"1"
"2023-11";"Ontario";"2016A000235";"Loyer";"2002=100";"17";"unités";"0";"v41691954";"14.81";"146.5";"";"";"";"1"
"2023-12";"Ontario";"2016A000235";"Loyer";"2002=100";"17";"unités";"0";"v41691954";"14.81";"149.2";"";"";"";"1"
"2024-01";"Ontario";"2016A000235";"Loyer";"2002=100";"17";"unités";"0";"v41691954";"14.81";"149.4";"";"";"";"1"
"2024-02";"Ontario";"2016A000235";"Loyer";"2002=100";"17";"unités";"0";"v41691954";"14.81";"150.6";"";"";"";"1"
"2024-03";"Ontario";"2016A000235";"Loyer";"2002=100";"17";"unités";"0";"v41691954";"14.81";"151.7";"";"";"";"1"
"2024-04";"Ontario";"2016A000235";"Loyer";"2002=100";"17";"unités";"0";"v41691954";"14.81";"151.6";"";"";"";"1"
"2024-05";"Ontario";"2016A000235";"Loyer";"2002=100";"17";"unités";"0";"v41691954";"14.81";"155.0";"";"";"";"1"
"2024-06";"Ontario";"2016A000235";"Loyer";"2002=100";"17";"unités";"0";"v41691954";"14.81";"154.2";"";"";"";"1"
"2024-07";"Ontario";"2016A000235";"Loyer";"2002=100";"17";"unités";"0";"v41691954";"14.81";"154.4";"";"";"";"1"
"2024-08";"Ontario";"2016A000235";"Loyer";"2002=100";"17";"unités";"0";"v41691954";"14.81";"155.5";"";"";"";"1"
"2024-09";"Ontario";"2016A000235";"Loyer";"2002=100";"17";"unités";"0";"v41691954";"14.81";"155.7";"";"";"";"1"
"2024-10";"Ontario";"2016A000235";"Loyer";"2002=100";"17";"unités";"0";"v41691954";"14.81";"156.1";"";"";"";"1"
"2024-11";"Ontario";"2016A000235";"Loyer";"2002=100";"17";"unités";"0";"v41691954";"14.81";"157.3";"";"";"";"1"
"2024-12";"Ontario";"2016A000235";"Loyer";"2002=100";"17";"unités";"0";"v41691954";"14.81";"158.8";"";"";"";"1"
"2025-01";"Ontario";"2016A000235";"Loyer";"2002=100";"17";"unités";"0";"v41691954";"14.81";"158.7";"";"";"";"1"
"2025-02";"Ontario";"2016A000235";"Loyer";"2002=100";"17";"unités";"0";"v41691954";"14.81";"159.6";"";"";"";"1"
"2025-03";"Ontario";"2016A000235";"Loyer";"2002=100";"17";"unités";"0";"v41691954";"14.81";"158.6";"";"";"";"1"
"2025-04";"Ontario";"2016A000235";"Loyer";"2002=100";"17";"unités";"0";"v41691954";"14.81";"159.8";"";"";"";"1"
"2025-05";"Ontario";"2016A000235";"Loyer";"2002=100";"17";"unités";"0";"v41691954";"14.81";"159.6";"";"";"";"1"
"2025-06";"Ontario";"2016A000235";"Loyer";"2002=100";"17";"unités";"0";"v41691954";"14.81";"160.8";"";"";"";"1"
"2025-07";"Ontario";"2016A000235";"Loyer";"2002=100";"17";"unités";"0";"v41691954";"14.81";"160.9";"";"";"";"1"
"2025-08";"Ontario";"2016A000235";"Loyer";"2002=100";"17";"unités";"0";"v41691954";"14.81";"160.5";"";"";"";"1"
"2025-09";"Ontario";"2016A000235";"Loyer";"2002=100";"17";"unités";"0";"v41691954";"14.81";"161.2";"";"";"";"1"
"2025-10";"Ontario";"2016A000235";"Loyer";"2002=100";"17";"unités";"0";"v41691954";"14.81";"163.1";"";"";"";"1"
"2025-11";"Ontario";"2016A000235";"Loyer";"2002=100";"17";"unités";"0";"v41691954";"14.81";"163.7";"";"";"";"1"
"2025-12";"Ontario";"2016A000235";"Loyer";"2002=100";"17";"unités";"0";"v41691954";"14.81";"163.4";"";"";"";"1"
"2026-01";"Ontario";"2016A000235";"Loyer";"2002=100";"17";"unités";"0";"v41691954";"14.81";"161.8";"";"";"";"1"
"2026-02";"Ontario";"2016A000235";"Loyer";"2002=100";"17";"unités";"0";"v41691954";"14.81";"161.6";"";"";"";"1"
"2026-03";"Ontario";"2016A000235";"Loyer";"2002=100";"17";"unités";"0";"v41691954";"14.81";"163.2";"";"";"";"1"
"2026-04";"Ontario";"2016A000235";"Loyer";"2002=100";"17";"unités";"0";"v41691954";"14.81";"163.3";"";"";"";"1"
"2026-05";"Ontario";"2016A000235";"Loyer";"2002=100";"17";"unités";"0";"v41691954";"14.81";"163.4";"";"";"";"1"
"2026-06";"Ontario";"2016A000235";"Loyer";"2002=100";"17";"unités";"0";"v41691954";"14.81";"164.4";"";"";"";"1"
"2026-07";"Ontario";"2016A000235";"Loyer";"2002=100";"17";"unités";"0";"v41691954";"14.81";"162.1";"";"";"";"1"
"2026-08";"Ontario";"2016A000235";"Loyer";"2002=100";"17";"unités";"0";"v41691954";"14.81";"164.3";"";"";"";"1"
"2016-01";"Ontario";"2016A000235";"Essence";"2002=100";"17";"unités";"0";"v41691994";"14.184";"136.1";"";"";"";"1"
"2016-02";"Ontario";"2016A000235";"Essence";"2002=100";"17";"unités";"0";"v41691994";"14.184";"128.3";"";"";"";"1"
"2016-03";"Ontario";"2016A000235";"Essence";"2002=100";"17";"unités";"0";"v41691994";"14.184";"132.2";"";"";"";"1"
"2016-04";"Ontario";"2016A000235";"Essence";"2002=100";"17";"unités";"0";"v41691994";"14.184";"146.8";"";"";"";"1"
"2016-05";"Ontario";"2016A000235";"Essence";"2002=100";"17";"unités";"0";"v41691994";"14.184";"152.9";"";"";"";"1"
"2016-06";"Ontario";"2016A000235";"Essence";"2002=100";"17";"unités";"0";"v41691994";"14.184";"154.8";"";"";"";"1"
"2016-07";"Ontario";"2016A000235";"Essence";"2002=100";"17";"unités";"0";"v41691994";"14.184";"149.5";"";"";"";"1"
"2016-08";"Ontario";"2016A000235";"Essence";"2002=100";"17";"unités";"0";"v41691994";"14.184";"146.5";"";"";"";"1"
"2016-09";"Ontario";"2016A000235";"Essence";"2002=100";"17";"unités";"0";"v41691994";"14.184";"145.7";"";"";"";"1"
"2016-10";"Ontario";"2016A000235";"Essence";"2002=100";"17";"unités";"0";"v41691994";"14.184";"151.6";"";"";"";"1"
"2016-11";"Ontario";"2016A000235";"Essence";"2002=100";"17";"unités";"0";"v41691994";"14.184";"146.7";"";"";"";"1"
"2016-12";"Ontario";"2016A000235";"Essence";"2002=100";"17";"unités";"0";"v41691994";"14.184";"152.1";"";"";"";"1"
"2017-01";"Ontario";"2016A000235";"Essence";"2002=100";"17";"unités";"0";"v41691994";"14.184";"163.9";"";"";"";"1"
"2017-02";"Ontario";"2016A000235";"Essence";"2002=100";"17";"unités";"0";"v41691994";"14.184";"156.6";"";"";"";"1"
"2017-03";"Ontario";"2016A000235";"Essence";"2002=100";"17";"unités";"0";"v41691994";"14.184";"151.8";"";"";"";"1"
"2017-04";"Ontario";"2016A000235";"Essence";"2002=100";"17";"unités";"0";"v41691994";"14.184";"168.9";"";"";"";"1"
"2017-05";"Ontario";"2016A000235";"Essence";"2002=100";"17";"unités";"0";"v41691994";"14.184";"163.9";"";"";"";"1"
"2017-06";"Ontario";"2016A000235";"Essence";"2002=100";"17";"unités";"0";"v41691994";"14.184";"156.8";"";"";"";"1"
"2017-07";"Ontario";"2016A000235";"Essence";"2002=100";"17";"unités";"0";"v41691994";"14.184";"158.8";"";"";"";"1"
"2017-08";"Ontario";"2016A000235";"Essence";"2002=100";"17";"unités";"0";"v41691994";"14.184";"161.3";"";"";"";"1"
"2017-09";"Ontario";"2016A000235";"Essence";"2002=100";"17";"unités";"0";"v41691994";"14.184";"172.8";"";"";"";"1"
"2017-10";"Ontario";"2016A000235";"Essence";"2002=100";"17";"unités";"0";"v41691994";"14.184";"167.2";"";"";"";"1"
"2017-11";"Ontario";"2016A000235";"Essence";"2002=100";"17";"unités";"0";"v41691994";"14.184";"177.8";"";"";"";"1"
"2017-12";"Ontario";"2016A000235";"Essence";"2002=100";"17";"unités";"0";"v41691994";"14.184";"175.7";"";"";"";"1"
"2018-01";"Ontario";"2016A000235";"Essence";"2002=100";"17";"unités";"0";"v41691994";"14.184";"180.8";"";"";"";"1"
"2018-02";"Ontario";"2016A000235";"Essence";"2002=100";"17";"unités";"0";"v41691994";"14.184";"178.6";"";"";"";"1"
"2018-03";"Ontario";"2016A000235";"Essence";"2002=100";"17";"unités";"0";"v41691994";"14.184";"182.5";"";"";"";"1"
"2018-04";"Ontario";"2016A000235";"Essence";"2002=100";"17";"unités";"0";"v41691994";"14.184";"194.2";"";"";"";"1"
"2018-05";"Ontario";"2016A000235";"Essence";"2002=100";"17";"unités";"0";"v41691994";"14.184";"198.8";"";"";"";"1"
"2018-06";"Ontario";"2016A000235";"Essence";"2002=100";"17";"unités";"0";"v41691994";"14.184";"193.7";"";"";"";"1"
"2018-07";"Ontario";"2016A000235";"Essence";"2002=100";"17";"unités";"0";"v41691994";"14.184";"194.8";"";"";"";"1"
"2018-08";"Ontario";"2016A000235";"Essence";"2002=100";"17";"unités";"0";"v41691994";"14.184";"192.0";"";"";"";"1"
"2018-09";"Ontario";"2016A000235";"Essence";"2002=100";"17";"unités";"0";"v41691994";"14.184";"186.6";"";"";"";"1"
"2018-10";"Ontario";"2016A000235";"Essence";"2002=100";"17";"unités";"0";"v41691994";"14.184";"179.2";"";"";"";"1"
"2018-11";"Ontario";"2016A000235";"Essence";"2002=100";"17";"unités";"0";"v41691994";"14.184";"161.8";"";"";"";"1"
"2018-12";"Ontario";"2016A000235";"Essence";"2002=100";"17";"unités";"0";"v41691994";"14.184";"152.0";"";"";"";"1"
"2019-01";"Ontario";"2016A000235";"Essence";"2002=100";"17";"unités";"0";"v41691994";"14.184";"146.8";"";"";"";"1"
"2019-02";"Ontario";"2016A000235";"Essence";"2002=100";"17";"unités";"0";"v41691994";"14.184";"146.3";"";"";"";"1"
"2019-03";"Ontario";"2016A000235";"Essence";"2002=100";"17";"unités";"0";"v41691994";"14.184";"166.2";"";"";"";"1"
"2019-04";"Ontario";"2016A000235";"Essence";"2002=100";"17";"unités";"0";"v41691994";"14.184";"184.0";"";"";"";"1"
"2019-05";"Ontario";"2016A000235";"Essence";"2002=100";"17";"unités";"0";"v41691994";"14.184";"186.9";"";"";"";"1"
"2019-06";"Ontario";"2016A000235";"Essence";"2002=100";"17";"unités";"0";"v41691994";"14.184";"174.6";"";"";"";"1"
"2019-07";"Ontario";"2016A000235";"Essence";"2002=100";"17";"unités";"0";"v41691994";"14.184";"183.5";"";"";"";"1"
"2019-08";"Ontario";"2016A000235";"Essence";"2002=100";"17";"unités";"0";"v41691994";"14.184";"173.6";"";"";"";"1"
"2019-09";"Ontario";"2016A000235";"Essence";"2002=100";"17";"unités";"0";"v41691994";"14.184";"170.8";"";"";"";"1"
"2019-10";"Ontario";"2016A000235";"Essence";"2002=100";"17";"unités";"0";"v41691994";"14.184";"170.8";"";"";"";"1"
"2019-11";"Ontario";"2016A000235";"Essence";"2002=100";"17";"unités";"0";"v41691994";"14.184";"169.7";"";"";"";"1"
"2019-12";"Ontario";"2016A000235";"Essence";"2002=100";"17";"unités";"0";"v41691994";"14.184";"169.0";"";"";"";"1"
"2020-01";"Ontario";"2016A000235";"Essence";"2002=100";"17";"unités";"0";"v41691994";"14.184";"167.6";"";"";"";"1"
"2020-02";"Ontario";"2016A000235";"Essence";"2002=100";"17";"unités";"0";"v41691994";"14.184";"162.1";"";"";"";"1"
"2020-03";"Ontario";"2016A000235";"Essence";"2002=100";"17";"unités";"0";"v41691994";"14.184";"127.6";"";"";"";"1"
"2020-04";"Ontario";"2016A000235";"Essence";"2002=100";"17";"unités";"0";"v41691994";"14.184";"116.4";"";"";"";"1"
"2020-05";"Ontario";"2016A000235";"Essence";"2002=100";"17";"unités";"0";"v41691994";"14.184";"134.0";"";"";"";"1"
"2020-06";"Ontario";"2016A000235";"Essence";"2002=100";"17";"unités";"0";"v41691994";"14.184";"146.9";"";"";"";"1"
"2020-07";"Ontario";"2016A000235";"Essence";"2002=100";"17";"unités";"0";"v41691994";"14.184";"153.3";"";"";"";"1"
"2020-08";"Ontario";"2016A000235";"Essence";"2002=100";"17";"unités";"0";"v41691994";"14.184";"152.6";"";"";"";"1"
"2020-09";"Ontario";"2016A000235";"Essence";"2002=100";"17";"unités";"0";"v41691994";"14.184";"149.7";"";"";"";"1"
"2020-10";"Ontario";"2016A000235";"Essence";"2002=100";"17";"unités";"0";"v41691994";"14.184";"148.2";"";"";"";"1"
"2020-11";"Ontario";"2016A000235";"Essence";"2002=100";"17";"unités";"0";"v41691994";"14.184";"145.9";"";"";"";"1"
"2020-12";"Ontario";"2016A000235";"Essence";"2002=100";"17";"unités";"0";"v41691994";"14.184";"152.2";"";"";"";"1"
"2021-01";"Ontario";"2016A000235";"Essence";"2002=100";"17";"unités";"0";"v41691994";"14.184";"162.5";"";"";"";"1"
"2021-02";"Ontario";"2016A000235";"Essence";"2002=100";"17";"unités";"0";"v41691994";"14.184";"172.9";"";"";"";"1"
"2021-03";"Ontario";"2016A000235";"Essence";"2002=100";"17";"unités";"0";"v41691994";"14.184";"181.4";"";"";"";"1"
"2021-04";"Ontario";"2016A000235";"Essence";"2002=100";"17";"unités";"0";"v41691994";"14.184";"184.4";"";"";"";"1"
"2021-05";"Ontario";"2016A000235";"Essence";"2002=100";"17";"unités";"0";"v41691994";"14.184";"190.4";"";"";"";"1"
"2021-06";"Ontario";"2016A000235";"Essence";"2002=100";"17";"unités";"0";"v41691994";"14.184";"193.8";"";"";"";"1"
"2021-07";"Ontario";"2016A000235";"Essence";"2002=100";"17";"unités";"0";"v41691994";"14.184";"199.0";"";"";"";"1"
"2021-08";"Ontario";"2016A000235";"Essence";"2002=100";"17";"unités";"0";"v41691994";"14.184";"200.4";"";"";"";"1"
"2021-09";"Ontario";"2016A000235";"Essence";"2002=100";"17";"unités";"0";"v41691994";"14.184";"201.3";"";"";"";"1"
"2021-10";"Ontario";"2016A000235";"Essence";"2002=100";"17";"unités";"0";"v41691994";"14.184";"211.9";"";"";"";"1"
"2021-11";"Ontario";"2016A000235";"Essence";"2002=100";"17";"unités";"0";"v41691994";"14.184";"210.5";"";"";"";"1"
"2021-12";"Ontario";"2016A000235";"Essence";"2002=100";"17";"unités";"0";"v41691994";"14.184";"201.0";"";"";"";"1"
"2022-01";"Ontario";"2016A000235";"Essence";"2002=100";"17";"unités";"0";"v41691994";"14.184";"212.8";"";"";"";"1"
"2022-02";"Ontario";"2016A000235";"Essence";"2002=100";"17";"unités";"0";"v41691994";"14.184";"229.6";"";"";"";"1"
"2022-03";"Ontario";"2016A000235";"Essence";"2002=100";"17";"unités";"0";"v41691994";"14.184";"252.9";"";"";"";"1"
"2022-04";"Ontario";"2016A000235";"Essence";"2002=100";"17";"unités";"0";"v41691994";"14.184";"254.5";"";"";"";"1"
"2022-05";"Ontario";"2016A000235";"Essence";"2002=100";"17";"unités";"0";"v41691994";"14.184";"288.4";"";"";"";"1"
"2022-06";"Ontario";"2016A000235";"Essence";"2002=100";"17";"unités";"0";"v41691994";"14.184";"300.0";"";"";"";"1"
"2022-07";"Ontario";"2016A000235";"Essence";"2002=100";"17";"unités";"0";"v41691994";"14.184";"263.5";"";"";"";"1"
"2022-08";"Ontario";"2016A000235";"Essence";"2002=100";"17";"unités";"0";"v41691994";"14.184";"241.5";"";"";"";"1"
"2022-09";"Ontario";"2016A000235";"Essence";"2002=100";"17";"unités";"0";"v41691994";"14.184";"217.6";"";"";"";"1"
"2022-10";"Ontario";"2016A000235";"Essence";"2002=100";"17";"unités";"0";"v41691994";"14.184";"240.0";"";"";"";"1"
"2022-11";"Ontario";"2016A000235";"Essence";"2002=100";"17";"unités";"0";"v41691994";"14.184";"235.8";"";"";"";"1"
"2022-12";"Ontario";"2016A000235";"Essence";"2002=100";"17";"unités";"0";"v41691994";"14.184";"205.5";"";"";"";"1"
"2023-01";"Ontario";"2016A000235";"Essence";"2002=100";"17";"unités";"0";"v41691994";"14.184";"216.6";"";"";"";"1"
"2023-02";"Ontario";"2016A000235";"Essence";"2002=100";"17";"unités";"0";"v41691994";"14.184";"211.7";"";"";"";"1"
"2023-03";"Ontario";"2016A000235";"Essence";"2002=100";"17";"unités";"0";"v41691994";"14.184";"213.1";"";"";"";"1"
"2023-04";"Ontario";"2016A000235";"Essence";"2002=100";"17";"unités";"0";"v41691994";"14.184";"228.5";"";"";"";"1"
"2023-05";"Ontario";"2016A000235";"Essence";"2002=100";"17";"unités";"0";"v41691994";"14.184";"227.2";"";"";"";"1"
"2023-06";"Ontario";"2016A000235";"Essence";"2002=100";"17";"unités";"0";"v41691994";"14.184";"231.6";"";"";"";"1"
"2023-07";"Ontario";"2016A000235";"Essence";"2002=100";"17";"unités";"0";"v41691994";"14.184";"236.1";"";"";"";"1"
"2023-08";"Ontario";"2016A000235";"Essence";"2002=100";"17";"unités";"0";"v41691994";"14.184";"246.6";"";"";"";"1"
"2023-09";"Ontario";"2016A000235";"Essence";"2002=100";"17";"unités";"0";"v41691994";"14.184";"241.3";"";"";"";"1"
"2023-10";"Ontario";"2016A000235";"Essence";"2002=100";"17";"unités";"0";"v41691994";"14.184";"223.2";"";"";"";"1"
"2023-11";"Ontario";"2016A000235";"Essence";"2002=100";"17";"unités";"0";"v41691994";"14.184";"217.3";"";"";"";"1"
"2023-12";"Ontario";"2016A000235";"Essence";"2002=100";"17";"unités";"0";"v41691994";"14.184";"209.5";"";"";"";"1"
"2024-01";"Ontario";"2016A000235";"Essence";"2002=100";"17";"unités";"0";"v41691994";"14.184";"209.9";"";"";"";"1"
"2024-02";"Ontario";"2016A000235";"Essence";"2002=100";"17";"unités";"0";"v41691994";"14.184";"216.7";"";"";"";"1"
"2024-03";"Ontario";"2016A000235";"Essence";"2002=100";"17";"unités";"0";"v41691994";"14.184";"224.6";"";"";"";"1"
"2024-04";"Ontario";"2016A000235";"Essence";"2002=100";"17";"unités";"0";"v41691994";"14.184";"244.2";"";"";"";"1"
"2024-05";"Ontario";"2016A000235";"Essence";"2002=100";"17";"unités";"0";"v41691994";"14.184";"241.2";"";"";"";"1"
"2024-06";"Ontario";"2016A000235";"Essence";"2002=100";"17";"unités";"0";"v41691994";"14.184";"236.1";"";"";"";"1"
"2024-07";"Ontario";"2016A000235";"Essence";"2002=100";"17";"unités";"0";"v41691994";"14.184";"242.8";"";"";"";"1"
"2024-08";"Ontario";"2016A000235";"Essence";"2002=100";"17";"unités";"0";"v41691994";"14.184";"234.4";"";"";"";"1"
"2024-09";"Ontario";"2016A000235";"Essence";"2002=100";"17";"unités";"0";"v41691994";"14.184";"217.0";"";"";"";"1"
"2024-10";"Ontario";"2016A000235";"Essence";"2002=100";"17";"unités";"0";"v41691994";"14.184";"220.8";"";"";"";"1"
"2024-11";"Ontario";"2016A000235";"Essence";"2002=100";"17";"unités";"0";"v41691994";"14.184";"221.8";"";"";"";"1"
"2024-12";"Ontario";"2016A000235";"Essence";"2002=100";"17";"unités";"0";"v41691994";"14.184";"220.9";"";"";"";"1"
"2025-01";"Ontario";"2016A000235";"Essence";"2002=100";"17";"unités";"0";"v41691994";"14.184";"226.9";"";"";"";"1"
"2025-02";"Ontario";"2016A000235";"Essence";"2002=100";"17";"unités";"0";"v41691994";"14.184";"226.1";"";"";"";"1"
"2025-03";"Ontario";"2016A000235";"Essence";"2002=100";"17";"unités";"0";"v41691994";"14.184";"223.2";"";"";"";"1"
"2025-04";"Ontario";"2016A000235";"Essence";"2002=100";"17";"unités";"0";"v41691994";"14.184";"193.0";"";"";"";"1"
"2025-05";"Ontario";"2016A000235";"Essence";"2002=100";"17";"unités";"0";"v41691994";"14.184";"198.0";"";"";"";"1"
"2025-06";"Ontario";"2016A000235";"Essence";"2002=100";"17";"unités";"0";"v41691994";"14.184";"197.6";"";"";"";"1"
"2025-07";"Ontario";"2016A000235";"Essence";"2002=100";"17";"unités";"0";"v41691994";"14.184";"196.4";"";"";"";"1"
"2025-08";"Ontario";"2016A000235";"Essence";"2002=100";"17";"unités";"0";"v41691994";"14.184";"197.5";"";"";"";"1"
"2025-09";"Ontario";"2016A000235";"Essence";"2002=100";"17";"unités";"0";"v41691994";"14.184";"202.1";"";"";"";"1"
"2025-10";"Ontario";"2016A000235";"Essence";"2002=100";"17";"unités";"0";"v41691994";"14.184";"193.2";"";"";"";"1"
"2025-11";"Ontario";"2016A000235";"Essence";"2002=100";"17";"unités";"0";"v41691994";"14.184";"199.5";"";"";"";"1"
"2025-12";"Ontario";"2016A000235";"Essence";"2002=100";"17";"unités";"0";"v41691994";"14.184";"183.9";"";"";"";"1"
"2026-01";"Ontario";"2016A000235";"Essence";"2002=100";"17";"unités";"0";"v41691994";"14.184";"185.5";"";"";"";"1"
"2026-02";"Ontario";"2016A000235";"Essence";"2002=100";"17";"unités";"0";"v41691994";"14.184";"192.6";"";"";"";"1"
"2026-03";"Ontario";"2016A000235";"Essence";"2002=100";"17";"unités";"0";"v41691994";"14.184";"234.9";"";"";"";"1"
"2026-04";"Ontario";"2016A000235";"Essence";"2002=100";"17";"unités";"0";"v41691994";"14.184";"256.8";"";"";"";"1"
"2026-05";"Ontario";"2016A000235";"Essence";"2002=100";"17";"unités";"0";"v41691994";"14.184";"272.0";"";"";"";"1"
"2026-06";"Ontario";"2016A000235";"Essence";"2002=100";"17";"unités";"0";"v41691994";"14.184";"241.5";"";"";"";"1"
"2026-07";"Ontario";"2016A000235";"Essence";"2002=100";"17";"unités";"0";"v41691994";"14.184";"251.0";"";"";"";"1"
"2026-08";"Ontario";"2016A000235";"Essence";"2002=100";"17";"unités";"0";"v41691994";"14.184";"246.9";"";"";"";"1"
"2016-01";"Ottawa-Gatineau, partie ontarienne, Ontario/Québec";"2011S050535505";"Ensemble";"2002=100";"17";"unités";"0";"v41692882";"15.2";"126.5";"";"";"";"1"
"2016-02";"Ottawa-Gatineau, partie ontarienne, Ontario/Québec";"2011S050535505";"Ensemble";"2002=100";"17";"unités";"0";"v41692882";"15.2";"126.8";"";"";"";"1"
"2016-03";"Ottawa-Gatineau, partie ontarienne, Ontario/Québec";"2011S050535505";"Ensemble";"2002=100";"17";"unités";"0";"v41692882";"15.2";"127.5";"";"";"";"1"
"2016-04";"Ottawa-Gatineau, partie ontarienne, Ontario/Québec";"2011S050535505";"Ensemble";"2002=100";"17";"unités";"0";"v41692882";"15.2";"128.1";"";"";"";"1"
"2016-05";"Ottawa-Gatineau, partie ontarienne, Ontario/Québec";"2011S050535505";"Ensemble";"2002=100";"17";"unités";"0";"v41692882";"15.2";"128.7";"";"";"";"1"
"2016-06";"Ottawa-Gatineau, partie ontarienne, Ontario/Québec";"2011S050535505";"Ensemble";"2002=100";"17";"unités";"0";"v41692882";"15.2";"128.8";"";"";"";"1"
"2016-07";"Ottawa-Gatineau, partie ontarienne, Ontario/Québec";"2011S050535505";"Ensemble";"2002=100";"17";"unités";"0";"v41692882";"15.2";"128.7";"";"";"";"1"
"2016-08";"Ottawa-Gatineau, partie ontarienne, Ontario/Québec";"2011S050535505";"Ensemble";"2002=100";"17";"unités";"0";"v41692882";"15.2";"128.2";"";"";"";"1"
"2016-09";"Ottawa-Gatineau, partie ontarienne, Ontario/Québec";"2011S050535505";"Ensemble";"2002=100";"17";"unités";"0";"v41692882";"15.2";"128.4";"";"";"";"1"
"2016-10";"Ottawa-Gatineau, partie ontarienne, Ontario/Québec";"2011S050535505";"Ensemble";"2002=100";"17";"unités";"0";"v41692882";"15.2";"128.8";"";"";"";"1"
"2016-11";"Ottawa-Gatineau, partie ontarienne, Ontario/Québec";"2011S050535505";"Ensemble";"2002=100";"17";"unités";"0";"v41692882";"15.2";"128.3";"";"";"";"1"
"2016-12";"Ottawa-Gatineau, partie ontarienne, Ontario/Québec";"2011S050535505";"Ensemble";"2002=100";"17";"unités";"0";"v41692882";"15.2";"128.1";"";"";"";"1"
"2017-01";"Ottawa-Gatineau, partie ontarienne, Ontario/Québec";"2011S050535505";"Ensemble";"2002=100";"17";"unités";"0";"v41692882";"15.2";"128.9";"";"";"";"1"
"2017-02";"Ottawa-Gatineau, partie ontarienne, Ontario/Québec";"2011S050535505";"Ensemble";"2002=100";"17";"unités";"0";"v41692882";"15.2";"129.3";"";"";"";"1"
"2017-03";"Ottawa-Gatineau, partie ontarienne, Ontario/Québec";"2011S050535505";"Ensemble";"2002=100";"17";"unités";"0";"v41692882";"15.2";"129.5";"";"";"";"1"
"2017-04";"Ottawa-Gatineau, partie ontarienne, Ontario/Québec";"2011S050535505";"Ensemble";"2002=100";"17";"unités";"0";"v41692882";"15.2";"130.2";"";"";"";"1"
"2017-05";"Ottawa-Gatineau, partie ontarienne, Ontario/Québec";"2011S050535505";"Ensemble";"2002=100";"17";"unités";"0";"v41692882";"15.2";"130.0";"";"";"";"1"
"2017-06";"Ottawa-Gatineau, partie ontarienne, Ontario/Québec";"2011S050535505";"Ensemble";"2002=100";"17";"unités";"0";"v41692882";"15.2";"130.1";"";"";"";"1"
"2017-07";"Ottawa-Gatineau, partie ontarienne, Ontario/Québec";"2011S050535505";"Ensemble";"2002=100";"17";"unités";"0";"v41692882";"15.2";"130.0";"";"";"";"1"
"2017-08";"Ottawa-Gatineau, partie ontarienne, Ontario/Québec";"2011S050535505";"Ensemble";"2002=100";"17";"unités";"0";"v41692882";"15.2";"129.9";"";"";"";"1"
"2017-09";"Ottawa-Gatineau, partie ontarienne, Ontario/Québec";"2011S050535505";"Ensemble";"2002=100";"17";"unités";"0";"v41692882";"15.2";"130.3";"";"";"";"1"
"2017-10";"Ottawa-Gatineau, partie ontarienne, Ontario/Québec";"2011S050535505";"Ensemble";"2002=100";"17";"unités";"0";"v41692882";"15.2";"130.3";"";"";"";"1"
"2017-11";"Ottawa-Gatineau, partie ontarienne, Ontario/Québec";"2011S050535505";"Ensemble";"2002=100";"17";"unités";"0";"v41692882";"15.2";"130.7";"";"";"";"1"
"2017-12";"Ottawa-Gatineau, partie ontarienne, Ontario/Québec";"2011S050535505";"Ensemble";"2002=100";"17";"unités";"0";"v41692882";"15.2";"130.1";"";"";"";"1"
"2018-01";"Ottawa-Gatineau, partie ontarienne, Ontario/Québec";"2011S050535505";"Ensemble";"2002=100";"17";"unités";"0";"v41692882";"15.2";"131.3";"";"";"";"1"
"2018-02";"Ottawa-Gatineau, partie ontarienne, Ontario/Québec";"2011S050535505";"Ensemble";"2002=100";"17";"unités";"0";"v41692882";"15.2";"132.1";"";"";"";"1"
"2018-03";"Ottawa-Gatineau, partie ontarienne, Ontario/Québec";"2011S050535505";"Ensemble";"2002=100";"17";"unités";"0";"v41692882";"15.2";"132.7";"";"";"";"1"
"2018-04";"Ottawa-Gatineau, partie ontarienne, Ontario/Québec";"2011S050535505";"Ensemble";"2002=100";"17";"unités";"0";"v41692882";"15.2";"133.0";"";"";"";"1"
"2018-05";"Ottawa-Gatineau, partie ontarienne, Ontario/Québec";"2011S050535505";"Ensemble";"2002=100";"17";"unités";"0";"v41692882";"15.2";"133.0";"";"";"";"1"
"2018-06";"Ottawa-Gatineau, partie ontarienne, Ontario/Québec";"2011S050535505";"Ensemble";"2002=100";"17";"unités";"0";"v41692882";"15.2";"133.4";"";"";"";"1"
"2018-07";"Ottawa-Gatineau, partie ontarienne, Ontario/Québec";"2011S050535505";"Ensemble";"2002=100";"17";"unités";"0";"v41692882";"15.2";"134.2";"";"";"";"1"
"2018-08";"Ottawa-Gatineau, partie ontarienne, Ontario/Québec";"2011S050535505";"Ensemble";"2002=100";"17";"unités";"0";"v41692882";"15.2";"134.1";"";"";"";"1"
"2018-09";"Ottawa-Gatineau, partie ontarienne, Ontario/Québec";"2011S050535505";"Ensemble";"2002=100";"17";"unités";"0";"v41692882";"15.2";"133.4";"";"";"";"1"
"2018-10";"Ottawa-Gatineau, partie ontarienne, Ontario/Québec";"2011S050535505";"Ensemble";"2002=100";"17";"unités";"0";"v41692882";"15.2";"133.8";"";"";"";"1"
"2018-11";"Ottawa-Gatineau, partie ontarienne, Ontario/Québec";"2011S050535505";"Ensemble";"2002=100";"17";"unités";"0";"v41692882";"15.2";"133.4";"";"";"";"1"
"2018-12";"Ottawa-Gatineau, partie ontarienne, Ontario/Québec";"2011S050535505";"Ensemble";"2002=100";"17";"unités";"0";"v41692882";"15.2";"133.4";"";"";"";"1"
"2019-01";"Ottawa-Gatineau, partie ontarienne, Ontario/Québec";"2011S050535505";"Ensemble";"2002=100";"17";"unités";"0";"v41692882";"15.2";"133.5";"";"";"";"1"
"2019-02";"Ottawa-Gatineau, partie ontarienne, Ontario/Québec";"2011S050535505";"Ensemble";"2002=100";"17";"unités";"0";"v41692882";"15.2";"134.3";"";"";"";"1"
"2019-03";"Ottawa-Gatineau, partie ontarienne, Ontario/Québec";"2011S050535505";"Ensemble";"2002=100";"17";"unités";"0";"v41692882";"15.2";"135.0";"";"";"";"1"
"2019-04";"Ottawa-Gatineau, partie ontarienne, Ontario/Québec";"2011S050535505";"Ensemble";"2002=100";"17";"unités";"0";"v41692882";"15.2";"135.2";"";"";"";"1"
"2019-05";"Ottawa-Gatineau, partie ontarienne, Ontario/Québec";"2011S050535505";"Ensemble";"2002=100";"17";"unités";"0";"v41692882";"15.2";"136.1";"";"";"";"1"
"2019-06";"Ottawa-Gatineau, partie ontarienne, Ontario/Québec";"2011S050535505";"Ensemble";"2002=100";"17";"unités";"0";"v41692882";"15.2";"136.0";"";"";"";"1"
"2019-07";"Ottawa-Gatineau, partie ontarienne, Ontario/Québec";"2011S050535505";"Ensemble";"2002=100";"17";"unités";"0";"v41692882";"15.2";"137.0";"";"";"";"1"
"2019-08";"Ottawa-Gatineau, partie ontarienne, Ontario/Québec";"2011S050535505";"Ensemble";"2002=100";"17";"unités";"0";"v41692882";"15.2";"136.9";"";"";"";"1"
"2019-09";"Ottawa-Gatineau, partie ontarienne, Ontario/Québec";"2011S050535505";"Ensemble";"2002=100";"17";"unités";"0";"v41692882";"15.2";"136.2";"";"";"";"1"
"2019-10";"Ottawa-Gatineau, partie ontarienne, Ontario/Québec";"2011S050535505";"Ensemble";"2002=100";"17";"unités";"0";"v41692882";"15.2";"136.5";"";"";"";"1"
"2019-11";"Ottawa-Gatineau, partie ontarienne, Ontario/Québec";"2011S050535505";"Ensemble";"2002=100";"17";"unités";"0";"v41692882";"15.2";"136.7";"";"";"";"1"
"2019-12";"Ottawa-Gatineau, partie ontarienne, Ontario/Québec";"2011S050535505";"Ensemble";"2002=100";"17";"unités";"0";"v41692882";"15.2";"137.0";"";"";"";"1"
"2020-01";"Ottawa-Gatineau, partie ontarienne, Ontario/Québec";"2011S050535505";"Ensemble";"2002=100";"17";"unités";"0";"v41692882";"15.2";"137.0";"";"";"";"1"
"2020-02";"Ottawa-Gatineau, partie ontarienne, Ontario/Québec";"2011S050535505";"Ensemble";"2002=100";"17";"unités";"0";"v41692882";"15.2";"137.7";"";"";"";"1"
"2020-03";"Ottawa-Gatineau, partie ontarienne, Ontario/Québec";"2011S050535505";"Ensemble";"2002=100";"17";"unités";"0";"v41692882";"15.2";"136.9";"";"";"";"1"
"2020-04";"Ottawa-Gatineau, partie ontarienne, Ontario/Québec";"2011S050535505";"Ensemble";"2002=100";"17";"unités";"0";"v41692882";"15.2";"136.3";"";"";"";"1"
"2020-05";"Ottawa-Gatineau, partie ontarienne, Ontario/Québec";"2011S050535505";"Ensemble";"2002=100";"17";"unités";"0";"v41692882";"15.2";"136.5";"";"";"";"1"
"2020-06";"Ottawa-Gatineau, partie ontarienne, Ontario/Québec";"2011S050535505";"Ensemble";"2002=100";"17";"unités";"0";"v41692882";"15.2";"137.6";"";"";"";"1"
"2020-07";"Ottawa-Gatineau, partie ontarienne, Ontario/Québec";"2011S050535505";"Ensemble";"2002=100";"17";"unités";"0";"v41692882";"15.2";"138.2";"";"";"";"1"
"2020-08";"Ottawa-Gatineau, partie ontarienne, Ontario/Québec";"2011S050535505";"Ensemble";"2002=100";"17";"unités";"0";"v41692882";"15.2";"138.1";"";"";"";"1"
"2020-09";"Ottawa-Gatineau, partie ontarienne, Ontario/Québec";"2011S050535505";"Ensemble";"2002=100";"17";"unités";"0";"v41692882";"15.2";"137.9";"";"";"";"1"
"2020-10";"Ottawa-Gatineau, partie ontarienne, Ontario/Québec";"2011S050535505";"Ensemble";"2002=100";"17";"unités";"0";"v41692882";"15.2";"138.8";"";"";"";"1"
"2020-11";"Ottawa-Gatineau, partie ontarienne, Ontario/Québec";"2011S050535505";"Ensemble";"2002=100";"17";"unités";"0";"v41692882";"15.2";"139.1";"";"";"";"1"
"2020-12";"Ottawa-Gatineau, partie ontarienne, Ontario/Québec";"2011S050535505";"Ensemble";"2002=100";"17";"unités";"0";"v41692882";"15.2";"138.9";"";"";"";"1"
"2021-01";"Ottawa-Gatineau, partie ontarienne, Ontario/Québec";"2011S050535505";"Ensemble";"2002=100";"17";"unités";"0";"v41692882";"15.2";"139.5";"";"";"";"1"
"2021-02";"Ottawa-Gatineau, partie ontarienne, Ontario/Québec";"2011S050535505";"Ensemble";"2002=100";"17";"unités";"0";"v41692882";"15.2";"140.2";"";"";"";"1"
"2021-03";"Ottawa-Gatineau, partie ontarienne, Ontario/Québec";"2011S050535505";"Ensemble";"2002=100";"17";"unités";"0";"v41692882";"15.2";"140.6";"";"";"";"1"
"2021-04";"Ottawa-Gatineau, partie ontarienne, Ontario/Québec";"2011S050535505";"Ensemble";"2002=100";"17";"unités";"0";"v41692882";"15.2";"141.9";"";"";"";"1"
"2021-05";"Ottawa-Gatineau, partie ontarienne, Ontario/Québec";"2011S050535505";"Ensemble";"2002=100";"17";"unités";"0";"v41692882";"15.2";"142.9";"";"";"";"1"
"2021-06";"Ottawa-Gatineau, partie ontarienne, Ontario/Québec";"2011S050535505";"Ensemble";"2002=100";"17";"unités";"0";"v41692882";"15.2";"143.3";"";"";"";"1"
"2021-07";"Ottawa-Gatineau, partie ontarienne, Ontario/Québec";"2011S050535505";"Ensemble";"2002=100";"17";"unités";"0";"v41692882";"15.2";"144.6";"";"";"";"1"
"2021-08";"Ottawa-Gatineau, partie ontarienne, Ontario/Québec";"2011S050535505";"Ensemble";"2002=100";"17";"unités";"0";"v41692882";"15.2";"144.7";"";"";"";"1"
"2021-09";"Ottawa-Gatineau, partie ontarienne, Ontario/Québec";"2011S050535505";"Ensemble";"2002=100";"17";"unités";"0";"v41692882";"15.2";"145.2";"";"";"";"1"
"2021-10";"Ottawa-Gatineau, partie ontarienne, Ontario/Québec";"2011S050535505";"Ensemble";"2002=100";"17";"unités";"0";"v41692882";"15.2";"146.5";"";"";"";"1"
"2021-11";"Ottawa-Gatineau, partie ontarienne, Ontario/Québec";"2011S050535505";"Ensemble";"2002=100";"17";"unités";"0";"v41692882";"15.2";"146.8";"";"";"";"1"
"2021-12";"Ottawa-Gatineau, partie ontarienne, Ontario/Québec";"2011S050535505";"Ensemble";"2002=100";"17";"unités";"0";"v41692882";"15.2";"146.4";"";"";"";"1"
"2022-01";"Ottawa-Gatineau, partie ontarienne, Ontario/Québec";"2011S050535505";"Ensemble";"2002=100";"17";"unités";"0";"v41692882";"15.2";"147.8";"";"";"";"1"
"2022-02";"Ottawa-Gatineau, partie ontarienne, Ontario/Québec";"2011S050535505";"Ensemble";"2002=100";"17";"unités";"0";"v41692882";"15.2";"149.0";"";"";"";"1"
"2022-03";"Ottawa-Gatineau, partie ontarienne, Ontario/Québec";"2011S050535505";"Ensemble";"2002=100";"17";"unités";"0";"v41692882";"15.2";"151.1";"";"";"";"1"
"2022-04";"Ottawa-Gatineau, partie ontarienne, Ontario/Québec";"2011S050535505";"Ensemble";"2002=100";"17";"unités";"0";"v41692882";"15.2";"151.6";"";"";"";"1"
"2022-05";"Ottawa-Gatineau, partie ontarienne, Ontario/Québec";"2011S050535505";"Ensemble";"2002=100";"17";"unités";"0";"v41692882";"15.2";"153.8";"";"";"";"1"
"2022-06";"Ottawa-Gatineau, partie ontarienne, Ontario/Québec";"2011S050535505";"Ensemble";"2002=100";"17";"unités";"0";"v41692882";"15.2";"154.3";"";"";"";"1"
"2022-07";"Ottawa-Gatineau, partie ontarienne, Ontario/Québec";"2011S050535505";"Ensemble";"2002=100";"17";"unités";"0";"v41692882";"15.2";"155.3";"";"";"";"1"
"2022-08";"Ottawa-Gatineau, partie ontarienne, Ontario/Québec";"2011S050535505";"Ensemble";"2002=100";"17";"unités";"0";"v41692882";"15.2";"155.2";"";"";"";"1"
"2022-09";"Ottawa-Gatineau, partie ontarienne, Ontario/Québec";"2011S050535505";"Ensemble";"2002=100";"17";"unités";"0";"v41692882";"15.2";"155.1";"";"";"";"1"
"2022-10";"Ottawa-Gatineau, partie ontarienne, Ontario/Québec";"2011S050535505";"Ensemble";"2002=100";"17";"unités";"0";"v41692882";"15.2";"156.3";"";"";"";"1"
"2022-11";"Ottawa-Gatineau, partie ontarienne, Ontario/Québec";"2011S050535505";"Ensemble";"2002=100";"17";"unités";"0";"v41692882";"15.2";"156.4";"";"";"";"1"
"2022-12";"Ottawa-Gatineau, partie ontarienne, Ontario/Québec";"2011S050535505";"Ensemble";"2002=100";"17";"unités";"0";"v41692882";"15.2";"155.7";"";"";"";"1"
"2023-01";"Ottawa-Gatineau, partie ontarienne, Ontario/Québec";"2011S050535505";"Ensemble";"2002=100";"17";"unités";"0";"v41692882";"15.2";"156.7";"";"";"";"1"
"2023-02";"Ottawa-Gatineau, partie ontarienne, Ontario/Québec";"2011S050535505";"Ensemble";"2002=100";"17";"unités";"0";"v41692882";"15.2";"157.1";"";"";"";"1"
"2023-03";"Ottawa-Gatineau, partie ontarienne, Ontario/Québec";"2011S050535505";"Ensemble";"2002=100";"17";"unités";"0";"v41692882";"15.2";"158.3";"";"";"";"1"
"2023-04";"Ottawa-Gatineau, partie ontarienne, Ontario/Québec";"2011S050535505";"Ensemble";"2002=100";"17";"unités";"0";"v41692882";"15.2";"158.7";"";"";"";"1"
"2023-05";"Ottawa-Gatineau, partie ontarienne, Ontario/Québec";"2011S050535505";"Ensemble";"2002=100";"17";"unités";"0";"v41692882";"15.2";"159.2";"";"";"";"1"
"2023-06";"Ottawa-Gatineau, partie ontarienne, Ontario/Québec";"2011S050535505";"Ensemble";"2002=100";"17";"unités";"0";"v41692882";"15.2";"159.2";"";"";"";"1"
"2023-07";"Ottawa-Gatineau, partie ontarienne, Ontario/Québec";"2011S050535505";"Ensemble";"2002=100";"17";"unités";"0";"v41692882";"15.2";"160.4";"";"";"";"1"
"2023-08";"Ottawa-Gatineau, partie ontarienne, Ontario/Québec";"2011S050535505";"Ensemble";"2002=100";"17";"unités";"0";"v41692882";"15.2";"160.2";"";"";"";"1"
"2023-09";"Ottawa-Gatineau, partie ontarienne, Ontario/Québec";"2011S050535505";"Ensemble";"2002=100";"17";"unités";"0";"v41692882";"15.2";"159.6";"";"";"";"1"
"2023-10";"Ottawa-Gatineau, partie ontarienne, Ontario/Québec";"2011S050535505";"Ensemble";"2002=100";"17";"unités";"0";"v41692882";"15.2";"160.3";"";"";"";"1"
"2023-11";"Ottawa-Gatineau, partie ontarienne, Ontario/Québec";"2011S050535505";"Ensemble";"2002=100";"17";"unités";"0";"v41692882";"15.2";"160.9";"";"";"";"1"
"2023-12";"Ottawa-Gatineau, partie ontarienne, Ontario/Québec";"2011S050535505";"Ensemble";"2002=100";"17";"unités";"0";"v41692882";"15.2";"159.8";"";"";"";"1"
"2024-01";"Ottawa-Gatineau, partie ontarienne, Ontario/Québec";"2011S050535505";"Ensemble";"2002=100";"17";"unités";"0";"v41692882";"15.2";"159.8";"";"";"";"1"
"2024-02";"Ottawa-Gatineau, partie ontarienne, Ontario/Québec";"2011S050535505";"Ensemble";"2002=100";"17";"unités";"0";"v41692882";"15.2";"160.0";"";"";"";"1"
"2024-03";"Ottawa-Gatineau, partie ontarienne, Ontario/Québec";"2011S050535505";"Ensemble";"2002=100";"17";"unités";"0";"v41692882";"15.2";"161.7";"";"";"";"1"
"2024-04";"Ottawa-Gatineau, partie ontarienne, Ontario/Québec";"2011S050535505";"Ensemble";"2002=100";"17";"unités";"0";"v41692882";"15.2";"162.6";"";"";"";"1"
"2024-05";"Ottawa-Gatineau, partie ontarienne, Ontario/Québec";"2011S050535505";"Ensemble";"2002=100";"17";"unités";"0";"v41692882";"15.2";"163.5";"";"";"";"1"
"2024-06";"Ottawa-Gatineau, partie ontarienne, Ontario/Québec";"2011S050535505";"Ensemble";"2002=100";"17";"unités";"0";"v41692882";"15.2";"163.5";"";"";"";"1"
"2024-07";"Ottawa-Gatineau, partie ontarienne, Ontario/Québec";"2011S050535505";"Ensemble";"2002=100";"17";"unités";"0";"v41692882";"15.2";"164.3";"";"";"";"1"
"2024-08";"Ottawa-Gatineau, partie ontarienne, Ontario/Québec";"2011S050535505";"Ensemble";"2002=100";"17";"unités";"0";"v41692882";"15.2";"164.0";"";"";"";"1"
"2024-09";"Ottawa-Gatineau, partie ontarienne, Ontario/Québec";"2011S050535505";"Ensemble";"2002=100";"17";"unités";"0";"v41692882";"15.2";"163.5";"";"";"";"1"
"2024-10";"Ottawa-Gatineau, partie ontarienne, Ontario/Québec";"2011S050535505";"Ensemble";"2002=100";"17";"unités";"0";"v41692882";"15.2";"163.7";"";"";"";"1"
"2024-11";"Ottawa-Gatineau, partie ontarienne, Ontario/Québec";"2011S050535505";"Ensemble";"2002=100";"17";"unités";"0";"v41692882";"15.2";"164.0";"";"";"";"1"
"2024-12";"Ottawa-Gatineau, partie ontarienne, Ontario/Québec";"2011S050535505";"Ensemble";"2002=100";"17";"unités";"0";"v41692882";"15.2";"162.7";"";"";"";"1"
"2025-01";"Ottawa-Gatineau, partie ontarienne, Ontario/Québec";"2011S050535505";"Ensemble";"2002=100";"17";"unités";"0";"v41692882";"15.2";"163.1";"";"";"";"1"
"2025-02";"Ottawa-Gatineau, partie ontarienne, Ontario/Québec";"2011S050535505";"Ensemble";"2002=100";"17";"unités";"0";"v41692882";"15.2";"165.0";"";"";"";"1"
"2025-03";"Ottawa-Gatineau, partie ontarienne, Ontario/Québec";"2011S050535505";"Ensemble";"2002=100";"17";"unités";"0";"v41692882";"15.2";"166.0";"";"";"";"1"
"2025-04";"Ottawa-Gatineau, partie ontarienne, Ontario/Québec";"2011S050535505";"Ensemble";"2002=100";"17";"unités";"0";"v41692882";"15.2";"165.8";"";"";"";"1"
"2025-05";"Ottawa-Gatineau, partie ontarienne, Ontario/Québec";"2011S050535505";"Ensemble";"2002=100";"17";"unités";"0";"v41692882";"15.2";"166.9";"";"";"";"1"
"2025-06";"Ottawa-Gatineau, partie ontarienne, Ontario/Québec";"2011S050535505";"Ensemble";"2002=100";"17";"unités";"0";"v41692882";"15.2";"166.8";"";"";"";"1"
"2025-07";"Ottawa-Gatineau, partie ontarienne, Ontario/Québec";"2011S050535505";"Ensemble";"2002=100";"17";"unités";"0";"v41692882";"15.2";"167.3";"";"";"";"1"
"2025-08";"Ottawa-Gatineau, partie ontarienne, Ontario/Québec";"2011S050535505";"Ensemble";"2002=100";"17";"unités";"0";"v41692882";"15.2";"166.8";"";"";"";"1"
"2025-09";"Ottawa-Gatineau, partie ontarienne, Ontario/Québec";"2011S050535505";"Ensemble";"2002=100";"17";"unités";"0";"v41692882";"15.2";"167.0";"";"";"";"1"
"2025-10";"Ottawa-Gatineau, partie ontarienne, Ontario/Québec";"2011S050535505";"Ensemble";"2002=100";"17";"unités";"0";"v41692882";"15.2";"167.0";"";"";"";"1"
"2025-11";"Ottawa-Gatineau, partie ontarienne, Ontario/Québec";"2011S050535505";"Ensemble";"2002=100";"17";"unités";"0";"v41692882";"15.2";"167.3";"";"";"";"1"
"2025-12";"Ottawa-Gatineau, partie ontarienne, Ontario/Québec";"2011S050535505";"Ensemble";"2002=100";"17";"unités";"0";"v41692882";"15.2";"166.9";"";"";"";"1"
"2026-01";"Ottawa-Gatineau, partie ontarienne, Ontario/Québec";"2011S050535505";"Ensemble";"2002=100";"17";"unités";"0";"v41692882";"15.2";"167.0";"";"";"";"1"
"2026-02";"Ottawa-Gatineau, partie ontarienne, Ontario/Québec";"2011S050535505";"Ensemble";"2002=100";"17";"unités";"0";"v41692882";"15.2";"168.1";"";"";"";"1"
"2026-03";"Ottawa-Gatineau, partie ontarienne, Ontario/Québec";"2011S050535505";"Ensemble";"2002=100";"17";"unités";"0";"v41692882";"15.2";"169.8";"";"";"";"1"
"2026-04";"Ottawa-Gatineau, partie ontarienne, Ontario/Québec";"2011S050535505";"Ensemble";"2002=100";"17";"unités";"0";"v41692882";"15.2";"170.4";"";"";"";"1"
"2026-05";"Ottawa-Gatineau, partie ontarienne, Ontario/Québec";"2011S050535505";"Ensemble";"2002=100";"17";"unités";"0";"v41692882";"15.2";"172.0";"";"";"";"1"
"2026-06";"Ottawa-Gatineau, partie ontarienne, Ontario/Québec";"2011S050535505";"Ensemble";"2002=100";"17";"unités";"0";"v41692882";"15.2";"171.4";"";"";"";"1"
"2026-07";"Ottawa-Gatineau, partie ontarienne, Ontario/Québec";"2011S050535505";"Ensemble";"2002=100";"17";"unités";"0";"v41692882";"15.2";"171.7";"";"";"";"1"
"2026-08";"Ottawa-Gatineau, partie ontarienne, Ontario/Québec";"2011S050535505";"Ensemble";"2002=100";"17";"unités";"0";"v41692882";"15.2";"171.6";"";"";"";"1"


